{
  "type": "FeatureCollection",
  "features": [
    {
      "type": "Feature",
      "id": "patch_66535_5703",
      "geometry": {
        "type": "Polygon",
        "coordinates": [
          [
            [
              66535,
              5703
            ],
            [
              68436,
              5703
            ],
            [
              68436,
              7604
            ],
            [
              66535,
              7604
            ],
            [
              66535,
              5703
            ]
          ]
        ]
      },
      "properties": {
        "objectType": "annotation",
        "classification": {
          "name": "background_h",
          "color": [
            0,
            0,
            255
          ]
        },
        "isLocked": false
      }
    },
    {
      "type": "Feature",
      "id": "patch_60832_7604",
      "geometry": {
        "type": "Polygon",
        "coordinates": [
          [
            [
              60832,
              7604
            ],
            [
              62733,
              7604
            ],
            [
              62733,
              9505
            ],
            [
              60832,
              9505
            ],
            [
              60832,
              7604
            ]
          ]
        ]
      },
      "properties": {
        "objectType": "annotation",
        "classification": {
          "name": "background_e",
          "color": [
            255,
            182,
            193
          ]
        },
        "isLocked": false
      }
    },
    {
      "type": "Feature",
      "id": "patch_62733_7604",
      "geometry": {
        "type": "Polygon",
        "coordinates": [
          [
            [
              62733,
              7604
            ],
            [
              64634,
              7604
            ],
            [
              64634,
              9505
            ],
            [
              62733,
              9505
            ],
            [
              62733,
              7604
            ]
          ]
        ]
      },
      "properties": {
        "objectType": "annotation",
        "classification": {
          "name": "background_e",
          "color": [
            255,
            182,
            193
          ]
        },
        "isLocked": false
      }
    },
    {
      "type": "Feature",
      "id": "patch_64634_7604",
      "geometry": {
        "type": "Polygon",
        "coordinates": [
          [
            [
              64634,
              7604
            ],
            [
              66535,
              7604
            ],
            [
              66535,
              9505
            ],
            [
              64634,
              9505
            ],
            [
              64634,
              7604
            ]
          ]
        ]
      },
      "properties": {
        "objectType": "annotation",
        "classification": {
          "name": "background_e",
          "color": [
            255,
            182,
            193
          ]
        },
        "isLocked": false
      }
    },
    {
      "type": "Feature",
      "id": "patch_66535_7604",
      "geometry": {
        "type": "Polygon",
        "coordinates": [
          [
            [
              66535,
              7604
            ],
            [
              68436,
              7604
            ],
            [
              68436,
              9505
            ],
            [
              66535,
              9505
            ],
            [
              66535,
              7604
            ]
          ]
        ]
      },
      "properties": {
        "objectType": "annotation",
        "classification": {
          "name": "background_e",
          "color": [
            255,
            182,
            193
          ]
        },
        "isLocked": false
      }
    },
    {
      "type": "Feature",
      "id": "patch_68436_7604",
      "geometry": {
        "type": "Polygon",
        "coordinates": [
          [
            [
              68436,
              7604
            ],
            [
              70337,
              7604
            ],
            [
              70337,
              9505
            ],
            [
              68436,
              9505
            ],
            [
              68436,
              7604
            ]
          ]
        ]
      },
      "properties": {
        "objectType": "annotation",
        "classification": {
          "name": "vessel_h",
          "color": [
            128,
            0,
            128
          ]
        },
        "isLocked": false
      }
    },
    {
      "type": "Feature",
      "id": "patch_70337_7604",
      "geometry": {
        "type": "Polygon",
        "coordinates": [
          [
            [
              70337,
              7604
            ],
            [
              72238,
              7604
            ],
            [
              72238,
              9505
            ],
            [
              70337,
              9505
            ],
            [
              70337,
              7604
            ]
          ]
        ]
      },
      "properties": {
        "objectType": "annotation",
        "classification": {
          "name": "vessel_h",
          "color": [
            128,
            0,
            128
          ]
        },
        "isLocked": false
      }
    },
    {
      "type": "Feature",
      "id": "patch_72238_7604",
      "geometry": {
        "type": "Polygon",
        "coordinates": [
          [
            [
              72238,
              7604
            ],
            [
              74139,
              7604
            ],
            [
              74139,
              9505
            ],
            [
              72238,
              9505
            ],
            [
              72238,
              7604
            ]
          ]
        ]
      },
      "properties": {
        "objectType": "annotation",
        "classification": {
          "name": "background_h",
          "color": [
            0,
            0,
            255
          ]
        },
        "isLocked": false
      }
    },
    {
      "type": "Feature",
      "id": "patch_57030_9505",
      "geometry": {
        "type": "Polygon",
        "coordinates": [
          [
            [
              57030,
              9505
            ],
            [
              58931,
              9505
            ],
            [
              58931,
              11406
            ],
            [
              57030,
              11406
            ],
            [
              57030,
              9505
            ]
          ]
        ]
      },
      "properties": {
        "objectType": "annotation",
        "classification": {
          "name": "vessel_h",
          "color": [
            128,
            0,
            128
          ]
        },
        "isLocked": false
      }
    },
    {
      "type": "Feature",
      "id": "patch_58931_9505",
      "geometry": {
        "type": "Polygon",
        "coordinates": [
          [
            [
              58931,
              9505
            ],
            [
              60832,
              9505
            ],
            [
              60832,
              11406
            ],
            [
              58931,
              11406
            ],
            [
              58931,
              9505
            ]
          ]
        ]
      },
      "properties": {
        "objectType": "annotation",
        "classification": {
          "name": "background_h",
          "color": [
            0,
            0,
            255
          ]
        },
        "isLocked": false
      }
    },
    {
      "type": "Feature",
      "id": "patch_60832_9505",
      "geometry": {
        "type": "Polygon",
        "coordinates": [
          [
            [
              60832,
              9505
            ],
            [
              62733,
              9505
            ],
            [
              62733,
              11406
            ],
            [
              60832,
              11406
            ],
            [
              60832,
              9505
            ]
          ]
        ]
      },
      "properties": {
        "objectType": "annotation",
        "classification": {
          "name": "background_e",
          "color": [
            255,
            182,
            193
          ]
        },
        "isLocked": false
      }
    },
    {
      "type": "Feature",
      "id": "patch_62733_9505",
      "geometry": {
        "type": "Polygon",
        "coordinates": [
          [
            [
              62733,
              9505
            ],
            [
              64634,
              9505
            ],
            [
              64634,
              11406
            ],
            [
              62733,
              11406
            ],
            [
              62733,
              9505
            ]
          ]
        ]
      },
      "properties": {
        "objectType": "annotation",
        "classification": {
          "name": "background_e",
          "color": [
            255,
            182,
            193
          ]
        },
        "isLocked": false
      }
    },
    {
      "type": "Feature",
      "id": "patch_64634_9505",
      "geometry": {
        "type": "Polygon",
        "coordinates": [
          [
            [
              64634,
              9505
            ],
            [
              66535,
              9505
            ],
            [
              66535,
              11406
            ],
            [
              64634,
              11406
            ],
            [
              64634,
              9505
            ]
          ]
        ]
      },
      "properties": {
        "objectType": "annotation",
        "classification": {
          "name": "background_e",
          "color": [
            255,
            182,
            193
          ]
        },
        "isLocked": false
      }
    },
    {
      "type": "Feature",
      "id": "patch_66535_9505",
      "geometry": {
        "type": "Polygon",
        "coordinates": [
          [
            [
              66535,
              9505
            ],
            [
              68436,
              9505
            ],
            [
              68436,
              11406
            ],
            [
              66535,
              11406
            ],
            [
              66535,
              9505
            ]
          ]
        ]
      },
      "properties": {
        "objectType": "annotation",
        "classification": {
          "name": "background_e",
          "color": [
            255,
            182,
            193
          ]
        },
        "isLocked": false
      }
    },
    {
      "type": "Feature",
      "id": "patch_68436_9505",
      "geometry": {
        "type": "Polygon",
        "coordinates": [
          [
            [
              68436,
              9505
            ],
            [
              70337,
              9505
            ],
            [
              70337,
              11406
            ],
            [
              68436,
              11406
            ],
            [
              68436,
              9505
            ]
          ]
        ]
      },
      "properties": {
        "objectType": "annotation",
        "classification": {
          "name": "background_h",
          "color": [
            0,
            0,
            255
          ]
        },
        "isLocked": false
      }
    },
    {
      "type": "Feature",
      "id": "patch_70337_9505",
      "geometry": {
        "type": "Polygon",
        "coordinates": [
          [
            [
              70337,
              9505
            ],
            [
              72238,
              9505
            ],
            [
              72238,
              11406
            ],
            [
              70337,
              11406
            ],
            [
              70337,
              9505
            ]
          ]
        ]
      },
      "properties": {
        "objectType": "annotation",
        "classification": {
          "name": "background_h",
          "color": [
            0,
            0,
            255
          ]
        },
        "isLocked": false
      }
    },
    {
      "type": "Feature",
      "id": "patch_72238_9505",
      "geometry": {
        "type": "Polygon",
        "coordinates": [
          [
            [
              72238,
              9505
            ],
            [
              74139,
              9505
            ],
            [
              74139,
              11406
            ],
            [
              72238,
              11406
            ],
            [
              72238,
              9505
            ]
          ]
        ]
      },
      "properties": {
        "objectType": "annotation",
        "classification": {
          "name": "vessel_h",
          "color": [
            128,
            0,
            128
          ]
        },
        "isLocked": false
      }
    },
    {
      "type": "Feature",
      "id": "patch_74139_9505",
      "geometry": {
        "type": "Polygon",
        "coordinates": [
          [
            [
              74139,
              9505
            ],
            [
              76040,
              9505
            ],
            [
              76040,
              11406
            ],
            [
              74139,
              11406
            ],
            [
              74139,
              9505
            ]
          ]
        ]
      },
      "properties": {
        "objectType": "annotation",
        "classification": {
          "name": "background_h",
          "color": [
            0,
            0,
            255
          ]
        },
        "isLocked": false
      }
    },
    {
      "type": "Feature",
      "id": "patch_76040_9505",
      "geometry": {
        "type": "Polygon",
        "coordinates": [
          [
            [
              76040,
              9505
            ],
            [
              77941,
              9505
            ],
            [
              77941,
              11406
            ],
            [
              76040,
              11406
            ],
            [
              76040,
              9505
            ]
          ]
        ]
      },
      "properties": {
        "objectType": "annotation",
        "classification": {
          "name": "background_h",
          "color": [
            0,
            0,
            255
          ]
        },
        "isLocked": false
      }
    },
    {
      "type": "Feature",
      "id": "patch_77941_9505",
      "geometry": {
        "type": "Polygon",
        "coordinates": [
          [
            [
              77941,
              9505
            ],
            [
              79842,
              9505
            ],
            [
              79842,
              11406
            ],
            [
              77941,
              11406
            ],
            [
              77941,
              9505
            ]
          ]
        ]
      },
      "properties": {
        "objectType": "annotation",
        "classification": {
          "name": "background_h",
          "color": [
            0,
            0,
            255
          ]
        },
        "isLocked": false
      }
    },
    {
      "type": "Feature",
      "id": "patch_79842_9505",
      "geometry": {
        "type": "Polygon",
        "coordinates": [
          [
            [
              79842,
              9505
            ],
            [
              81743,
              9505
            ],
            [
              81743,
              11406
            ],
            [
              79842,
              11406
            ],
            [
              79842,
              9505
            ]
          ]
        ]
      },
      "properties": {
        "objectType": "annotation",
        "classification": {
          "name": "background_h",
          "color": [
            0,
            0,
            255
          ]
        },
        "isLocked": false
      }
    },
    {
      "type": "Feature",
      "id": "patch_81743_9505",
      "geometry": {
        "type": "Polygon",
        "coordinates": [
          [
            [
              81743,
              9505
            ],
            [
              83644,
              9505
            ],
            [
              83644,
              11406
            ],
            [
              81743,
              11406
            ],
            [
              81743,
              9505
            ]
          ]
        ]
      },
      "properties": {
        "objectType": "annotation",
        "classification": {
          "name": "background_h",
          "color": [
            0,
            0,
            255
          ]
        },
        "isLocked": false
      }
    },
    {
      "type": "Feature",
      "id": "patch_51327_11406",
      "geometry": {
        "type": "Polygon",
        "coordinates": [
          [
            [
              51327,
              11406
            ],
            [
              53228,
              11406
            ],
            [
              53228,
              13307
            ],
            [
              51327,
              13307
            ],
            [
              51327,
              11406
            ]
          ]
        ]
      },
      "properties": {
        "objectType": "annotation",
        "classification": {
          "name": "background_h",
          "color": [
            0,
            0,
            255
          ]
        },
        "isLocked": false
      }
    },
    {
      "type": "Feature",
      "id": "patch_53228_11406",
      "geometry": {
        "type": "Polygon",
        "coordinates": [
          [
            [
              53228,
              11406
            ],
            [
              55129,
              11406
            ],
            [
              55129,
              13307
            ],
            [
              53228,
              13307
            ],
            [
              53228,
              11406
            ]
          ]
        ]
      },
      "properties": {
        "objectType": "annotation",
        "classification": {
          "name": "background_h",
          "color": [
            0,
            0,
            255
          ]
        },
        "isLocked": false
      }
    },
    {
      "type": "Feature",
      "id": "patch_55129_11406",
      "geometry": {
        "type": "Polygon",
        "coordinates": [
          [
            [
              55129,
              11406
            ],
            [
              57030,
              11406
            ],
            [
              57030,
              13307
            ],
            [
              55129,
              13307
            ],
            [
              55129,
              11406
            ]
          ]
        ]
      },
      "properties": {
        "objectType": "annotation",
        "classification": {
          "name": "vessel_h",
          "color": [
            128,
            0,
            128
          ]
        },
        "isLocked": false
      }
    },
    {
      "type": "Feature",
      "id": "patch_57030_11406",
      "geometry": {
        "type": "Polygon",
        "coordinates": [
          [
            [
              57030,
              11406
            ],
            [
              58931,
              11406
            ],
            [
              58931,
              13307
            ],
            [
              57030,
              13307
            ],
            [
              57030,
              11406
            ]
          ]
        ]
      },
      "properties": {
        "objectType": "annotation",
        "classification": {
          "name": "vessel_h",
          "color": [
            128,
            0,
            128
          ]
        },
        "isLocked": false
      }
    },
    {
      "type": "Feature",
      "id": "patch_58931_11406",
      "geometry": {
        "type": "Polygon",
        "coordinates": [
          [
            [
              58931,
              11406
            ],
            [
              60832,
              11406
            ],
            [
              60832,
              13307
            ],
            [
              58931,
              13307
            ],
            [
              58931,
              11406
            ]
          ]
        ]
      },
      "properties": {
        "objectType": "annotation",
        "classification": {
          "name": "vessel_h",
          "color": [
            128,
            0,
            128
          ]
        },
        "isLocked": false
      }
    },
    {
      "type": "Feature",
      "id": "patch_60832_11406",
      "geometry": {
        "type": "Polygon",
        "coordinates": [
          [
            [
              60832,
              11406
            ],
            [
              62733,
              11406
            ],
            [
              62733,
              13307
            ],
            [
              60832,
              13307
            ],
            [
              60832,
              11406
            ]
          ]
        ]
      },
      "properties": {
        "objectType": "annotation",
        "classification": {
          "name": "background_e",
          "color": [
            255,
            182,
            193
          ]
        },
        "isLocked": false
      }
    },
    {
      "type": "Feature",
      "id": "patch_62733_11406",
      "geometry": {
        "type": "Polygon",
        "coordinates": [
          [
            [
              62733,
              11406
            ],
            [
              64634,
              11406
            ],
            [
              64634,
              13307
            ],
            [
              62733,
              13307
            ],
            [
              62733,
              11406
            ]
          ]
        ]
      },
      "properties": {
        "objectType": "annotation",
        "classification": {
          "name": "background_e",
          "color": [
            255,
            182,
            193
          ]
        },
        "isLocked": false
      }
    },
    {
      "type": "Feature",
      "id": "patch_64634_11406",
      "geometry": {
        "type": "Polygon",
        "coordinates": [
          [
            [
              64634,
              11406
            ],
            [
              66535,
              11406
            ],
            [
              66535,
              13307
            ],
            [
              64634,
              13307
            ],
            [
              64634,
              11406
            ]
          ]
        ]
      },
      "properties": {
        "objectType": "annotation",
        "classification": {
          "name": "background_e",
          "color": [
            255,
            182,
            193
          ]
        },
        "isLocked": false
      }
    },
    {
      "type": "Feature",
      "id": "patch_66535_11406",
      "geometry": {
        "type": "Polygon",
        "coordinates": [
          [
            [
              66535,
              11406
            ],
            [
              68436,
              11406
            ],
            [
              68436,
              13307
            ],
            [
              66535,
              13307
            ],
            [
              66535,
              11406
            ]
          ]
        ]
      },
      "properties": {
        "objectType": "annotation",
        "classification": {
          "name": "background_e",
          "color": [
            255,
            182,
            193
          ]
        },
        "isLocked": false
      }
    },
    {
      "type": "Feature",
      "id": "patch_68436_11406",
      "geometry": {
        "type": "Polygon",
        "coordinates": [
          [
            [
              68436,
              11406
            ],
            [
              70337,
              11406
            ],
            [
              70337,
              13307
            ],
            [
              68436,
              13307
            ],
            [
              68436,
              11406
            ]
          ]
        ]
      },
      "properties": {
        "objectType": "annotation",
        "classification": {
          "name": "background_h",
          "color": [
            0,
            0,
            255
          ]
        },
        "isLocked": false
      }
    },
    {
      "type": "Feature",
      "id": "patch_70337_11406",
      "geometry": {
        "type": "Polygon",
        "coordinates": [
          [
            [
              70337,
              11406
            ],
            [
              72238,
              11406
            ],
            [
              72238,
              13307
            ],
            [
              70337,
              13307
            ],
            [
              70337,
              11406
            ]
          ]
        ]
      },
      "properties": {
        "objectType": "annotation",
        "classification": {
          "name": "vessel_h",
          "color": [
            128,
            0,
            128
          ]
        },
        "isLocked": false
      }
    },
    {
      "type": "Feature",
      "id": "patch_72238_11406",
      "geometry": {
        "type": "Polygon",
        "coordinates": [
          [
            [
              72238,
              11406
            ],
            [
              74139,
              11406
            ],
            [
              74139,
              13307
            ],
            [
              72238,
              13307
            ],
            [
              72238,
              11406
            ]
          ]
        ]
      },
      "properties": {
        "objectType": "annotation",
        "classification": {
          "name": "vessel_h",
          "color": [
            128,
            0,
            128
          ]
        },
        "isLocked": false
      }
    },
    {
      "type": "Feature",
      "id": "patch_74139_11406",
      "geometry": {
        "type": "Polygon",
        "coordinates": [
          [
            [
              74139,
              11406
            ],
            [
              76040,
              11406
            ],
            [
              76040,
              13307
            ],
            [
              74139,
              13307
            ],
            [
              74139,
              11406
            ]
          ]
        ]
      },
      "properties": {
        "objectType": "annotation",
        "classification": {
          "name": "background_h",
          "color": [
            0,
            0,
            255
          ]
        },
        "isLocked": false
      }
    },
    {
      "type": "Feature",
      "id": "patch_76040_11406",
      "geometry": {
        "type": "Polygon",
        "coordinates": [
          [
            [
              76040,
              11406
            ],
            [
              77941,
              11406
            ],
            [
              77941,
              13307
            ],
            [
              76040,
              13307
            ],
            [
              76040,
              11406
            ]
          ]
        ]
      },
      "properties": {
        "objectType": "annotation",
        "classification": {
          "name": "vessel_h",
          "color": [
            128,
            0,
            128
          ]
        },
        "isLocked": false
      }
    },
    {
      "type": "Feature",
      "id": "patch_77941_11406",
      "geometry": {
        "type": "Polygon",
        "coordinates": [
          [
            [
              77941,
              11406
            ],
            [
              79842,
              11406
            ],
            [
              79842,
              13307
            ],
            [
              77941,
              13307
            ],
            [
              77941,
              11406
            ]
          ]
        ]
      },
      "properties": {
        "objectType": "annotation",
        "classification": {
          "name": "background_h",
          "color": [
            0,
            0,
            255
          ]
        },
        "isLocked": false
      }
    },
    {
      "type": "Feature",
      "id": "patch_79842_11406",
      "geometry": {
        "type": "Polygon",
        "coordinates": [
          [
            [
              79842,
              11406
            ],
            [
              81743,
              11406
            ],
            [
              81743,
              13307
            ],
            [
              79842,
              13307
            ],
            [
              79842,
              11406
            ]
          ]
        ]
      },
      "properties": {
        "objectType": "annotation",
        "classification": {
          "name": "vessel_h",
          "color": [
            128,
            0,
            128
          ]
        },
        "isLocked": false
      }
    },
    {
      "type": "Feature",
      "id": "patch_81743_11406",
      "geometry": {
        "type": "Polygon",
        "coordinates": [
          [
            [
              81743,
              11406
            ],
            [
              83644,
              11406
            ],
            [
              83644,
              13307
            ],
            [
              81743,
              13307
            ],
            [
              81743,
              11406
            ]
          ]
        ]
      },
      "properties": {
        "objectType": "annotation",
        "classification": {
          "name": "vessel_h",
          "color": [
            128,
            0,
            128
          ]
        },
        "isLocked": false
      }
    },
    {
      "type": "Feature",
      "id": "patch_41822_13307",
      "geometry": {
        "type": "Polygon",
        "coordinates": [
          [
            [
              41822,
              13307
            ],
            [
              43723,
              13307
            ],
            [
              43723,
              15208
            ],
            [
              41822,
              15208
            ],
            [
              41822,
              13307
            ]
          ]
        ]
      },
      "properties": {
        "objectType": "annotation",
        "classification": {
          "name": "background_h",
          "color": [
            0,
            0,
            255
          ]
        },
        "isLocked": false
      }
    },
    {
      "type": "Feature",
      "id": "patch_43723_13307",
      "geometry": {
        "type": "Polygon",
        "coordinates": [
          [
            [
              43723,
              13307
            ],
            [
              45624,
              13307
            ],
            [
              45624,
              15208
            ],
            [
              43723,
              15208
            ],
            [
              43723,
              13307
            ]
          ]
        ]
      },
      "properties": {
        "objectType": "annotation",
        "classification": {
          "name": "vessel_h",
          "color": [
            128,
            0,
            128
          ]
        },
        "isLocked": false
      }
    },
    {
      "type": "Feature",
      "id": "patch_45624_13307",
      "geometry": {
        "type": "Polygon",
        "coordinates": [
          [
            [
              45624,
              13307
            ],
            [
              47525,
              13307
            ],
            [
              47525,
              15208
            ],
            [
              45624,
              15208
            ],
            [
              45624,
              13307
            ]
          ]
        ]
      },
      "properties": {
        "objectType": "annotation",
        "classification": {
          "name": "background_h",
          "color": [
            0,
            0,
            255
          ]
        },
        "isLocked": false
      }
    },
    {
      "type": "Feature",
      "id": "patch_47525_13307",
      "geometry": {
        "type": "Polygon",
        "coordinates": [
          [
            [
              47525,
              13307
            ],
            [
              49426,
              13307
            ],
            [
              49426,
              15208
            ],
            [
              47525,
              15208
            ],
            [
              47525,
              13307
            ]
          ]
        ]
      },
      "properties": {
        "objectType": "annotation",
        "classification": {
          "name": "vessel_h",
          "color": [
            128,
            0,
            128
          ]
        },
        "isLocked": false
      }
    },
    {
      "type": "Feature",
      "id": "patch_49426_13307",
      "geometry": {
        "type": "Polygon",
        "coordinates": [
          [
            [
              49426,
              13307
            ],
            [
              51327,
              13307
            ],
            [
              51327,
              15208
            ],
            [
              49426,
              15208
            ],
            [
              49426,
              13307
            ]
          ]
        ]
      },
      "properties": {
        "objectType": "annotation",
        "classification": {
          "name": "background_h",
          "color": [
            0,
            0,
            255
          ]
        },
        "isLocked": false
      }
    },
    {
      "type": "Feature",
      "id": "patch_51327_13307",
      "geometry": {
        "type": "Polygon",
        "coordinates": [
          [
            [
              51327,
              13307
            ],
            [
              53228,
              13307
            ],
            [
              53228,
              15208
            ],
            [
              51327,
              15208
            ],
            [
              51327,
              13307
            ]
          ]
        ]
      },
      "properties": {
        "objectType": "annotation",
        "classification": {
          "name": "background_h",
          "color": [
            0,
            0,
            255
          ]
        },
        "isLocked": false
      }
    },
    {
      "type": "Feature",
      "id": "patch_53228_13307",
      "geometry": {
        "type": "Polygon",
        "coordinates": [
          [
            [
              53228,
              13307
            ],
            [
              55129,
              13307
            ],
            [
              55129,
              15208
            ],
            [
              53228,
              15208
            ],
            [
              53228,
              13307
            ]
          ]
        ]
      },
      "properties": {
        "objectType": "annotation",
        "classification": {
          "name": "background_h",
          "color": [
            0,
            0,
            255
          ]
        },
        "isLocked": false
      }
    },
    {
      "type": "Feature",
      "id": "patch_55129_13307",
      "geometry": {
        "type": "Polygon",
        "coordinates": [
          [
            [
              55129,
              13307
            ],
            [
              57030,
              13307
            ],
            [
              57030,
              15208
            ],
            [
              55129,
              15208
            ],
            [
              55129,
              13307
            ]
          ]
        ]
      },
      "properties": {
        "objectType": "annotation",
        "classification": {
          "name": "vessel_h",
          "color": [
            128,
            0,
            128
          ]
        },
        "isLocked": false
      }
    },
    {
      "type": "Feature",
      "id": "patch_57030_13307",
      "geometry": {
        "type": "Polygon",
        "coordinates": [
          [
            [
              57030,
              13307
            ],
            [
              58931,
              13307
            ],
            [
              58931,
              15208
            ],
            [
              57030,
              15208
            ],
            [
              57030,
              13307
            ]
          ]
        ]
      },
      "properties": {
        "objectType": "annotation",
        "classification": {
          "name": "background_h",
          "color": [
            0,
            0,
            255
          ]
        },
        "isLocked": false
      }
    },
    {
      "type": "Feature",
      "id": "patch_58931_13307",
      "geometry": {
        "type": "Polygon",
        "coordinates": [
          [
            [
              58931,
              13307
            ],
            [
              60832,
              13307
            ],
            [
              60832,
              15208
            ],
            [
              58931,
              15208
            ],
            [
              58931,
              13307
            ]
          ]
        ]
      },
      "properties": {
        "objectType": "annotation",
        "classification": {
          "name": "background_h",
          "color": [
            0,
            0,
            255
          ]
        },
        "isLocked": false
      }
    },
    {
      "type": "Feature",
      "id": "patch_60832_13307",
      "geometry": {
        "type": "Polygon",
        "coordinates": [
          [
            [
              60832,
              13307
            ],
            [
              62733,
              13307
            ],
            [
              62733,
              15208
            ],
            [
              60832,
              15208
            ],
            [
              60832,
              13307
            ]
          ]
        ]
      },
      "properties": {
        "objectType": "annotation",
        "classification": {
          "name": "background_h",
          "color": [
            0,
            0,
            255
          ]
        },
        "isLocked": false
      }
    },
    {
      "type": "Feature",
      "id": "patch_62733_13307",
      "geometry": {
        "type": "Polygon",
        "coordinates": [
          [
            [
              62733,
              13307
            ],
            [
              64634,
              13307
            ],
            [
              64634,
              15208
            ],
            [
              62733,
              15208
            ],
            [
              62733,
              13307
            ]
          ]
        ]
      },
      "properties": {
        "objectType": "annotation",
        "classification": {
          "name": "background_h",
          "color": [
            0,
            0,
            255
          ]
        },
        "isLocked": false
      }
    },
    {
      "type": "Feature",
      "id": "patch_64634_13307",
      "geometry": {
        "type": "Polygon",
        "coordinates": [
          [
            [
              64634,
              13307
            ],
            [
              66535,
              13307
            ],
            [
              66535,
              15208
            ],
            [
              64634,
              15208
            ],
            [
              64634,
              13307
            ]
          ]
        ]
      },
      "properties": {
        "objectType": "annotation",
        "classification": {
          "name": "background_h",
          "color": [
            0,
            0,
            255
          ]
        },
        "isLocked": false
      }
    },
    {
      "type": "Feature",
      "id": "patch_66535_13307",
      "geometry": {
        "type": "Polygon",
        "coordinates": [
          [
            [
              66535,
              13307
            ],
            [
              68436,
              13307
            ],
            [
              68436,
              15208
            ],
            [
              66535,
              15208
            ],
            [
              66535,
              13307
            ]
          ]
        ]
      },
      "properties": {
        "objectType": "annotation",
        "classification": {
          "name": "vessel_h",
          "color": [
            128,
            0,
            128
          ]
        },
        "isLocked": false
      }
    },
    {
      "type": "Feature",
      "id": "patch_68436_13307",
      "geometry": {
        "type": "Polygon",
        "coordinates": [
          [
            [
              68436,
              13307
            ],
            [
              70337,
              13307
            ],
            [
              70337,
              15208
            ],
            [
              68436,
              15208
            ],
            [
              68436,
              13307
            ]
          ]
        ]
      },
      "properties": {
        "objectType": "annotation",
        "classification": {
          "name": "background_h",
          "color": [
            0,
            0,
            255
          ]
        },
        "isLocked": false
      }
    },
    {
      "type": "Feature",
      "id": "patch_70337_13307",
      "geometry": {
        "type": "Polygon",
        "coordinates": [
          [
            [
              70337,
              13307
            ],
            [
              72238,
              13307
            ],
            [
              72238,
              15208
            ],
            [
              70337,
              15208
            ],
            [
              70337,
              13307
            ]
          ]
        ]
      },
      "properties": {
        "objectType": "annotation",
        "classification": {
          "name": "background_h",
          "color": [
            0,
            0,
            255
          ]
        },
        "isLocked": false
      }
    },
    {
      "type": "Feature",
      "id": "patch_72238_13307",
      "geometry": {
        "type": "Polygon",
        "coordinates": [
          [
            [
              72238,
              13307
            ],
            [
              74139,
              13307
            ],
            [
              74139,
              15208
            ],
            [
              72238,
              15208
            ],
            [
              72238,
              13307
            ]
          ]
        ]
      },
      "properties": {
        "objectType": "annotation",
        "classification": {
          "name": "background_h",
          "color": [
            0,
            0,
            255
          ]
        },
        "isLocked": false
      }
    },
    {
      "type": "Feature",
      "id": "patch_74139_13307",
      "geometry": {
        "type": "Polygon",
        "coordinates": [
          [
            [
              74139,
              13307
            ],
            [
              76040,
              13307
            ],
            [
              76040,
              15208
            ],
            [
              74139,
              15208
            ],
            [
              74139,
              13307
            ]
          ]
        ]
      },
      "properties": {
        "objectType": "annotation",
        "classification": {
          "name": "background_h",
          "color": [
            0,
            0,
            255
          ]
        },
        "isLocked": false
      }
    },
    {
      "type": "Feature",
      "id": "patch_76040_13307",
      "geometry": {
        "type": "Polygon",
        "coordinates": [
          [
            [
              76040,
              13307
            ],
            [
              77941,
              13307
            ],
            [
              77941,
              15208
            ],
            [
              76040,
              15208
            ],
            [
              76040,
              13307
            ]
          ]
        ]
      },
      "properties": {
        "objectType": "annotation",
        "classification": {
          "name": "background_h",
          "color": [
            0,
            0,
            255
          ]
        },
        "isLocked": false
      }
    },
    {
      "type": "Feature",
      "id": "patch_77941_13307",
      "geometry": {
        "type": "Polygon",
        "coordinates": [
          [
            [
              77941,
              13307
            ],
            [
              79842,
              13307
            ],
            [
              79842,
              15208
            ],
            [
              77941,
              15208
            ],
            [
              77941,
              13307
            ]
          ]
        ]
      },
      "properties": {
        "objectType": "annotation",
        "classification": {
          "name": "background_h",
          "color": [
            0,
            0,
            255
          ]
        },
        "isLocked": false
      }
    },
    {
      "type": "Feature",
      "id": "patch_79842_13307",
      "geometry": {
        "type": "Polygon",
        "coordinates": [
          [
            [
              79842,
              13307
            ],
            [
              81743,
              13307
            ],
            [
              81743,
              15208
            ],
            [
              79842,
              15208
            ],
            [
              79842,
              13307
            ]
          ]
        ]
      },
      "properties": {
        "objectType": "annotation",
        "classification": {
          "name": "background_h",
          "color": [
            0,
            0,
            255
          ]
        },
        "isLocked": false
      }
    },
    {
      "type": "Feature",
      "id": "patch_81743_13307",
      "geometry": {
        "type": "Polygon",
        "coordinates": [
          [
            [
              81743,
              13307
            ],
            [
              83644,
              13307
            ],
            [
              83644,
              15208
            ],
            [
              81743,
              15208
            ],
            [
              81743,
              13307
            ]
          ]
        ]
      },
      "properties": {
        "objectType": "annotation",
        "classification": {
          "name": "vessel_h",
          "color": [
            128,
            0,
            128
          ]
        },
        "isLocked": false
      }
    },
    {
      "type": "Feature",
      "id": "patch_30416_15208",
      "geometry": {
        "type": "Polygon",
        "coordinates": [
          [
            [
              30416,
              15208
            ],
            [
              32317,
              15208
            ],
            [
              32317,
              17109
            ],
            [
              30416,
              17109
            ],
            [
              30416,
              15208
            ]
          ]
        ]
      },
      "properties": {
        "objectType": "annotation",
        "classification": {
          "name": "background_e",
          "color": [
            255,
            182,
            193
          ]
        },
        "isLocked": false
      }
    },
    {
      "type": "Feature",
      "id": "patch_32317_15208",
      "geometry": {
        "type": "Polygon",
        "coordinates": [
          [
            [
              32317,
              15208
            ],
            [
              34218,
              15208
            ],
            [
              34218,
              17109
            ],
            [
              32317,
              17109
            ],
            [
              32317,
              15208
            ]
          ]
        ]
      },
      "properties": {
        "objectType": "annotation",
        "classification": {
          "name": "background_e",
          "color": [
            255,
            182,
            193
          ]
        },
        "isLocked": false
      }
    },
    {
      "type": "Feature",
      "id": "patch_34218_15208",
      "geometry": {
        "type": "Polygon",
        "coordinates": [
          [
            [
              34218,
              15208
            ],
            [
              36119,
              15208
            ],
            [
              36119,
              17109
            ],
            [
              34218,
              17109
            ],
            [
              34218,
              15208
            ]
          ]
        ]
      },
      "properties": {
        "objectType": "annotation",
        "classification": {
          "name": "background_e",
          "color": [
            255,
            182,
            193
          ]
        },
        "isLocked": false
      }
    },
    {
      "type": "Feature",
      "id": "patch_36119_15208",
      "geometry": {
        "type": "Polygon",
        "coordinates": [
          [
            [
              36119,
              15208
            ],
            [
              38020,
              15208
            ],
            [
              38020,
              17109
            ],
            [
              36119,
              17109
            ],
            [
              36119,
              15208
            ]
          ]
        ]
      },
      "properties": {
        "objectType": "annotation",
        "classification": {
          "name": "background_e",
          "color": [
            255,
            182,
            193
          ]
        },
        "isLocked": false
      }
    },
    {
      "type": "Feature",
      "id": "patch_38020_15208",
      "geometry": {
        "type": "Polygon",
        "coordinates": [
          [
            [
              38020,
              15208
            ],
            [
              39921,
              15208
            ],
            [
              39921,
              17109
            ],
            [
              38020,
              17109
            ],
            [
              38020,
              15208
            ]
          ]
        ]
      },
      "properties": {
        "objectType": "annotation",
        "classification": {
          "name": "background_e",
          "color": [
            255,
            182,
            193
          ]
        },
        "isLocked": false
      }
    },
    {
      "type": "Feature",
      "id": "patch_39921_15208",
      "geometry": {
        "type": "Polygon",
        "coordinates": [
          [
            [
              39921,
              15208
            ],
            [
              41822,
              15208
            ],
            [
              41822,
              17109
            ],
            [
              39921,
              17109
            ],
            [
              39921,
              15208
            ]
          ]
        ]
      },
      "properties": {
        "objectType": "annotation",
        "classification": {
          "name": "vessel_h",
          "color": [
            128,
            0,
            128
          ]
        },
        "isLocked": false
      }
    },
    {
      "type": "Feature",
      "id": "patch_41822_15208",
      "geometry": {
        "type": "Polygon",
        "coordinates": [
          [
            [
              41822,
              15208
            ],
            [
              43723,
              15208
            ],
            [
              43723,
              17109
            ],
            [
              41822,
              17109
            ],
            [
              41822,
              15208
            ]
          ]
        ]
      },
      "properties": {
        "objectType": "annotation",
        "classification": {
          "name": "background_h",
          "color": [
            0,
            0,
            255
          ]
        },
        "isLocked": false
      }
    },
    {
      "type": "Feature",
      "id": "patch_43723_15208",
      "geometry": {
        "type": "Polygon",
        "coordinates": [
          [
            [
              43723,
              15208
            ],
            [
              45624,
              15208
            ],
            [
              45624,
              17109
            ],
            [
              43723,
              17109
            ],
            [
              43723,
              15208
            ]
          ]
        ]
      },
      "properties": {
        "objectType": "annotation",
        "classification": {
          "name": "vessel_h",
          "color": [
            128,
            0,
            128
          ]
        },
        "isLocked": false
      }
    },
    {
      "type": "Feature",
      "id": "patch_45624_15208",
      "geometry": {
        "type": "Polygon",
        "coordinates": [
          [
            [
              45624,
              15208
            ],
            [
              47525,
              15208
            ],
            [
              47525,
              17109
            ],
            [
              45624,
              17109
            ],
            [
              45624,
              15208
            ]
          ]
        ]
      },
      "properties": {
        "objectType": "annotation",
        "classification": {
          "name": "background_h",
          "color": [
            0,
            0,
            255
          ]
        },
        "isLocked": false
      }
    },
    {
      "type": "Feature",
      "id": "patch_47525_15208",
      "geometry": {
        "type": "Polygon",
        "coordinates": [
          [
            [
              47525,
              15208
            ],
            [
              49426,
              15208
            ],
            [
              49426,
              17109
            ],
            [
              47525,
              17109
            ],
            [
              47525,
              15208
            ]
          ]
        ]
      },
      "properties": {
        "objectType": "annotation",
        "classification": {
          "name": "vessel_h",
          "color": [
            128,
            0,
            128
          ]
        },
        "isLocked": false
      }
    },
    {
      "type": "Feature",
      "id": "patch_49426_15208",
      "geometry": {
        "type": "Polygon",
        "coordinates": [
          [
            [
              49426,
              15208
            ],
            [
              51327,
              15208
            ],
            [
              51327,
              17109
            ],
            [
              49426,
              17109
            ],
            [
              49426,
              15208
            ]
          ]
        ]
      },
      "properties": {
        "objectType": "annotation",
        "classification": {
          "name": "background_h",
          "color": [
            0,
            0,
            255
          ]
        },
        "isLocked": false
      }
    },
    {
      "type": "Feature",
      "id": "patch_51327_15208",
      "geometry": {
        "type": "Polygon",
        "coordinates": [
          [
            [
              51327,
              15208
            ],
            [
              53228,
              15208
            ],
            [
              53228,
              17109
            ],
            [
              51327,
              17109
            ],
            [
              51327,
              15208
            ]
          ]
        ]
      },
      "properties": {
        "objectType": "annotation",
        "classification": {
          "name": "vessel_h",
          "color": [
            128,
            0,
            128
          ]
        },
        "isLocked": false
      }
    },
    {
      "type": "Feature",
      "id": "patch_53228_15208",
      "geometry": {
        "type": "Polygon",
        "coordinates": [
          [
            [
              53228,
              15208
            ],
            [
              55129,
              15208
            ],
            [
              55129,
              17109
            ],
            [
              53228,
              17109
            ],
            [
              53228,
              15208
            ]
          ]
        ]
      },
      "properties": {
        "objectType": "annotation",
        "classification": {
          "name": "background_h",
          "color": [
            0,
            0,
            255
          ]
        },
        "isLocked": false
      }
    },
    {
      "type": "Feature",
      "id": "patch_55129_15208",
      "geometry": {
        "type": "Polygon",
        "coordinates": [
          [
            [
              55129,
              15208
            ],
            [
              57030,
              15208
            ],
            [
              57030,
              17109
            ],
            [
              55129,
              17109
            ],
            [
              55129,
              15208
            ]
          ]
        ]
      },
      "properties": {
        "objectType": "annotation",
        "classification": {
          "name": "background_h",
          "color": [
            0,
            0,
            255
          ]
        },
        "isLocked": false
      }
    },
    {
      "type": "Feature",
      "id": "patch_57030_15208",
      "geometry": {
        "type": "Polygon",
        "coordinates": [
          [
            [
              57030,
              15208
            ],
            [
              58931,
              15208
            ],
            [
              58931,
              17109
            ],
            [
              57030,
              17109
            ],
            [
              57030,
              15208
            ]
          ]
        ]
      },
      "properties": {
        "objectType": "annotation",
        "classification": {
          "name": "vessel_h",
          "color": [
            128,
            0,
            128
          ]
        },
        "isLocked": false
      }
    },
    {
      "type": "Feature",
      "id": "patch_58931_15208",
      "geometry": {
        "type": "Polygon",
        "coordinates": [
          [
            [
              58931,
              15208
            ],
            [
              60832,
              15208
            ],
            [
              60832,
              17109
            ],
            [
              58931,
              17109
            ],
            [
              58931,
              15208
            ]
          ]
        ]
      },
      "properties": {
        "objectType": "annotation",
        "classification": {
          "name": "background_h",
          "color": [
            0,
            0,
            255
          ]
        },
        "isLocked": false
      }
    },
    {
      "type": "Feature",
      "id": "patch_60832_15208",
      "geometry": {
        "type": "Polygon",
        "coordinates": [
          [
            [
              60832,
              15208
            ],
            [
              62733,
              15208
            ],
            [
              62733,
              17109
            ],
            [
              60832,
              17109
            ],
            [
              60832,
              15208
            ]
          ]
        ]
      },
      "properties": {
        "objectType": "annotation",
        "classification": {
          "name": "background_h",
          "color": [
            0,
            0,
            255
          ]
        },
        "isLocked": false
      }
    },
    {
      "type": "Feature",
      "id": "patch_62733_15208",
      "geometry": {
        "type": "Polygon",
        "coordinates": [
          [
            [
              62733,
              15208
            ],
            [
              64634,
              15208
            ],
            [
              64634,
              17109
            ],
            [
              62733,
              17109
            ],
            [
              62733,
              15208
            ]
          ]
        ]
      },
      "properties": {
        "objectType": "annotation",
        "classification": {
          "name": "background_h",
          "color": [
            0,
            0,
            255
          ]
        },
        "isLocked": false
      }
    },
    {
      "type": "Feature",
      "id": "patch_64634_15208",
      "geometry": {
        "type": "Polygon",
        "coordinates": [
          [
            [
              64634,
              15208
            ],
            [
              66535,
              15208
            ],
            [
              66535,
              17109
            ],
            [
              64634,
              17109
            ],
            [
              64634,
              15208
            ]
          ]
        ]
      },
      "properties": {
        "objectType": "annotation",
        "classification": {
          "name": "vessel_h",
          "color": [
            128,
            0,
            128
          ]
        },
        "isLocked": false
      }
    },
    {
      "type": "Feature",
      "id": "patch_66535_15208",
      "geometry": {
        "type": "Polygon",
        "coordinates": [
          [
            [
              66535,
              15208
            ],
            [
              68436,
              15208
            ],
            [
              68436,
              17109
            ],
            [
              66535,
              17109
            ],
            [
              66535,
              15208
            ]
          ]
        ]
      },
      "properties": {
        "objectType": "annotation",
        "classification": {
          "name": "background_h",
          "color": [
            0,
            0,
            255
          ]
        },
        "isLocked": false
      }
    },
    {
      "type": "Feature",
      "id": "patch_68436_15208",
      "geometry": {
        "type": "Polygon",
        "coordinates": [
          [
            [
              68436,
              15208
            ],
            [
              70337,
              15208
            ],
            [
              70337,
              17109
            ],
            [
              68436,
              17109
            ],
            [
              68436,
              15208
            ]
          ]
        ]
      },
      "properties": {
        "objectType": "annotation",
        "classification": {
          "name": "background_h",
          "color": [
            0,
            0,
            255
          ]
        },
        "isLocked": false
      }
    },
    {
      "type": "Feature",
      "id": "patch_70337_15208",
      "geometry": {
        "type": "Polygon",
        "coordinates": [
          [
            [
              70337,
              15208
            ],
            [
              72238,
              15208
            ],
            [
              72238,
              17109
            ],
            [
              70337,
              17109
            ],
            [
              70337,
              15208
            ]
          ]
        ]
      },
      "properties": {
        "objectType": "annotation",
        "classification": {
          "name": "background_h",
          "color": [
            0,
            0,
            255
          ]
        },
        "isLocked": false
      }
    },
    {
      "type": "Feature",
      "id": "patch_72238_15208",
      "geometry": {
        "type": "Polygon",
        "coordinates": [
          [
            [
              72238,
              15208
            ],
            [
              74139,
              15208
            ],
            [
              74139,
              17109
            ],
            [
              72238,
              17109
            ],
            [
              72238,
              15208
            ]
          ]
        ]
      },
      "properties": {
        "objectType": "annotation",
        "classification": {
          "name": "background_h",
          "color": [
            0,
            0,
            255
          ]
        },
        "isLocked": false
      }
    },
    {
      "type": "Feature",
      "id": "patch_74139_15208",
      "geometry": {
        "type": "Polygon",
        "coordinates": [
          [
            [
              74139,
              15208
            ],
            [
              76040,
              15208
            ],
            [
              76040,
              17109
            ],
            [
              74139,
              17109
            ],
            [
              74139,
              15208
            ]
          ]
        ]
      },
      "properties": {
        "objectType": "annotation",
        "classification": {
          "name": "background_h",
          "color": [
            0,
            0,
            255
          ]
        },
        "isLocked": false
      }
    },
    {
      "type": "Feature",
      "id": "patch_76040_15208",
      "geometry": {
        "type": "Polygon",
        "coordinates": [
          [
            [
              76040,
              15208
            ],
            [
              77941,
              15208
            ],
            [
              77941,
              17109
            ],
            [
              76040,
              17109
            ],
            [
              76040,
              15208
            ]
          ]
        ]
      },
      "properties": {
        "objectType": "annotation",
        "classification": {
          "name": "vessel_h",
          "color": [
            128,
            0,
            128
          ]
        },
        "isLocked": false
      }
    },
    {
      "type": "Feature",
      "id": "patch_77941_15208",
      "geometry": {
        "type": "Polygon",
        "coordinates": [
          [
            [
              77941,
              15208
            ],
            [
              79842,
              15208
            ],
            [
              79842,
              17109
            ],
            [
              77941,
              17109
            ],
            [
              77941,
              15208
            ]
          ]
        ]
      },
      "properties": {
        "objectType": "annotation",
        "classification": {
          "name": "background_h",
          "color": [
            0,
            0,
            255
          ]
        },
        "isLocked": false
      }
    },
    {
      "type": "Feature",
      "id": "patch_79842_15208",
      "geometry": {
        "type": "Polygon",
        "coordinates": [
          [
            [
              79842,
              15208
            ],
            [
              81743,
              15208
            ],
            [
              81743,
              17109
            ],
            [
              79842,
              17109
            ],
            [
              79842,
              15208
            ]
          ]
        ]
      },
      "properties": {
        "objectType": "annotation",
        "classification": {
          "name": "background_h",
          "color": [
            0,
            0,
            255
          ]
        },
        "isLocked": false
      }
    },
    {
      "type": "Feature",
      "id": "patch_81743_15208",
      "geometry": {
        "type": "Polygon",
        "coordinates": [
          [
            [
              81743,
              15208
            ],
            [
              83644,
              15208
            ],
            [
              83644,
              17109
            ],
            [
              81743,
              17109
            ],
            [
              81743,
              15208
            ]
          ]
        ]
      },
      "properties": {
        "objectType": "annotation",
        "classification": {
          "name": "vessel_h",
          "color": [
            128,
            0,
            128
          ]
        },
        "isLocked": false
      }
    },
    {
      "type": "Feature",
      "id": "patch_20911_17109",
      "geometry": {
        "type": "Polygon",
        "coordinates": [
          [
            [
              20911,
              17109
            ],
            [
              22812,
              17109
            ],
            [
              22812,
              19010
            ],
            [
              20911,
              19010
            ],
            [
              20911,
              17109
            ]
          ]
        ]
      },
      "properties": {
        "objectType": "annotation",
        "classification": {
          "name": "background_e",
          "color": [
            255,
            182,
            193
          ]
        },
        "isLocked": false
      }
    },
    {
      "type": "Feature",
      "id": "patch_22812_17109",
      "geometry": {
        "type": "Polygon",
        "coordinates": [
          [
            [
              22812,
              17109
            ],
            [
              24713,
              17109
            ],
            [
              24713,
              19010
            ],
            [
              22812,
              19010
            ],
            [
              22812,
              17109
            ]
          ]
        ]
      },
      "properties": {
        "objectType": "annotation",
        "classification": {
          "name": "background_e",
          "color": [
            255,
            182,
            193
          ]
        },
        "isLocked": false
      }
    },
    {
      "type": "Feature",
      "id": "patch_24713_17109",
      "geometry": {
        "type": "Polygon",
        "coordinates": [
          [
            [
              24713,
              17109
            ],
            [
              26614,
              17109
            ],
            [
              26614,
              19010
            ],
            [
              24713,
              19010
            ],
            [
              24713,
              17109
            ]
          ]
        ]
      },
      "properties": {
        "objectType": "annotation",
        "classification": {
          "name": "background_e",
          "color": [
            255,
            182,
            193
          ]
        },
        "isLocked": false
      }
    },
    {
      "type": "Feature",
      "id": "patch_26614_17109",
      "geometry": {
        "type": "Polygon",
        "coordinates": [
          [
            [
              26614,
              17109
            ],
            [
              28515,
              17109
            ],
            [
              28515,
              19010
            ],
            [
              26614,
              19010
            ],
            [
              26614,
              17109
            ]
          ]
        ]
      },
      "properties": {
        "objectType": "annotation",
        "classification": {
          "name": "background_e",
          "color": [
            255,
            182,
            193
          ]
        },
        "isLocked": false
      }
    },
    {
      "type": "Feature",
      "id": "patch_28515_17109",
      "geometry": {
        "type": "Polygon",
        "coordinates": [
          [
            [
              28515,
              17109
            ],
            [
              30416,
              17109
            ],
            [
              30416,
              19010
            ],
            [
              28515,
              19010
            ],
            [
              28515,
              17109
            ]
          ]
        ]
      },
      "properties": {
        "objectType": "annotation",
        "classification": {
          "name": "background_e",
          "color": [
            255,
            182,
            193
          ]
        },
        "isLocked": false
      }
    },
    {
      "type": "Feature",
      "id": "patch_30416_17109",
      "geometry": {
        "type": "Polygon",
        "coordinates": [
          [
            [
              30416,
              17109
            ],
            [
              32317,
              17109
            ],
            [
              32317,
              19010
            ],
            [
              30416,
              19010
            ],
            [
              30416,
              17109
            ]
          ]
        ]
      },
      "properties": {
        "objectType": "annotation",
        "classification": {
          "name": "background_e",
          "color": [
            255,
            182,
            193
          ]
        },
        "isLocked": false
      }
    },
    {
      "type": "Feature",
      "id": "patch_32317_17109",
      "geometry": {
        "type": "Polygon",
        "coordinates": [
          [
            [
              32317,
              17109
            ],
            [
              34218,
              17109
            ],
            [
              34218,
              19010
            ],
            [
              32317,
              19010
            ],
            [
              32317,
              17109
            ]
          ]
        ]
      },
      "properties": {
        "objectType": "annotation",
        "classification": {
          "name": "background_e",
          "color": [
            255,
            182,
            193
          ]
        },
        "isLocked": false
      }
    },
    {
      "type": "Feature",
      "id": "patch_34218_17109",
      "geometry": {
        "type": "Polygon",
        "coordinates": [
          [
            [
              34218,
              17109
            ],
            [
              36119,
              17109
            ],
            [
              36119,
              19010
            ],
            [
              34218,
              19010
            ],
            [
              34218,
              17109
            ]
          ]
        ]
      },
      "properties": {
        "objectType": "annotation",
        "classification": {
          "name": "background_e",
          "color": [
            255,
            182,
            193
          ]
        },
        "isLocked": false
      }
    },
    {
      "type": "Feature",
      "id": "patch_36119_17109",
      "geometry": {
        "type": "Polygon",
        "coordinates": [
          [
            [
              36119,
              17109
            ],
            [
              38020,
              17109
            ],
            [
              38020,
              19010
            ],
            [
              36119,
              19010
            ],
            [
              36119,
              17109
            ]
          ]
        ]
      },
      "properties": {
        "objectType": "annotation",
        "classification": {
          "name": "background_e",
          "color": [
            255,
            182,
            193
          ]
        },
        "isLocked": false
      }
    },
    {
      "type": "Feature",
      "id": "patch_38020_17109",
      "geometry": {
        "type": "Polygon",
        "coordinates": [
          [
            [
              38020,
              17109
            ],
            [
              39921,
              17109
            ],
            [
              39921,
              19010
            ],
            [
              38020,
              19010
            ],
            [
              38020,
              17109
            ]
          ]
        ]
      },
      "properties": {
        "objectType": "annotation",
        "classification": {
          "name": "background_e",
          "color": [
            255,
            182,
            193
          ]
        },
        "isLocked": false
      }
    },
    {
      "type": "Feature",
      "id": "patch_39921_17109",
      "geometry": {
        "type": "Polygon",
        "coordinates": [
          [
            [
              39921,
              17109
            ],
            [
              41822,
              17109
            ],
            [
              41822,
              19010
            ],
            [
              39921,
              19010
            ],
            [
              39921,
              17109
            ]
          ]
        ]
      },
      "properties": {
        "objectType": "annotation",
        "classification": {
          "name": "vessel_h",
          "color": [
            128,
            0,
            128
          ]
        },
        "isLocked": false
      }
    },
    {
      "type": "Feature",
      "id": "patch_41822_17109",
      "geometry": {
        "type": "Polygon",
        "coordinates": [
          [
            [
              41822,
              17109
            ],
            [
              43723,
              17109
            ],
            [
              43723,
              19010
            ],
            [
              41822,
              19010
            ],
            [
              41822,
              17109
            ]
          ]
        ]
      },
      "properties": {
        "objectType": "annotation",
        "classification": {
          "name": "vessel_h",
          "color": [
            128,
            0,
            128
          ]
        },
        "isLocked": false
      }
    },
    {
      "type": "Feature",
      "id": "patch_43723_17109",
      "geometry": {
        "type": "Polygon",
        "coordinates": [
          [
            [
              43723,
              17109
            ],
            [
              45624,
              17109
            ],
            [
              45624,
              19010
            ],
            [
              43723,
              19010
            ],
            [
              43723,
              17109
            ]
          ]
        ]
      },
      "properties": {
        "objectType": "annotation",
        "classification": {
          "name": "vessel_h",
          "color": [
            128,
            0,
            128
          ]
        },
        "isLocked": false
      }
    },
    {
      "type": "Feature",
      "id": "patch_45624_17109",
      "geometry": {
        "type": "Polygon",
        "coordinates": [
          [
            [
              45624,
              17109
            ],
            [
              47525,
              17109
            ],
            [
              47525,
              19010
            ],
            [
              45624,
              19010
            ],
            [
              45624,
              17109
            ]
          ]
        ]
      },
      "properties": {
        "objectType": "annotation",
        "classification": {
          "name": "vessel_h",
          "color": [
            128,
            0,
            128
          ]
        },
        "isLocked": false
      }
    },
    {
      "type": "Feature",
      "id": "patch_47525_17109",
      "geometry": {
        "type": "Polygon",
        "coordinates": [
          [
            [
              47525,
              17109
            ],
            [
              49426,
              17109
            ],
            [
              49426,
              19010
            ],
            [
              47525,
              19010
            ],
            [
              47525,
              17109
            ]
          ]
        ]
      },
      "properties": {
        "objectType": "annotation",
        "classification": {
          "name": "vessel_h",
          "color": [
            128,
            0,
            128
          ]
        },
        "isLocked": false
      }
    },
    {
      "type": "Feature",
      "id": "patch_49426_17109",
      "geometry": {
        "type": "Polygon",
        "coordinates": [
          [
            [
              49426,
              17109
            ],
            [
              51327,
              17109
            ],
            [
              51327,
              19010
            ],
            [
              49426,
              19010
            ],
            [
              49426,
              17109
            ]
          ]
        ]
      },
      "properties": {
        "objectType": "annotation",
        "classification": {
          "name": "background_h",
          "color": [
            0,
            0,
            255
          ]
        },
        "isLocked": false
      }
    },
    {
      "type": "Feature",
      "id": "patch_51327_17109",
      "geometry": {
        "type": "Polygon",
        "coordinates": [
          [
            [
              51327,
              17109
            ],
            [
              53228,
              17109
            ],
            [
              53228,
              19010
            ],
            [
              51327,
              19010
            ],
            [
              51327,
              17109
            ]
          ]
        ]
      },
      "properties": {
        "objectType": "annotation",
        "classification": {
          "name": "vessel_h",
          "color": [
            128,
            0,
            128
          ]
        },
        "isLocked": false
      }
    },
    {
      "type": "Feature",
      "id": "patch_53228_17109",
      "geometry": {
        "type": "Polygon",
        "coordinates": [
          [
            [
              53228,
              17109
            ],
            [
              55129,
              17109
            ],
            [
              55129,
              19010
            ],
            [
              53228,
              19010
            ],
            [
              53228,
              17109
            ]
          ]
        ]
      },
      "properties": {
        "objectType": "annotation",
        "classification": {
          "name": "vessel_h",
          "color": [
            128,
            0,
            128
          ]
        },
        "isLocked": false
      }
    },
    {
      "type": "Feature",
      "id": "patch_55129_17109",
      "geometry": {
        "type": "Polygon",
        "coordinates": [
          [
            [
              55129,
              17109
            ],
            [
              57030,
              17109
            ],
            [
              57030,
              19010
            ],
            [
              55129,
              19010
            ],
            [
              55129,
              17109
            ]
          ]
        ]
      },
      "properties": {
        "objectType": "annotation",
        "classification": {
          "name": "background_h",
          "color": [
            0,
            0,
            255
          ]
        },
        "isLocked": false
      }
    },
    {
      "type": "Feature",
      "id": "patch_57030_17109",
      "geometry": {
        "type": "Polygon",
        "coordinates": [
          [
            [
              57030,
              17109
            ],
            [
              58931,
              17109
            ],
            [
              58931,
              19010
            ],
            [
              57030,
              19010
            ],
            [
              57030,
              17109
            ]
          ]
        ]
      },
      "properties": {
        "objectType": "annotation",
        "classification": {
          "name": "vessel_h",
          "color": [
            128,
            0,
            128
          ]
        },
        "isLocked": false
      }
    },
    {
      "type": "Feature",
      "id": "patch_58931_17109",
      "geometry": {
        "type": "Polygon",
        "coordinates": [
          [
            [
              58931,
              17109
            ],
            [
              60832,
              17109
            ],
            [
              60832,
              19010
            ],
            [
              58931,
              19010
            ],
            [
              58931,
              17109
            ]
          ]
        ]
      },
      "properties": {
        "objectType": "annotation",
        "classification": {
          "name": "vessel_h",
          "color": [
            128,
            0,
            128
          ]
        },
        "isLocked": false
      }
    },
    {
      "type": "Feature",
      "id": "patch_60832_17109",
      "geometry": {
        "type": "Polygon",
        "coordinates": [
          [
            [
              60832,
              17109
            ],
            [
              62733,
              17109
            ],
            [
              62733,
              19010
            ],
            [
              60832,
              19010
            ],
            [
              60832,
              17109
            ]
          ]
        ]
      },
      "properties": {
        "objectType": "annotation",
        "classification": {
          "name": "background_h",
          "color": [
            0,
            0,
            255
          ]
        },
        "isLocked": false
      }
    },
    {
      "type": "Feature",
      "id": "patch_62733_17109",
      "geometry": {
        "type": "Polygon",
        "coordinates": [
          [
            [
              62733,
              17109
            ],
            [
              64634,
              17109
            ],
            [
              64634,
              19010
            ],
            [
              62733,
              19010
            ],
            [
              62733,
              17109
            ]
          ]
        ]
      },
      "properties": {
        "objectType": "annotation",
        "classification": {
          "name": "background_h",
          "color": [
            0,
            0,
            255
          ]
        },
        "isLocked": false
      }
    },
    {
      "type": "Feature",
      "id": "patch_64634_17109",
      "geometry": {
        "type": "Polygon",
        "coordinates": [
          [
            [
              64634,
              17109
            ],
            [
              66535,
              17109
            ],
            [
              66535,
              19010
            ],
            [
              64634,
              19010
            ],
            [
              64634,
              17109
            ]
          ]
        ]
      },
      "properties": {
        "objectType": "annotation",
        "classification": {
          "name": "background_h",
          "color": [
            0,
            0,
            255
          ]
        },
        "isLocked": false
      }
    },
    {
      "type": "Feature",
      "id": "patch_66535_17109",
      "geometry": {
        "type": "Polygon",
        "coordinates": [
          [
            [
              66535,
              17109
            ],
            [
              68436,
              17109
            ],
            [
              68436,
              19010
            ],
            [
              66535,
              19010
            ],
            [
              66535,
              17109
            ]
          ]
        ]
      },
      "properties": {
        "objectType": "annotation",
        "classification": {
          "name": "background_h",
          "color": [
            0,
            0,
            255
          ]
        },
        "isLocked": false
      }
    },
    {
      "type": "Feature",
      "id": "patch_68436_17109",
      "geometry": {
        "type": "Polygon",
        "coordinates": [
          [
            [
              68436,
              17109
            ],
            [
              70337,
              17109
            ],
            [
              70337,
              19010
            ],
            [
              68436,
              19010
            ],
            [
              68436,
              17109
            ]
          ]
        ]
      },
      "properties": {
        "objectType": "annotation",
        "classification": {
          "name": "background_h",
          "color": [
            0,
            0,
            255
          ]
        },
        "isLocked": false
      }
    },
    {
      "type": "Feature",
      "id": "patch_70337_17109",
      "geometry": {
        "type": "Polygon",
        "coordinates": [
          [
            [
              70337,
              17109
            ],
            [
              72238,
              17109
            ],
            [
              72238,
              19010
            ],
            [
              70337,
              19010
            ],
            [
              70337,
              17109
            ]
          ]
        ]
      },
      "properties": {
        "objectType": "annotation",
        "classification": {
          "name": "background_h",
          "color": [
            0,
            0,
            255
          ]
        },
        "isLocked": false
      }
    },
    {
      "type": "Feature",
      "id": "patch_72238_17109",
      "geometry": {
        "type": "Polygon",
        "coordinates": [
          [
            [
              72238,
              17109
            ],
            [
              74139,
              17109
            ],
            [
              74139,
              19010
            ],
            [
              72238,
              19010
            ],
            [
              72238,
              17109
            ]
          ]
        ]
      },
      "properties": {
        "objectType": "annotation",
        "classification": {
          "name": "background_h",
          "color": [
            0,
            0,
            255
          ]
        },
        "isLocked": false
      }
    },
    {
      "type": "Feature",
      "id": "patch_74139_17109",
      "geometry": {
        "type": "Polygon",
        "coordinates": [
          [
            [
              74139,
              17109
            ],
            [
              76040,
              17109
            ],
            [
              76040,
              19010
            ],
            [
              74139,
              19010
            ],
            [
              74139,
              17109
            ]
          ]
        ]
      },
      "properties": {
        "objectType": "annotation",
        "classification": {
          "name": "background_h",
          "color": [
            0,
            0,
            255
          ]
        },
        "isLocked": false
      }
    },
    {
      "type": "Feature",
      "id": "patch_76040_17109",
      "geometry": {
        "type": "Polygon",
        "coordinates": [
          [
            [
              76040,
              17109
            ],
            [
              77941,
              17109
            ],
            [
              77941,
              19010
            ],
            [
              76040,
              19010
            ],
            [
              76040,
              17109
            ]
          ]
        ]
      },
      "properties": {
        "objectType": "annotation",
        "classification": {
          "name": "background_h",
          "color": [
            0,
            0,
            255
          ]
        },
        "isLocked": false
      }
    },
    {
      "type": "Feature",
      "id": "patch_77941_17109",
      "geometry": {
        "type": "Polygon",
        "coordinates": [
          [
            [
              77941,
              17109
            ],
            [
              79842,
              17109
            ],
            [
              79842,
              19010
            ],
            [
              77941,
              19010
            ],
            [
              77941,
              17109
            ]
          ]
        ]
      },
      "properties": {
        "objectType": "annotation",
        "classification": {
          "name": "background_h",
          "color": [
            0,
            0,
            255
          ]
        },
        "isLocked": false
      }
    },
    {
      "type": "Feature",
      "id": "patch_79842_17109",
      "geometry": {
        "type": "Polygon",
        "coordinates": [
          [
            [
              79842,
              17109
            ],
            [
              81743,
              17109
            ],
            [
              81743,
              19010
            ],
            [
              79842,
              19010
            ],
            [
              79842,
              17109
            ]
          ]
        ]
      },
      "properties": {
        "objectType": "annotation",
        "classification": {
          "name": "background_h",
          "color": [
            0,
            0,
            255
          ]
        },
        "isLocked": false
      }
    },
    {
      "type": "Feature",
      "id": "patch_81743_17109",
      "geometry": {
        "type": "Polygon",
        "coordinates": [
          [
            [
              81743,
              17109
            ],
            [
              83644,
              17109
            ],
            [
              83644,
              19010
            ],
            [
              81743,
              19010
            ],
            [
              81743,
              17109
            ]
          ]
        ]
      },
      "properties": {
        "objectType": "annotation",
        "classification": {
          "name": "background_h",
          "color": [
            0,
            0,
            255
          ]
        },
        "isLocked": false
      }
    },
    {
      "type": "Feature",
      "id": "patch_13307_19010",
      "geometry": {
        "type": "Polygon",
        "coordinates": [
          [
            [
              13307,
              19010
            ],
            [
              15208,
              19010
            ],
            [
              15208,
              20911
            ],
            [
              13307,
              20911
            ],
            [
              13307,
              19010
            ]
          ]
        ]
      },
      "properties": {
        "objectType": "annotation",
        "classification": {
          "name": "background_e",
          "color": [
            255,
            182,
            193
          ]
        },
        "isLocked": false
      }
    },
    {
      "type": "Feature",
      "id": "patch_15208_19010",
      "geometry": {
        "type": "Polygon",
        "coordinates": [
          [
            [
              15208,
              19010
            ],
            [
              17109,
              19010
            ],
            [
              17109,
              20911
            ],
            [
              15208,
              20911
            ],
            [
              15208,
              19010
            ]
          ]
        ]
      },
      "properties": {
        "objectType": "annotation",
        "classification": {
          "name": "background_e",
          "color": [
            255,
            182,
            193
          ]
        },
        "isLocked": false
      }
    },
    {
      "type": "Feature",
      "id": "patch_17109_19010",
      "geometry": {
        "type": "Polygon",
        "coordinates": [
          [
            [
              17109,
              19010
            ],
            [
              19010,
              19010
            ],
            [
              19010,
              20911
            ],
            [
              17109,
              20911
            ],
            [
              17109,
              19010
            ]
          ]
        ]
      },
      "properties": {
        "objectType": "annotation",
        "classification": {
          "name": "background_e",
          "color": [
            255,
            182,
            193
          ]
        },
        "isLocked": false
      }
    },
    {
      "type": "Feature",
      "id": "patch_19010_19010",
      "geometry": {
        "type": "Polygon",
        "coordinates": [
          [
            [
              19010,
              19010
            ],
            [
              20911,
              19010
            ],
            [
              20911,
              20911
            ],
            [
              19010,
              20911
            ],
            [
              19010,
              19010
            ]
          ]
        ]
      },
      "properties": {
        "objectType": "annotation",
        "classification": {
          "name": "background_e",
          "color": [
            255,
            182,
            193
          ]
        },
        "isLocked": false
      }
    },
    {
      "type": "Feature",
      "id": "patch_20911_19010",
      "geometry": {
        "type": "Polygon",
        "coordinates": [
          [
            [
              20911,
              19010
            ],
            [
              22812,
              19010
            ],
            [
              22812,
              20911
            ],
            [
              20911,
              20911
            ],
            [
              20911,
              19010
            ]
          ]
        ]
      },
      "properties": {
        "objectType": "annotation",
        "classification": {
          "name": "background_e",
          "color": [
            255,
            182,
            193
          ]
        },
        "isLocked": false
      }
    },
    {
      "type": "Feature",
      "id": "patch_22812_19010",
      "geometry": {
        "type": "Polygon",
        "coordinates": [
          [
            [
              22812,
              19010
            ],
            [
              24713,
              19010
            ],
            [
              24713,
              20911
            ],
            [
              22812,
              20911
            ],
            [
              22812,
              19010
            ]
          ]
        ]
      },
      "properties": {
        "objectType": "annotation",
        "classification": {
          "name": "background_e",
          "color": [
            255,
            182,
            193
          ]
        },
        "isLocked": false
      }
    },
    {
      "type": "Feature",
      "id": "patch_24713_19010",
      "geometry": {
        "type": "Polygon",
        "coordinates": [
          [
            [
              24713,
              19010
            ],
            [
              26614,
              19010
            ],
            [
              26614,
              20911
            ],
            [
              24713,
              20911
            ],
            [
              24713,
              19010
            ]
          ]
        ]
      },
      "properties": {
        "objectType": "annotation",
        "classification": {
          "name": "background_e",
          "color": [
            255,
            182,
            193
          ]
        },
        "isLocked": false
      }
    },
    {
      "type": "Feature",
      "id": "patch_26614_19010",
      "geometry": {
        "type": "Polygon",
        "coordinates": [
          [
            [
              26614,
              19010
            ],
            [
              28515,
              19010
            ],
            [
              28515,
              20911
            ],
            [
              26614,
              20911
            ],
            [
              26614,
              19010
            ]
          ]
        ]
      },
      "properties": {
        "objectType": "annotation",
        "classification": {
          "name": "background_e",
          "color": [
            255,
            182,
            193
          ]
        },
        "isLocked": false
      }
    },
    {
      "type": "Feature",
      "id": "patch_28515_19010",
      "geometry": {
        "type": "Polygon",
        "coordinates": [
          [
            [
              28515,
              19010
            ],
            [
              30416,
              19010
            ],
            [
              30416,
              20911
            ],
            [
              28515,
              20911
            ],
            [
              28515,
              19010
            ]
          ]
        ]
      },
      "properties": {
        "objectType": "annotation",
        "classification": {
          "name": "background_e",
          "color": [
            255,
            182,
            193
          ]
        },
        "isLocked": false
      }
    },
    {
      "type": "Feature",
      "id": "patch_30416_19010",
      "geometry": {
        "type": "Polygon",
        "coordinates": [
          [
            [
              30416,
              19010
            ],
            [
              32317,
              19010
            ],
            [
              32317,
              20911
            ],
            [
              30416,
              20911
            ],
            [
              30416,
              19010
            ]
          ]
        ]
      },
      "properties": {
        "objectType": "annotation",
        "classification": {
          "name": "background_e",
          "color": [
            255,
            182,
            193
          ]
        },
        "isLocked": false
      }
    },
    {
      "type": "Feature",
      "id": "patch_32317_19010",
      "geometry": {
        "type": "Polygon",
        "coordinates": [
          [
            [
              32317,
              19010
            ],
            [
              34218,
              19010
            ],
            [
              34218,
              20911
            ],
            [
              32317,
              20911
            ],
            [
              32317,
              19010
            ]
          ]
        ]
      },
      "properties": {
        "objectType": "annotation",
        "classification": {
          "name": "background_e",
          "color": [
            255,
            182,
            193
          ]
        },
        "isLocked": false
      }
    },
    {
      "type": "Feature",
      "id": "patch_34218_19010",
      "geometry": {
        "type": "Polygon",
        "coordinates": [
          [
            [
              34218,
              19010
            ],
            [
              36119,
              19010
            ],
            [
              36119,
              20911
            ],
            [
              34218,
              20911
            ],
            [
              34218,
              19010
            ]
          ]
        ]
      },
      "properties": {
        "objectType": "annotation",
        "classification": {
          "name": "vessel_e",
          "color": [
            255,
            0,
            0
          ]
        },
        "isLocked": false
      }
    },
    {
      "type": "Feature",
      "id": "patch_36119_19010",
      "geometry": {
        "type": "Polygon",
        "coordinates": [
          [
            [
              36119,
              19010
            ],
            [
              38020,
              19010
            ],
            [
              38020,
              20911
            ],
            [
              36119,
              20911
            ],
            [
              36119,
              19010
            ]
          ]
        ]
      },
      "properties": {
        "objectType": "annotation",
        "classification": {
          "name": "background_e",
          "color": [
            255,
            182,
            193
          ]
        },
        "isLocked": false
      }
    },
    {
      "type": "Feature",
      "id": "patch_38020_19010",
      "geometry": {
        "type": "Polygon",
        "coordinates": [
          [
            [
              38020,
              19010
            ],
            [
              39921,
              19010
            ],
            [
              39921,
              20911
            ],
            [
              38020,
              20911
            ],
            [
              38020,
              19010
            ]
          ]
        ]
      },
      "properties": {
        "objectType": "annotation",
        "classification": {
          "name": "background_e",
          "color": [
            255,
            182,
            193
          ]
        },
        "isLocked": false
      }
    },
    {
      "type": "Feature",
      "id": "patch_39921_19010",
      "geometry": {
        "type": "Polygon",
        "coordinates": [
          [
            [
              39921,
              19010
            ],
            [
              41822,
              19010
            ],
            [
              41822,
              20911
            ],
            [
              39921,
              20911
            ],
            [
              39921,
              19010
            ]
          ]
        ]
      },
      "properties": {
        "objectType": "annotation",
        "classification": {
          "name": "background_h",
          "color": [
            0,
            0,
            255
          ]
        },
        "isLocked": false
      }
    },
    {
      "type": "Feature",
      "id": "patch_41822_19010",
      "geometry": {
        "type": "Polygon",
        "coordinates": [
          [
            [
              41822,
              19010
            ],
            [
              43723,
              19010
            ],
            [
              43723,
              20911
            ],
            [
              41822,
              20911
            ],
            [
              41822,
              19010
            ]
          ]
        ]
      },
      "properties": {
        "objectType": "annotation",
        "classification": {
          "name": "background_h",
          "color": [
            0,
            0,
            255
          ]
        },
        "isLocked": false
      }
    },
    {
      "type": "Feature",
      "id": "patch_43723_19010",
      "geometry": {
        "type": "Polygon",
        "coordinates": [
          [
            [
              43723,
              19010
            ],
            [
              45624,
              19010
            ],
            [
              45624,
              20911
            ],
            [
              43723,
              20911
            ],
            [
              43723,
              19010
            ]
          ]
        ]
      },
      "properties": {
        "objectType": "annotation",
        "classification": {
          "name": "vessel_h",
          "color": [
            128,
            0,
            128
          ]
        },
        "isLocked": false
      }
    },
    {
      "type": "Feature",
      "id": "patch_45624_19010",
      "geometry": {
        "type": "Polygon",
        "coordinates": [
          [
            [
              45624,
              19010
            ],
            [
              47525,
              19010
            ],
            [
              47525,
              20911
            ],
            [
              45624,
              20911
            ],
            [
              45624,
              19010
            ]
          ]
        ]
      },
      "properties": {
        "objectType": "annotation",
        "classification": {
          "name": "vessel_h",
          "color": [
            128,
            0,
            128
          ]
        },
        "isLocked": false
      }
    },
    {
      "type": "Feature",
      "id": "patch_47525_19010",
      "geometry": {
        "type": "Polygon",
        "coordinates": [
          [
            [
              47525,
              19010
            ],
            [
              49426,
              19010
            ],
            [
              49426,
              20911
            ],
            [
              47525,
              20911
            ],
            [
              47525,
              19010
            ]
          ]
        ]
      },
      "properties": {
        "objectType": "annotation",
        "classification": {
          "name": "vessel_h",
          "color": [
            128,
            0,
            128
          ]
        },
        "isLocked": false
      }
    },
    {
      "type": "Feature",
      "id": "patch_49426_19010",
      "geometry": {
        "type": "Polygon",
        "coordinates": [
          [
            [
              49426,
              19010
            ],
            [
              51327,
              19010
            ],
            [
              51327,
              20911
            ],
            [
              49426,
              20911
            ],
            [
              49426,
              19010
            ]
          ]
        ]
      },
      "properties": {
        "objectType": "annotation",
        "classification": {
          "name": "background_h",
          "color": [
            0,
            0,
            255
          ]
        },
        "isLocked": false
      }
    },
    {
      "type": "Feature",
      "id": "patch_51327_19010",
      "geometry": {
        "type": "Polygon",
        "coordinates": [
          [
            [
              51327,
              19010
            ],
            [
              53228,
              19010
            ],
            [
              53228,
              20911
            ],
            [
              51327,
              20911
            ],
            [
              51327,
              19010
            ]
          ]
        ]
      },
      "properties": {
        "objectType": "annotation",
        "classification": {
          "name": "vessel_h",
          "color": [
            128,
            0,
            128
          ]
        },
        "isLocked": false
      }
    },
    {
      "type": "Feature",
      "id": "patch_53228_19010",
      "geometry": {
        "type": "Polygon",
        "coordinates": [
          [
            [
              53228,
              19010
            ],
            [
              55129,
              19010
            ],
            [
              55129,
              20911
            ],
            [
              53228,
              20911
            ],
            [
              53228,
              19010
            ]
          ]
        ]
      },
      "properties": {
        "objectType": "annotation",
        "classification": {
          "name": "vessel_h",
          "color": [
            128,
            0,
            128
          ]
        },
        "isLocked": false
      }
    },
    {
      "type": "Feature",
      "id": "patch_55129_19010",
      "geometry": {
        "type": "Polygon",
        "coordinates": [
          [
            [
              55129,
              19010
            ],
            [
              57030,
              19010
            ],
            [
              57030,
              20911
            ],
            [
              55129,
              20911
            ],
            [
              55129,
              19010
            ]
          ]
        ]
      },
      "properties": {
        "objectType": "annotation",
        "classification": {
          "name": "vessel_h",
          "color": [
            128,
            0,
            128
          ]
        },
        "isLocked": false
      }
    },
    {
      "type": "Feature",
      "id": "patch_57030_19010",
      "geometry": {
        "type": "Polygon",
        "coordinates": [
          [
            [
              57030,
              19010
            ],
            [
              58931,
              19010
            ],
            [
              58931,
              20911
            ],
            [
              57030,
              20911
            ],
            [
              57030,
              19010
            ]
          ]
        ]
      },
      "properties": {
        "objectType": "annotation",
        "classification": {
          "name": "background_h",
          "color": [
            0,
            0,
            255
          ]
        },
        "isLocked": false
      }
    },
    {
      "type": "Feature",
      "id": "patch_58931_19010",
      "geometry": {
        "type": "Polygon",
        "coordinates": [
          [
            [
              58931,
              19010
            ],
            [
              60832,
              19010
            ],
            [
              60832,
              20911
            ],
            [
              58931,
              20911
            ],
            [
              58931,
              19010
            ]
          ]
        ]
      },
      "properties": {
        "objectType": "annotation",
        "classification": {
          "name": "vessel_h",
          "color": [
            128,
            0,
            128
          ]
        },
        "isLocked": false
      }
    },
    {
      "type": "Feature",
      "id": "patch_60832_19010",
      "geometry": {
        "type": "Polygon",
        "coordinates": [
          [
            [
              60832,
              19010
            ],
            [
              62733,
              19010
            ],
            [
              62733,
              20911
            ],
            [
              60832,
              20911
            ],
            [
              60832,
              19010
            ]
          ]
        ]
      },
      "properties": {
        "objectType": "annotation",
        "classification": {
          "name": "background_h",
          "color": [
            0,
            0,
            255
          ]
        },
        "isLocked": false
      }
    },
    {
      "type": "Feature",
      "id": "patch_62733_19010",
      "geometry": {
        "type": "Polygon",
        "coordinates": [
          [
            [
              62733,
              19010
            ],
            [
              64634,
              19010
            ],
            [
              64634,
              20911
            ],
            [
              62733,
              20911
            ],
            [
              62733,
              19010
            ]
          ]
        ]
      },
      "properties": {
        "objectType": "annotation",
        "classification": {
          "name": "background_h",
          "color": [
            0,
            0,
            255
          ]
        },
        "isLocked": false
      }
    },
    {
      "type": "Feature",
      "id": "patch_64634_19010",
      "geometry": {
        "type": "Polygon",
        "coordinates": [
          [
            [
              64634,
              19010
            ],
            [
              66535,
              19010
            ],
            [
              66535,
              20911
            ],
            [
              64634,
              20911
            ],
            [
              64634,
              19010
            ]
          ]
        ]
      },
      "properties": {
        "objectType": "annotation",
        "classification": {
          "name": "background_h",
          "color": [
            0,
            0,
            255
          ]
        },
        "isLocked": false
      }
    },
    {
      "type": "Feature",
      "id": "patch_66535_19010",
      "geometry": {
        "type": "Polygon",
        "coordinates": [
          [
            [
              66535,
              19010
            ],
            [
              68436,
              19010
            ],
            [
              68436,
              20911
            ],
            [
              66535,
              20911
            ],
            [
              66535,
              19010
            ]
          ]
        ]
      },
      "properties": {
        "objectType": "annotation",
        "classification": {
          "name": "background_h",
          "color": [
            0,
            0,
            255
          ]
        },
        "isLocked": false
      }
    },
    {
      "type": "Feature",
      "id": "patch_68436_19010",
      "geometry": {
        "type": "Polygon",
        "coordinates": [
          [
            [
              68436,
              19010
            ],
            [
              70337,
              19010
            ],
            [
              70337,
              20911
            ],
            [
              68436,
              20911
            ],
            [
              68436,
              19010
            ]
          ]
        ]
      },
      "properties": {
        "objectType": "annotation",
        "classification": {
          "name": "vessel_h",
          "color": [
            128,
            0,
            128
          ]
        },
        "isLocked": false
      }
    },
    {
      "type": "Feature",
      "id": "patch_70337_19010",
      "geometry": {
        "type": "Polygon",
        "coordinates": [
          [
            [
              70337,
              19010
            ],
            [
              72238,
              19010
            ],
            [
              72238,
              20911
            ],
            [
              70337,
              20911
            ],
            [
              70337,
              19010
            ]
          ]
        ]
      },
      "properties": {
        "objectType": "annotation",
        "classification": {
          "name": "background_h",
          "color": [
            0,
            0,
            255
          ]
        },
        "isLocked": false
      }
    },
    {
      "type": "Feature",
      "id": "patch_72238_19010",
      "geometry": {
        "type": "Polygon",
        "coordinates": [
          [
            [
              72238,
              19010
            ],
            [
              74139,
              19010
            ],
            [
              74139,
              20911
            ],
            [
              72238,
              20911
            ],
            [
              72238,
              19010
            ]
          ]
        ]
      },
      "properties": {
        "objectType": "annotation",
        "classification": {
          "name": "background_h",
          "color": [
            0,
            0,
            255
          ]
        },
        "isLocked": false
      }
    },
    {
      "type": "Feature",
      "id": "patch_74139_19010",
      "geometry": {
        "type": "Polygon",
        "coordinates": [
          [
            [
              74139,
              19010
            ],
            [
              76040,
              19010
            ],
            [
              76040,
              20911
            ],
            [
              74139,
              20911
            ],
            [
              74139,
              19010
            ]
          ]
        ]
      },
      "properties": {
        "objectType": "annotation",
        "classification": {
          "name": "background_h",
          "color": [
            0,
            0,
            255
          ]
        },
        "isLocked": false
      }
    },
    {
      "type": "Feature",
      "id": "patch_76040_19010",
      "geometry": {
        "type": "Polygon",
        "coordinates": [
          [
            [
              76040,
              19010
            ],
            [
              77941,
              19010
            ],
            [
              77941,
              20911
            ],
            [
              76040,
              20911
            ],
            [
              76040,
              19010
            ]
          ]
        ]
      },
      "properties": {
        "objectType": "annotation",
        "classification": {
          "name": "background_h",
          "color": [
            0,
            0,
            255
          ]
        },
        "isLocked": false
      }
    },
    {
      "type": "Feature",
      "id": "patch_77941_19010",
      "geometry": {
        "type": "Polygon",
        "coordinates": [
          [
            [
              77941,
              19010
            ],
            [
              79842,
              19010
            ],
            [
              79842,
              20911
            ],
            [
              77941,
              20911
            ],
            [
              77941,
              19010
            ]
          ]
        ]
      },
      "properties": {
        "objectType": "annotation",
        "classification": {
          "name": "background_h",
          "color": [
            0,
            0,
            255
          ]
        },
        "isLocked": false
      }
    },
    {
      "type": "Feature",
      "id": "patch_79842_19010",
      "geometry": {
        "type": "Polygon",
        "coordinates": [
          [
            [
              79842,
              19010
            ],
            [
              81743,
              19010
            ],
            [
              81743,
              20911
            ],
            [
              79842,
              20911
            ],
            [
              79842,
              19010
            ]
          ]
        ]
      },
      "properties": {
        "objectType": "annotation",
        "classification": {
          "name": "vessel_h",
          "color": [
            128,
            0,
            128
          ]
        },
        "isLocked": false
      }
    },
    {
      "type": "Feature",
      "id": "patch_81743_19010",
      "geometry": {
        "type": "Polygon",
        "coordinates": [
          [
            [
              81743,
              19010
            ],
            [
              83644,
              19010
            ],
            [
              83644,
              20911
            ],
            [
              81743,
              20911
            ],
            [
              81743,
              19010
            ]
          ]
        ]
      },
      "properties": {
        "objectType": "annotation",
        "classification": {
          "name": "background_h",
          "color": [
            0,
            0,
            255
          ]
        },
        "isLocked": false
      }
    },
    {
      "type": "Feature",
      "id": "patch_7604_20911",
      "geometry": {
        "type": "Polygon",
        "coordinates": [
          [
            [
              7604,
              20911
            ],
            [
              9505,
              20911
            ],
            [
              9505,
              22812
            ],
            [
              7604,
              22812
            ],
            [
              7604,
              20911
            ]
          ]
        ]
      },
      "properties": {
        "objectType": "annotation",
        "classification": {
          "name": "background_e",
          "color": [
            255,
            182,
            193
          ]
        },
        "isLocked": false
      }
    },
    {
      "type": "Feature",
      "id": "patch_9505_20911",
      "geometry": {
        "type": "Polygon",
        "coordinates": [
          [
            [
              9505,
              20911
            ],
            [
              11406,
              20911
            ],
            [
              11406,
              22812
            ],
            [
              9505,
              22812
            ],
            [
              9505,
              20911
            ]
          ]
        ]
      },
      "properties": {
        "objectType": "annotation",
        "classification": {
          "name": "background_e",
          "color": [
            255,
            182,
            193
          ]
        },
        "isLocked": false
      }
    },
    {
      "type": "Feature",
      "id": "patch_11406_20911",
      "geometry": {
        "type": "Polygon",
        "coordinates": [
          [
            [
              11406,
              20911
            ],
            [
              13307,
              20911
            ],
            [
              13307,
              22812
            ],
            [
              11406,
              22812
            ],
            [
              11406,
              20911
            ]
          ]
        ]
      },
      "properties": {
        "objectType": "annotation",
        "classification": {
          "name": "background_e",
          "color": [
            255,
            182,
            193
          ]
        },
        "isLocked": false
      }
    },
    {
      "type": "Feature",
      "id": "patch_13307_20911",
      "geometry": {
        "type": "Polygon",
        "coordinates": [
          [
            [
              13307,
              20911
            ],
            [
              15208,
              20911
            ],
            [
              15208,
              22812
            ],
            [
              13307,
              22812
            ],
            [
              13307,
              20911
            ]
          ]
        ]
      },
      "properties": {
        "objectType": "annotation",
        "classification": {
          "name": "background_e",
          "color": [
            255,
            182,
            193
          ]
        },
        "isLocked": false
      }
    },
    {
      "type": "Feature",
      "id": "patch_15208_20911",
      "geometry": {
        "type": "Polygon",
        "coordinates": [
          [
            [
              15208,
              20911
            ],
            [
              17109,
              20911
            ],
            [
              17109,
              22812
            ],
            [
              15208,
              22812
            ],
            [
              15208,
              20911
            ]
          ]
        ]
      },
      "properties": {
        "objectType": "annotation",
        "classification": {
          "name": "background_e",
          "color": [
            255,
            182,
            193
          ]
        },
        "isLocked": false
      }
    },
    {
      "type": "Feature",
      "id": "patch_17109_20911",
      "geometry": {
        "type": "Polygon",
        "coordinates": [
          [
            [
              17109,
              20911
            ],
            [
              19010,
              20911
            ],
            [
              19010,
              22812
            ],
            [
              17109,
              22812
            ],
            [
              17109,
              20911
            ]
          ]
        ]
      },
      "properties": {
        "objectType": "annotation",
        "classification": {
          "name": "background_e",
          "color": [
            255,
            182,
            193
          ]
        },
        "isLocked": false
      }
    },
    {
      "type": "Feature",
      "id": "patch_19010_20911",
      "geometry": {
        "type": "Polygon",
        "coordinates": [
          [
            [
              19010,
              20911
            ],
            [
              20911,
              20911
            ],
            [
              20911,
              22812
            ],
            [
              19010,
              22812
            ],
            [
              19010,
              20911
            ]
          ]
        ]
      },
      "properties": {
        "objectType": "annotation",
        "classification": {
          "name": "vessel_e",
          "color": [
            255,
            0,
            0
          ]
        },
        "isLocked": false
      }
    },
    {
      "type": "Feature",
      "id": "patch_20911_20911",
      "geometry": {
        "type": "Polygon",
        "coordinates": [
          [
            [
              20911,
              20911
            ],
            [
              22812,
              20911
            ],
            [
              22812,
              22812
            ],
            [
              20911,
              22812
            ],
            [
              20911,
              20911
            ]
          ]
        ]
      },
      "properties": {
        "objectType": "annotation",
        "classification": {
          "name": "background_e",
          "color": [
            255,
            182,
            193
          ]
        },
        "isLocked": false
      }
    },
    {
      "type": "Feature",
      "id": "patch_22812_20911",
      "geometry": {
        "type": "Polygon",
        "coordinates": [
          [
            [
              22812,
              20911
            ],
            [
              24713,
              20911
            ],
            [
              24713,
              22812
            ],
            [
              22812,
              22812
            ],
            [
              22812,
              20911
            ]
          ]
        ]
      },
      "properties": {
        "objectType": "annotation",
        "classification": {
          "name": "background_e",
          "color": [
            255,
            182,
            193
          ]
        },
        "isLocked": false
      }
    },
    {
      "type": "Feature",
      "id": "patch_24713_20911",
      "geometry": {
        "type": "Polygon",
        "coordinates": [
          [
            [
              24713,
              20911
            ],
            [
              26614,
              20911
            ],
            [
              26614,
              22812
            ],
            [
              24713,
              22812
            ],
            [
              24713,
              20911
            ]
          ]
        ]
      },
      "properties": {
        "objectType": "annotation",
        "classification": {
          "name": "background_e",
          "color": [
            255,
            182,
            193
          ]
        },
        "isLocked": false
      }
    },
    {
      "type": "Feature",
      "id": "patch_26614_20911",
      "geometry": {
        "type": "Polygon",
        "coordinates": [
          [
            [
              26614,
              20911
            ],
            [
              28515,
              20911
            ],
            [
              28515,
              22812
            ],
            [
              26614,
              22812
            ],
            [
              26614,
              20911
            ]
          ]
        ]
      },
      "properties": {
        "objectType": "annotation",
        "classification": {
          "name": "background_e",
          "color": [
            255,
            182,
            193
          ]
        },
        "isLocked": false
      }
    },
    {
      "type": "Feature",
      "id": "patch_28515_20911",
      "geometry": {
        "type": "Polygon",
        "coordinates": [
          [
            [
              28515,
              20911
            ],
            [
              30416,
              20911
            ],
            [
              30416,
              22812
            ],
            [
              28515,
              22812
            ],
            [
              28515,
              20911
            ]
          ]
        ]
      },
      "properties": {
        "objectType": "annotation",
        "classification": {
          "name": "background_e",
          "color": [
            255,
            182,
            193
          ]
        },
        "isLocked": false
      }
    },
    {
      "type": "Feature",
      "id": "patch_30416_20911",
      "geometry": {
        "type": "Polygon",
        "coordinates": [
          [
            [
              30416,
              20911
            ],
            [
              32317,
              20911
            ],
            [
              32317,
              22812
            ],
            [
              30416,
              22812
            ],
            [
              30416,
              20911
            ]
          ]
        ]
      },
      "properties": {
        "objectType": "annotation",
        "classification": {
          "name": "background_e",
          "color": [
            255,
            182,
            193
          ]
        },
        "isLocked": false
      }
    },
    {
      "type": "Feature",
      "id": "patch_32317_20911",
      "geometry": {
        "type": "Polygon",
        "coordinates": [
          [
            [
              32317,
              20911
            ],
            [
              34218,
              20911
            ],
            [
              34218,
              22812
            ],
            [
              32317,
              22812
            ],
            [
              32317,
              20911
            ]
          ]
        ]
      },
      "properties": {
        "objectType": "annotation",
        "classification": {
          "name": "background_e",
          "color": [
            255,
            182,
            193
          ]
        },
        "isLocked": false
      }
    },
    {
      "type": "Feature",
      "id": "patch_34218_20911",
      "geometry": {
        "type": "Polygon",
        "coordinates": [
          [
            [
              34218,
              20911
            ],
            [
              36119,
              20911
            ],
            [
              36119,
              22812
            ],
            [
              34218,
              22812
            ],
            [
              34218,
              20911
            ]
          ]
        ]
      },
      "properties": {
        "objectType": "annotation",
        "classification": {
          "name": "vessel_e",
          "color": [
            255,
            0,
            0
          ]
        },
        "isLocked": false
      }
    },
    {
      "type": "Feature",
      "id": "patch_36119_20911",
      "geometry": {
        "type": "Polygon",
        "coordinates": [
          [
            [
              36119,
              20911
            ],
            [
              38020,
              20911
            ],
            [
              38020,
              22812
            ],
            [
              36119,
              22812
            ],
            [
              36119,
              20911
            ]
          ]
        ]
      },
      "properties": {
        "objectType": "annotation",
        "classification": {
          "name": "background_e",
          "color": [
            255,
            182,
            193
          ]
        },
        "isLocked": false
      }
    },
    {
      "type": "Feature",
      "id": "patch_38020_20911",
      "geometry": {
        "type": "Polygon",
        "coordinates": [
          [
            [
              38020,
              20911
            ],
            [
              39921,
              20911
            ],
            [
              39921,
              22812
            ],
            [
              38020,
              22812
            ],
            [
              38020,
              20911
            ]
          ]
        ]
      },
      "properties": {
        "objectType": "annotation",
        "classification": {
          "name": "background_e",
          "color": [
            255,
            182,
            193
          ]
        },
        "isLocked": false
      }
    },
    {
      "type": "Feature",
      "id": "patch_39921_20911",
      "geometry": {
        "type": "Polygon",
        "coordinates": [
          [
            [
              39921,
              20911
            ],
            [
              41822,
              20911
            ],
            [
              41822,
              22812
            ],
            [
              39921,
              22812
            ],
            [
              39921,
              20911
            ]
          ]
        ]
      },
      "properties": {
        "objectType": "annotation",
        "classification": {
          "name": "vessel_h",
          "color": [
            128,
            0,
            128
          ]
        },
        "isLocked": false
      }
    },
    {
      "type": "Feature",
      "id": "patch_41822_20911",
      "geometry": {
        "type": "Polygon",
        "coordinates": [
          [
            [
              41822,
              20911
            ],
            [
              43723,
              20911
            ],
            [
              43723,
              22812
            ],
            [
              41822,
              22812
            ],
            [
              41822,
              20911
            ]
          ]
        ]
      },
      "properties": {
        "objectType": "annotation",
        "classification": {
          "name": "background_h",
          "color": [
            0,
            0,
            255
          ]
        },
        "isLocked": false
      }
    },
    {
      "type": "Feature",
      "id": "patch_43723_20911",
      "geometry": {
        "type": "Polygon",
        "coordinates": [
          [
            [
              43723,
              20911
            ],
            [
              45624,
              20911
            ],
            [
              45624,
              22812
            ],
            [
              43723,
              22812
            ],
            [
              43723,
              20911
            ]
          ]
        ]
      },
      "properties": {
        "objectType": "annotation",
        "classification": {
          "name": "background_h",
          "color": [
            0,
            0,
            255
          ]
        },
        "isLocked": false
      }
    },
    {
      "type": "Feature",
      "id": "patch_45624_20911",
      "geometry": {
        "type": "Polygon",
        "coordinates": [
          [
            [
              45624,
              20911
            ],
            [
              47525,
              20911
            ],
            [
              47525,
              22812
            ],
            [
              45624,
              22812
            ],
            [
              45624,
              20911
            ]
          ]
        ]
      },
      "properties": {
        "objectType": "annotation",
        "classification": {
          "name": "background_h",
          "color": [
            0,
            0,
            255
          ]
        },
        "isLocked": false
      }
    },
    {
      "type": "Feature",
      "id": "patch_47525_20911",
      "geometry": {
        "type": "Polygon",
        "coordinates": [
          [
            [
              47525,
              20911
            ],
            [
              49426,
              20911
            ],
            [
              49426,
              22812
            ],
            [
              47525,
              22812
            ],
            [
              47525,
              20911
            ]
          ]
        ]
      },
      "properties": {
        "objectType": "annotation",
        "classification": {
          "name": "vessel_h",
          "color": [
            128,
            0,
            128
          ]
        },
        "isLocked": false
      }
    },
    {
      "type": "Feature",
      "id": "patch_49426_20911",
      "geometry": {
        "type": "Polygon",
        "coordinates": [
          [
            [
              49426,
              20911
            ],
            [
              51327,
              20911
            ],
            [
              51327,
              22812
            ],
            [
              49426,
              22812
            ],
            [
              49426,
              20911
            ]
          ]
        ]
      },
      "properties": {
        "objectType": "annotation",
        "classification": {
          "name": "vessel_h",
          "color": [
            128,
            0,
            128
          ]
        },
        "isLocked": false
      }
    },
    {
      "type": "Feature",
      "id": "patch_51327_20911",
      "geometry": {
        "type": "Polygon",
        "coordinates": [
          [
            [
              51327,
              20911
            ],
            [
              53228,
              20911
            ],
            [
              53228,
              22812
            ],
            [
              51327,
              22812
            ],
            [
              51327,
              20911
            ]
          ]
        ]
      },
      "properties": {
        "objectType": "annotation",
        "classification": {
          "name": "vessel_h",
          "color": [
            128,
            0,
            128
          ]
        },
        "isLocked": false
      }
    },
    {
      "type": "Feature",
      "id": "patch_53228_20911",
      "geometry": {
        "type": "Polygon",
        "coordinates": [
          [
            [
              53228,
              20911
            ],
            [
              55129,
              20911
            ],
            [
              55129,
              22812
            ],
            [
              53228,
              22812
            ],
            [
              53228,
              20911
            ]
          ]
        ]
      },
      "properties": {
        "objectType": "annotation",
        "classification": {
          "name": "background_h",
          "color": [
            0,
            0,
            255
          ]
        },
        "isLocked": false
      }
    },
    {
      "type": "Feature",
      "id": "patch_55129_20911",
      "geometry": {
        "type": "Polygon",
        "coordinates": [
          [
            [
              55129,
              20911
            ],
            [
              57030,
              20911
            ],
            [
              57030,
              22812
            ],
            [
              55129,
              22812
            ],
            [
              55129,
              20911
            ]
          ]
        ]
      },
      "properties": {
        "objectType": "annotation",
        "classification": {
          "name": "background_h",
          "color": [
            0,
            0,
            255
          ]
        },
        "isLocked": false
      }
    },
    {
      "type": "Feature",
      "id": "patch_57030_20911",
      "geometry": {
        "type": "Polygon",
        "coordinates": [
          [
            [
              57030,
              20911
            ],
            [
              58931,
              20911
            ],
            [
              58931,
              22812
            ],
            [
              57030,
              22812
            ],
            [
              57030,
              20911
            ]
          ]
        ]
      },
      "properties": {
        "objectType": "annotation",
        "classification": {
          "name": "background_h",
          "color": [
            0,
            0,
            255
          ]
        },
        "isLocked": false
      }
    },
    {
      "type": "Feature",
      "id": "patch_58931_20911",
      "geometry": {
        "type": "Polygon",
        "coordinates": [
          [
            [
              58931,
              20911
            ],
            [
              60832,
              20911
            ],
            [
              60832,
              22812
            ],
            [
              58931,
              22812
            ],
            [
              58931,
              20911
            ]
          ]
        ]
      },
      "properties": {
        "objectType": "annotation",
        "classification": {
          "name": "vessel_h",
          "color": [
            128,
            0,
            128
          ]
        },
        "isLocked": false
      }
    },
    {
      "type": "Feature",
      "id": "patch_60832_20911",
      "geometry": {
        "type": "Polygon",
        "coordinates": [
          [
            [
              60832,
              20911
            ],
            [
              62733,
              20911
            ],
            [
              62733,
              22812
            ],
            [
              60832,
              22812
            ],
            [
              60832,
              20911
            ]
          ]
        ]
      },
      "properties": {
        "objectType": "annotation",
        "classification": {
          "name": "background_h",
          "color": [
            0,
            0,
            255
          ]
        },
        "isLocked": false
      }
    },
    {
      "type": "Feature",
      "id": "patch_62733_20911",
      "geometry": {
        "type": "Polygon",
        "coordinates": [
          [
            [
              62733,
              20911
            ],
            [
              64634,
              20911
            ],
            [
              64634,
              22812
            ],
            [
              62733,
              22812
            ],
            [
              62733,
              20911
            ]
          ]
        ]
      },
      "properties": {
        "objectType": "annotation",
        "classification": {
          "name": "vessel_h",
          "color": [
            128,
            0,
            128
          ]
        },
        "isLocked": false
      }
    },
    {
      "type": "Feature",
      "id": "patch_64634_20911",
      "geometry": {
        "type": "Polygon",
        "coordinates": [
          [
            [
              64634,
              20911
            ],
            [
              66535,
              20911
            ],
            [
              66535,
              22812
            ],
            [
              64634,
              22812
            ],
            [
              64634,
              20911
            ]
          ]
        ]
      },
      "properties": {
        "objectType": "annotation",
        "classification": {
          "name": "vessel_h",
          "color": [
            128,
            0,
            128
          ]
        },
        "isLocked": false
      }
    },
    {
      "type": "Feature",
      "id": "patch_66535_20911",
      "geometry": {
        "type": "Polygon",
        "coordinates": [
          [
            [
              66535,
              20911
            ],
            [
              68436,
              20911
            ],
            [
              68436,
              22812
            ],
            [
              66535,
              22812
            ],
            [
              66535,
              20911
            ]
          ]
        ]
      },
      "properties": {
        "objectType": "annotation",
        "classification": {
          "name": "vessel_h",
          "color": [
            128,
            0,
            128
          ]
        },
        "isLocked": false
      }
    },
    {
      "type": "Feature",
      "id": "patch_68436_20911",
      "geometry": {
        "type": "Polygon",
        "coordinates": [
          [
            [
              68436,
              20911
            ],
            [
              70337,
              20911
            ],
            [
              70337,
              22812
            ],
            [
              68436,
              22812
            ],
            [
              68436,
              20911
            ]
          ]
        ]
      },
      "properties": {
        "objectType": "annotation",
        "classification": {
          "name": "background_h",
          "color": [
            0,
            0,
            255
          ]
        },
        "isLocked": false
      }
    },
    {
      "type": "Feature",
      "id": "patch_70337_20911",
      "geometry": {
        "type": "Polygon",
        "coordinates": [
          [
            [
              70337,
              20911
            ],
            [
              72238,
              20911
            ],
            [
              72238,
              22812
            ],
            [
              70337,
              22812
            ],
            [
              70337,
              20911
            ]
          ]
        ]
      },
      "properties": {
        "objectType": "annotation",
        "classification": {
          "name": "vessel_h",
          "color": [
            128,
            0,
            128
          ]
        },
        "isLocked": false
      }
    },
    {
      "type": "Feature",
      "id": "patch_72238_20911",
      "geometry": {
        "type": "Polygon",
        "coordinates": [
          [
            [
              72238,
              20911
            ],
            [
              74139,
              20911
            ],
            [
              74139,
              22812
            ],
            [
              72238,
              22812
            ],
            [
              72238,
              20911
            ]
          ]
        ]
      },
      "properties": {
        "objectType": "annotation",
        "classification": {
          "name": "background_h",
          "color": [
            0,
            0,
            255
          ]
        },
        "isLocked": false
      }
    },
    {
      "type": "Feature",
      "id": "patch_74139_20911",
      "geometry": {
        "type": "Polygon",
        "coordinates": [
          [
            [
              74139,
              20911
            ],
            [
              76040,
              20911
            ],
            [
              76040,
              22812
            ],
            [
              74139,
              22812
            ],
            [
              74139,
              20911
            ]
          ]
        ]
      },
      "properties": {
        "objectType": "annotation",
        "classification": {
          "name": "background_h",
          "color": [
            0,
            0,
            255
          ]
        },
        "isLocked": false
      }
    },
    {
      "type": "Feature",
      "id": "patch_76040_20911",
      "geometry": {
        "type": "Polygon",
        "coordinates": [
          [
            [
              76040,
              20911
            ],
            [
              77941,
              20911
            ],
            [
              77941,
              22812
            ],
            [
              76040,
              22812
            ],
            [
              76040,
              20911
            ]
          ]
        ]
      },
      "properties": {
        "objectType": "annotation",
        "classification": {
          "name": "background_h",
          "color": [
            0,
            0,
            255
          ]
        },
        "isLocked": false
      }
    },
    {
      "type": "Feature",
      "id": "patch_77941_20911",
      "geometry": {
        "type": "Polygon",
        "coordinates": [
          [
            [
              77941,
              20911
            ],
            [
              79842,
              20911
            ],
            [
              79842,
              22812
            ],
            [
              77941,
              22812
            ],
            [
              77941,
              20911
            ]
          ]
        ]
      },
      "properties": {
        "objectType": "annotation",
        "classification": {
          "name": "background_h",
          "color": [
            0,
            0,
            255
          ]
        },
        "isLocked": false
      }
    },
    {
      "type": "Feature",
      "id": "patch_79842_20911",
      "geometry": {
        "type": "Polygon",
        "coordinates": [
          [
            [
              79842,
              20911
            ],
            [
              81743,
              20911
            ],
            [
              81743,
              22812
            ],
            [
              79842,
              22812
            ],
            [
              79842,
              20911
            ]
          ]
        ]
      },
      "properties": {
        "objectType": "annotation",
        "classification": {
          "name": "background_h",
          "color": [
            0,
            0,
            255
          ]
        },
        "isLocked": false
      }
    },
    {
      "type": "Feature",
      "id": "patch_81743_20911",
      "geometry": {
        "type": "Polygon",
        "coordinates": [
          [
            [
              81743,
              20911
            ],
            [
              83644,
              20911
            ],
            [
              83644,
              22812
            ],
            [
              81743,
              22812
            ],
            [
              81743,
              20911
            ]
          ]
        ]
      },
      "properties": {
        "objectType": "annotation",
        "classification": {
          "name": "vessel_h",
          "color": [
            128,
            0,
            128
          ]
        },
        "isLocked": false
      }
    },
    {
      "type": "Feature",
      "id": "patch_7604_22812",
      "geometry": {
        "type": "Polygon",
        "coordinates": [
          [
            [
              7604,
              22812
            ],
            [
              9505,
              22812
            ],
            [
              9505,
              24713
            ],
            [
              7604,
              24713
            ],
            [
              7604,
              22812
            ]
          ]
        ]
      },
      "properties": {
        "objectType": "annotation",
        "classification": {
          "name": "background_e",
          "color": [
            255,
            182,
            193
          ]
        },
        "isLocked": false
      }
    },
    {
      "type": "Feature",
      "id": "patch_9505_22812",
      "geometry": {
        "type": "Polygon",
        "coordinates": [
          [
            [
              9505,
              22812
            ],
            [
              11406,
              22812
            ],
            [
              11406,
              24713
            ],
            [
              9505,
              24713
            ],
            [
              9505,
              22812
            ]
          ]
        ]
      },
      "properties": {
        "objectType": "annotation",
        "classification": {
          "name": "background_e",
          "color": [
            255,
            182,
            193
          ]
        },
        "isLocked": false
      }
    },
    {
      "type": "Feature",
      "id": "patch_11406_22812",
      "geometry": {
        "type": "Polygon",
        "coordinates": [
          [
            [
              11406,
              22812
            ],
            [
              13307,
              22812
            ],
            [
              13307,
              24713
            ],
            [
              11406,
              24713
            ],
            [
              11406,
              22812
            ]
          ]
        ]
      },
      "properties": {
        "objectType": "annotation",
        "classification": {
          "name": "background_e",
          "color": [
            255,
            182,
            193
          ]
        },
        "isLocked": false
      }
    },
    {
      "type": "Feature",
      "id": "patch_13307_22812",
      "geometry": {
        "type": "Polygon",
        "coordinates": [
          [
            [
              13307,
              22812
            ],
            [
              15208,
              22812
            ],
            [
              15208,
              24713
            ],
            [
              13307,
              24713
            ],
            [
              13307,
              22812
            ]
          ]
        ]
      },
      "properties": {
        "objectType": "annotation",
        "classification": {
          "name": "background_e",
          "color": [
            255,
            182,
            193
          ]
        },
        "isLocked": false
      }
    },
    {
      "type": "Feature",
      "id": "patch_15208_22812",
      "geometry": {
        "type": "Polygon",
        "coordinates": [
          [
            [
              15208,
              22812
            ],
            [
              17109,
              22812
            ],
            [
              17109,
              24713
            ],
            [
              15208,
              24713
            ],
            [
              15208,
              22812
            ]
          ]
        ]
      },
      "properties": {
        "objectType": "annotation",
        "classification": {
          "name": "vessel_e",
          "color": [
            255,
            0,
            0
          ]
        },
        "isLocked": false
      }
    },
    {
      "type": "Feature",
      "id": "patch_17109_22812",
      "geometry": {
        "type": "Polygon",
        "coordinates": [
          [
            [
              17109,
              22812
            ],
            [
              19010,
              22812
            ],
            [
              19010,
              24713
            ],
            [
              17109,
              24713
            ],
            [
              17109,
              22812
            ]
          ]
        ]
      },
      "properties": {
        "objectType": "annotation",
        "classification": {
          "name": "background_e",
          "color": [
            255,
            182,
            193
          ]
        },
        "isLocked": false
      }
    },
    {
      "type": "Feature",
      "id": "patch_19010_22812",
      "geometry": {
        "type": "Polygon",
        "coordinates": [
          [
            [
              19010,
              22812
            ],
            [
              20911,
              22812
            ],
            [
              20911,
              24713
            ],
            [
              19010,
              24713
            ],
            [
              19010,
              22812
            ]
          ]
        ]
      },
      "properties": {
        "objectType": "annotation",
        "classification": {
          "name": "background_e",
          "color": [
            255,
            182,
            193
          ]
        },
        "isLocked": false
      }
    },
    {
      "type": "Feature",
      "id": "patch_20911_22812",
      "geometry": {
        "type": "Polygon",
        "coordinates": [
          [
            [
              20911,
              22812
            ],
            [
              22812,
              22812
            ],
            [
              22812,
              24713
            ],
            [
              20911,
              24713
            ],
            [
              20911,
              22812
            ]
          ]
        ]
      },
      "properties": {
        "objectType": "annotation",
        "classification": {
          "name": "background_e",
          "color": [
            255,
            182,
            193
          ]
        },
        "isLocked": false
      }
    },
    {
      "type": "Feature",
      "id": "patch_22812_22812",
      "geometry": {
        "type": "Polygon",
        "coordinates": [
          [
            [
              22812,
              22812
            ],
            [
              24713,
              22812
            ],
            [
              24713,
              24713
            ],
            [
              22812,
              24713
            ],
            [
              22812,
              22812
            ]
          ]
        ]
      },
      "properties": {
        "objectType": "annotation",
        "classification": {
          "name": "background_e",
          "color": [
            255,
            182,
            193
          ]
        },
        "isLocked": false
      }
    },
    {
      "type": "Feature",
      "id": "patch_24713_22812",
      "geometry": {
        "type": "Polygon",
        "coordinates": [
          [
            [
              24713,
              22812
            ],
            [
              26614,
              22812
            ],
            [
              26614,
              24713
            ],
            [
              24713,
              24713
            ],
            [
              24713,
              22812
            ]
          ]
        ]
      },
      "properties": {
        "objectType": "annotation",
        "classification": {
          "name": "vessel_e",
          "color": [
            255,
            0,
            0
          ]
        },
        "isLocked": false
      }
    },
    {
      "type": "Feature",
      "id": "patch_26614_22812",
      "geometry": {
        "type": "Polygon",
        "coordinates": [
          [
            [
              26614,
              22812
            ],
            [
              28515,
              22812
            ],
            [
              28515,
              24713
            ],
            [
              26614,
              24713
            ],
            [
              26614,
              22812
            ]
          ]
        ]
      },
      "properties": {
        "objectType": "annotation",
        "classification": {
          "name": "background_e",
          "color": [
            255,
            182,
            193
          ]
        },
        "isLocked": false
      }
    },
    {
      "type": "Feature",
      "id": "patch_28515_22812",
      "geometry": {
        "type": "Polygon",
        "coordinates": [
          [
            [
              28515,
              22812
            ],
            [
              30416,
              22812
            ],
            [
              30416,
              24713
            ],
            [
              28515,
              24713
            ],
            [
              28515,
              22812
            ]
          ]
        ]
      },
      "properties": {
        "objectType": "annotation",
        "classification": {
          "name": "background_e",
          "color": [
            255,
            182,
            193
          ]
        },
        "isLocked": false
      }
    },
    {
      "type": "Feature",
      "id": "patch_30416_22812",
      "geometry": {
        "type": "Polygon",
        "coordinates": [
          [
            [
              30416,
              22812
            ],
            [
              32317,
              22812
            ],
            [
              32317,
              24713
            ],
            [
              30416,
              24713
            ],
            [
              30416,
              22812
            ]
          ]
        ]
      },
      "properties": {
        "objectType": "annotation",
        "classification": {
          "name": "background_e",
          "color": [
            255,
            182,
            193
          ]
        },
        "isLocked": false
      }
    },
    {
      "type": "Feature",
      "id": "patch_32317_22812",
      "geometry": {
        "type": "Polygon",
        "coordinates": [
          [
            [
              32317,
              22812
            ],
            [
              34218,
              22812
            ],
            [
              34218,
              24713
            ],
            [
              32317,
              24713
            ],
            [
              32317,
              22812
            ]
          ]
        ]
      },
      "properties": {
        "objectType": "annotation",
        "classification": {
          "name": "background_e",
          "color": [
            255,
            182,
            193
          ]
        },
        "isLocked": false
      }
    },
    {
      "type": "Feature",
      "id": "patch_34218_22812",
      "geometry": {
        "type": "Polygon",
        "coordinates": [
          [
            [
              34218,
              22812
            ],
            [
              36119,
              22812
            ],
            [
              36119,
              24713
            ],
            [
              34218,
              24713
            ],
            [
              34218,
              22812
            ]
          ]
        ]
      },
      "properties": {
        "objectType": "annotation",
        "classification": {
          "name": "vessel_e",
          "color": [
            255,
            0,
            0
          ]
        },
        "isLocked": false
      }
    },
    {
      "type": "Feature",
      "id": "patch_36119_22812",
      "geometry": {
        "type": "Polygon",
        "coordinates": [
          [
            [
              36119,
              22812
            ],
            [
              38020,
              22812
            ],
            [
              38020,
              24713
            ],
            [
              36119,
              24713
            ],
            [
              36119,
              22812
            ]
          ]
        ]
      },
      "properties": {
        "objectType": "annotation",
        "classification": {
          "name": "background_e",
          "color": [
            255,
            182,
            193
          ]
        },
        "isLocked": false
      }
    },
    {
      "type": "Feature",
      "id": "patch_38020_22812",
      "geometry": {
        "type": "Polygon",
        "coordinates": [
          [
            [
              38020,
              22812
            ],
            [
              39921,
              22812
            ],
            [
              39921,
              24713
            ],
            [
              38020,
              24713
            ],
            [
              38020,
              22812
            ]
          ]
        ]
      },
      "properties": {
        "objectType": "annotation",
        "classification": {
          "name": "vessel_h",
          "color": [
            128,
            0,
            128
          ]
        },
        "isLocked": false
      }
    },
    {
      "type": "Feature",
      "id": "patch_39921_22812",
      "geometry": {
        "type": "Polygon",
        "coordinates": [
          [
            [
              39921,
              22812
            ],
            [
              41822,
              22812
            ],
            [
              41822,
              24713
            ],
            [
              39921,
              24713
            ],
            [
              39921,
              22812
            ]
          ]
        ]
      },
      "properties": {
        "objectType": "annotation",
        "classification": {
          "name": "vessel_h",
          "color": [
            128,
            0,
            128
          ]
        },
        "isLocked": false
      }
    },
    {
      "type": "Feature",
      "id": "patch_41822_22812",
      "geometry": {
        "type": "Polygon",
        "coordinates": [
          [
            [
              41822,
              22812
            ],
            [
              43723,
              22812
            ],
            [
              43723,
              24713
            ],
            [
              41822,
              24713
            ],
            [
              41822,
              22812
            ]
          ]
        ]
      },
      "properties": {
        "objectType": "annotation",
        "classification": {
          "name": "background_h",
          "color": [
            0,
            0,
            255
          ]
        },
        "isLocked": false
      }
    },
    {
      "type": "Feature",
      "id": "patch_43723_22812",
      "geometry": {
        "type": "Polygon",
        "coordinates": [
          [
            [
              43723,
              22812
            ],
            [
              45624,
              22812
            ],
            [
              45624,
              24713
            ],
            [
              43723,
              24713
            ],
            [
              43723,
              22812
            ]
          ]
        ]
      },
      "properties": {
        "objectType": "annotation",
        "classification": {
          "name": "vessel_h",
          "color": [
            128,
            0,
            128
          ]
        },
        "isLocked": false
      }
    },
    {
      "type": "Feature",
      "id": "patch_45624_22812",
      "geometry": {
        "type": "Polygon",
        "coordinates": [
          [
            [
              45624,
              22812
            ],
            [
              47525,
              22812
            ],
            [
              47525,
              24713
            ],
            [
              45624,
              24713
            ],
            [
              45624,
              22812
            ]
          ]
        ]
      },
      "properties": {
        "objectType": "annotation",
        "classification": {
          "name": "background_h",
          "color": [
            0,
            0,
            255
          ]
        },
        "isLocked": false
      }
    },
    {
      "type": "Feature",
      "id": "patch_47525_22812",
      "geometry": {
        "type": "Polygon",
        "coordinates": [
          [
            [
              47525,
              22812
            ],
            [
              49426,
              22812
            ],
            [
              49426,
              24713
            ],
            [
              47525,
              24713
            ],
            [
              47525,
              22812
            ]
          ]
        ]
      },
      "properties": {
        "objectType": "annotation",
        "classification": {
          "name": "vessel_h",
          "color": [
            128,
            0,
            128
          ]
        },
        "isLocked": false
      }
    },
    {
      "type": "Feature",
      "id": "patch_49426_22812",
      "geometry": {
        "type": "Polygon",
        "coordinates": [
          [
            [
              49426,
              22812
            ],
            [
              51327,
              22812
            ],
            [
              51327,
              24713
            ],
            [
              49426,
              24713
            ],
            [
              49426,
              22812
            ]
          ]
        ]
      },
      "properties": {
        "objectType": "annotation",
        "classification": {
          "name": "vessel_h",
          "color": [
            128,
            0,
            128
          ]
        },
        "isLocked": false
      }
    },
    {
      "type": "Feature",
      "id": "patch_51327_22812",
      "geometry": {
        "type": "Polygon",
        "coordinates": [
          [
            [
              51327,
              22812
            ],
            [
              53228,
              22812
            ],
            [
              53228,
              24713
            ],
            [
              51327,
              24713
            ],
            [
              51327,
              22812
            ]
          ]
        ]
      },
      "properties": {
        "objectType": "annotation",
        "classification": {
          "name": "vessel_h",
          "color": [
            128,
            0,
            128
          ]
        },
        "isLocked": false
      }
    },
    {
      "type": "Feature",
      "id": "patch_53228_22812",
      "geometry": {
        "type": "Polygon",
        "coordinates": [
          [
            [
              53228,
              22812
            ],
            [
              55129,
              22812
            ],
            [
              55129,
              24713
            ],
            [
              53228,
              24713
            ],
            [
              53228,
              22812
            ]
          ]
        ]
      },
      "properties": {
        "objectType": "annotation",
        "classification": {
          "name": "background_h",
          "color": [
            0,
            0,
            255
          ]
        },
        "isLocked": false
      }
    },
    {
      "type": "Feature",
      "id": "patch_55129_22812",
      "geometry": {
        "type": "Polygon",
        "coordinates": [
          [
            [
              55129,
              22812
            ],
            [
              57030,
              22812
            ],
            [
              57030,
              24713
            ],
            [
              55129,
              24713
            ],
            [
              55129,
              22812
            ]
          ]
        ]
      },
      "properties": {
        "objectType": "annotation",
        "classification": {
          "name": "background_h",
          "color": [
            0,
            0,
            255
          ]
        },
        "isLocked": false
      }
    },
    {
      "type": "Feature",
      "id": "patch_57030_22812",
      "geometry": {
        "type": "Polygon",
        "coordinates": [
          [
            [
              57030,
              22812
            ],
            [
              58931,
              22812
            ],
            [
              58931,
              24713
            ],
            [
              57030,
              24713
            ],
            [
              57030,
              22812
            ]
          ]
        ]
      },
      "properties": {
        "objectType": "annotation",
        "classification": {
          "name": "background_h",
          "color": [
            0,
            0,
            255
          ]
        },
        "isLocked": false
      }
    },
    {
      "type": "Feature",
      "id": "patch_58931_22812",
      "geometry": {
        "type": "Polygon",
        "coordinates": [
          [
            [
              58931,
              22812
            ],
            [
              60832,
              22812
            ],
            [
              60832,
              24713
            ],
            [
              58931,
              24713
            ],
            [
              58931,
              22812
            ]
          ]
        ]
      },
      "properties": {
        "objectType": "annotation",
        "classification": {
          "name": "vessel_h",
          "color": [
            128,
            0,
            128
          ]
        },
        "isLocked": false
      }
    },
    {
      "type": "Feature",
      "id": "patch_60832_22812",
      "geometry": {
        "type": "Polygon",
        "coordinates": [
          [
            [
              60832,
              22812
            ],
            [
              62733,
              22812
            ],
            [
              62733,
              24713
            ],
            [
              60832,
              24713
            ],
            [
              60832,
              22812
            ]
          ]
        ]
      },
      "properties": {
        "objectType": "annotation",
        "classification": {
          "name": "vessel_h",
          "color": [
            128,
            0,
            128
          ]
        },
        "isLocked": false
      }
    },
    {
      "type": "Feature",
      "id": "patch_62733_22812",
      "geometry": {
        "type": "Polygon",
        "coordinates": [
          [
            [
              62733,
              22812
            ],
            [
              64634,
              22812
            ],
            [
              64634,
              24713
            ],
            [
              62733,
              24713
            ],
            [
              62733,
              22812
            ]
          ]
        ]
      },
      "properties": {
        "objectType": "annotation",
        "classification": {
          "name": "background_h",
          "color": [
            0,
            0,
            255
          ]
        },
        "isLocked": false
      }
    },
    {
      "type": "Feature",
      "id": "patch_64634_22812",
      "geometry": {
        "type": "Polygon",
        "coordinates": [
          [
            [
              64634,
              22812
            ],
            [
              66535,
              22812
            ],
            [
              66535,
              24713
            ],
            [
              64634,
              24713
            ],
            [
              64634,
              22812
            ]
          ]
        ]
      },
      "properties": {
        "objectType": "annotation",
        "classification": {
          "name": "vessel_h",
          "color": [
            128,
            0,
            128
          ]
        },
        "isLocked": false
      }
    },
    {
      "type": "Feature",
      "id": "patch_66535_22812",
      "geometry": {
        "type": "Polygon",
        "coordinates": [
          [
            [
              66535,
              22812
            ],
            [
              68436,
              22812
            ],
            [
              68436,
              24713
            ],
            [
              66535,
              24713
            ],
            [
              66535,
              22812
            ]
          ]
        ]
      },
      "properties": {
        "objectType": "annotation",
        "classification": {
          "name": "background_h",
          "color": [
            0,
            0,
            255
          ]
        },
        "isLocked": false
      }
    },
    {
      "type": "Feature",
      "id": "patch_68436_22812",
      "geometry": {
        "type": "Polygon",
        "coordinates": [
          [
            [
              68436,
              22812
            ],
            [
              70337,
              22812
            ],
            [
              70337,
              24713
            ],
            [
              68436,
              24713
            ],
            [
              68436,
              22812
            ]
          ]
        ]
      },
      "properties": {
        "objectType": "annotation",
        "classification": {
          "name": "background_h",
          "color": [
            0,
            0,
            255
          ]
        },
        "isLocked": false
      }
    },
    {
      "type": "Feature",
      "id": "patch_70337_22812",
      "geometry": {
        "type": "Polygon",
        "coordinates": [
          [
            [
              70337,
              22812
            ],
            [
              72238,
              22812
            ],
            [
              72238,
              24713
            ],
            [
              70337,
              24713
            ],
            [
              70337,
              22812
            ]
          ]
        ]
      },
      "properties": {
        "objectType": "annotation",
        "classification": {
          "name": "vessel_h",
          "color": [
            128,
            0,
            128
          ]
        },
        "isLocked": false
      }
    },
    {
      "type": "Feature",
      "id": "patch_72238_22812",
      "geometry": {
        "type": "Polygon",
        "coordinates": [
          [
            [
              72238,
              22812
            ],
            [
              74139,
              22812
            ],
            [
              74139,
              24713
            ],
            [
              72238,
              24713
            ],
            [
              72238,
              22812
            ]
          ]
        ]
      },
      "properties": {
        "objectType": "annotation",
        "classification": {
          "name": "vessel_h",
          "color": [
            128,
            0,
            128
          ]
        },
        "isLocked": false
      }
    },
    {
      "type": "Feature",
      "id": "patch_74139_22812",
      "geometry": {
        "type": "Polygon",
        "coordinates": [
          [
            [
              74139,
              22812
            ],
            [
              76040,
              22812
            ],
            [
              76040,
              24713
            ],
            [
              74139,
              24713
            ],
            [
              74139,
              22812
            ]
          ]
        ]
      },
      "properties": {
        "objectType": "annotation",
        "classification": {
          "name": "background_h",
          "color": [
            0,
            0,
            255
          ]
        },
        "isLocked": false
      }
    },
    {
      "type": "Feature",
      "id": "patch_76040_22812",
      "geometry": {
        "type": "Polygon",
        "coordinates": [
          [
            [
              76040,
              22812
            ],
            [
              77941,
              22812
            ],
            [
              77941,
              24713
            ],
            [
              76040,
              24713
            ],
            [
              76040,
              22812
            ]
          ]
        ]
      },
      "properties": {
        "objectType": "annotation",
        "classification": {
          "name": "background_h",
          "color": [
            0,
            0,
            255
          ]
        },
        "isLocked": false
      }
    },
    {
      "type": "Feature",
      "id": "patch_77941_22812",
      "geometry": {
        "type": "Polygon",
        "coordinates": [
          [
            [
              77941,
              22812
            ],
            [
              79842,
              22812
            ],
            [
              79842,
              24713
            ],
            [
              77941,
              24713
            ],
            [
              77941,
              22812
            ]
          ]
        ]
      },
      "properties": {
        "objectType": "annotation",
        "classification": {
          "name": "background_h",
          "color": [
            0,
            0,
            255
          ]
        },
        "isLocked": false
      }
    },
    {
      "type": "Feature",
      "id": "patch_79842_22812",
      "geometry": {
        "type": "Polygon",
        "coordinates": [
          [
            [
              79842,
              22812
            ],
            [
              81743,
              22812
            ],
            [
              81743,
              24713
            ],
            [
              79842,
              24713
            ],
            [
              79842,
              22812
            ]
          ]
        ]
      },
      "properties": {
        "objectType": "annotation",
        "classification": {
          "name": "background_h",
          "color": [
            0,
            0,
            255
          ]
        },
        "isLocked": false
      }
    },
    {
      "type": "Feature",
      "id": "patch_81743_22812",
      "geometry": {
        "type": "Polygon",
        "coordinates": [
          [
            [
              81743,
              22812
            ],
            [
              83644,
              22812
            ],
            [
              83644,
              24713
            ],
            [
              81743,
              24713
            ],
            [
              81743,
              22812
            ]
          ]
        ]
      },
      "properties": {
        "objectType": "annotation",
        "classification": {
          "name": "background_h",
          "color": [
            0,
            0,
            255
          ]
        },
        "isLocked": false
      }
    },
    {
      "type": "Feature",
      "id": "patch_7604_24713",
      "geometry": {
        "type": "Polygon",
        "coordinates": [
          [
            [
              7604,
              24713
            ],
            [
              9505,
              24713
            ],
            [
              9505,
              26614
            ],
            [
              7604,
              26614
            ],
            [
              7604,
              24713
            ]
          ]
        ]
      },
      "properties": {
        "objectType": "annotation",
        "classification": {
          "name": "background_e",
          "color": [
            255,
            182,
            193
          ]
        },
        "isLocked": false
      }
    },
    {
      "type": "Feature",
      "id": "patch_9505_24713",
      "geometry": {
        "type": "Polygon",
        "coordinates": [
          [
            [
              9505,
              24713
            ],
            [
              11406,
              24713
            ],
            [
              11406,
              26614
            ],
            [
              9505,
              26614
            ],
            [
              9505,
              24713
            ]
          ]
        ]
      },
      "properties": {
        "objectType": "annotation",
        "classification": {
          "name": "background_e",
          "color": [
            255,
            182,
            193
          ]
        },
        "isLocked": false
      }
    },
    {
      "type": "Feature",
      "id": "patch_11406_24713",
      "geometry": {
        "type": "Polygon",
        "coordinates": [
          [
            [
              11406,
              24713
            ],
            [
              13307,
              24713
            ],
            [
              13307,
              26614
            ],
            [
              11406,
              26614
            ],
            [
              11406,
              24713
            ]
          ]
        ]
      },
      "properties": {
        "objectType": "annotation",
        "classification": {
          "name": "background_e",
          "color": [
            255,
            182,
            193
          ]
        },
        "isLocked": false
      }
    },
    {
      "type": "Feature",
      "id": "patch_13307_24713",
      "geometry": {
        "type": "Polygon",
        "coordinates": [
          [
            [
              13307,
              24713
            ],
            [
              15208,
              24713
            ],
            [
              15208,
              26614
            ],
            [
              13307,
              26614
            ],
            [
              13307,
              24713
            ]
          ]
        ]
      },
      "properties": {
        "objectType": "annotation",
        "classification": {
          "name": "background_e",
          "color": [
            255,
            182,
            193
          ]
        },
        "isLocked": false
      }
    },
    {
      "type": "Feature",
      "id": "patch_15208_24713",
      "geometry": {
        "type": "Polygon",
        "coordinates": [
          [
            [
              15208,
              24713
            ],
            [
              17109,
              24713
            ],
            [
              17109,
              26614
            ],
            [
              15208,
              26614
            ],
            [
              15208,
              24713
            ]
          ]
        ]
      },
      "properties": {
        "objectType": "annotation",
        "classification": {
          "name": "background_e",
          "color": [
            255,
            182,
            193
          ]
        },
        "isLocked": false
      }
    },
    {
      "type": "Feature",
      "id": "patch_17109_24713",
      "geometry": {
        "type": "Polygon",
        "coordinates": [
          [
            [
              17109,
              24713
            ],
            [
              19010,
              24713
            ],
            [
              19010,
              26614
            ],
            [
              17109,
              26614
            ],
            [
              17109,
              24713
            ]
          ]
        ]
      },
      "properties": {
        "objectType": "annotation",
        "classification": {
          "name": "vessel_e",
          "color": [
            255,
            0,
            0
          ]
        },
        "isLocked": false
      }
    },
    {
      "type": "Feature",
      "id": "patch_19010_24713",
      "geometry": {
        "type": "Polygon",
        "coordinates": [
          [
            [
              19010,
              24713
            ],
            [
              20911,
              24713
            ],
            [
              20911,
              26614
            ],
            [
              19010,
              26614
            ],
            [
              19010,
              24713
            ]
          ]
        ]
      },
      "properties": {
        "objectType": "annotation",
        "classification": {
          "name": "background_e",
          "color": [
            255,
            182,
            193
          ]
        },
        "isLocked": false
      }
    },
    {
      "type": "Feature",
      "id": "patch_20911_24713",
      "geometry": {
        "type": "Polygon",
        "coordinates": [
          [
            [
              20911,
              24713
            ],
            [
              22812,
              24713
            ],
            [
              22812,
              26614
            ],
            [
              20911,
              26614
            ],
            [
              20911,
              24713
            ]
          ]
        ]
      },
      "properties": {
        "objectType": "annotation",
        "classification": {
          "name": "background_e",
          "color": [
            255,
            182,
            193
          ]
        },
        "isLocked": false
      }
    },
    {
      "type": "Feature",
      "id": "patch_22812_24713",
      "geometry": {
        "type": "Polygon",
        "coordinates": [
          [
            [
              22812,
              24713
            ],
            [
              24713,
              24713
            ],
            [
              24713,
              26614
            ],
            [
              22812,
              26614
            ],
            [
              22812,
              24713
            ]
          ]
        ]
      },
      "properties": {
        "objectType": "annotation",
        "classification": {
          "name": "vessel_e",
          "color": [
            255,
            0,
            0
          ]
        },
        "isLocked": false
      }
    },
    {
      "type": "Feature",
      "id": "patch_24713_24713",
      "geometry": {
        "type": "Polygon",
        "coordinates": [
          [
            [
              24713,
              24713
            ],
            [
              26614,
              24713
            ],
            [
              26614,
              26614
            ],
            [
              24713,
              26614
            ],
            [
              24713,
              24713
            ]
          ]
        ]
      },
      "properties": {
        "objectType": "annotation",
        "classification": {
          "name": "background_e",
          "color": [
            255,
            182,
            193
          ]
        },
        "isLocked": false
      }
    },
    {
      "type": "Feature",
      "id": "patch_26614_24713",
      "geometry": {
        "type": "Polygon",
        "coordinates": [
          [
            [
              26614,
              24713
            ],
            [
              28515,
              24713
            ],
            [
              28515,
              26614
            ],
            [
              26614,
              26614
            ],
            [
              26614,
              24713
            ]
          ]
        ]
      },
      "properties": {
        "objectType": "annotation",
        "classification": {
          "name": "background_e",
          "color": [
            255,
            182,
            193
          ]
        },
        "isLocked": false
      }
    },
    {
      "type": "Feature",
      "id": "patch_28515_24713",
      "geometry": {
        "type": "Polygon",
        "coordinates": [
          [
            [
              28515,
              24713
            ],
            [
              30416,
              24713
            ],
            [
              30416,
              26614
            ],
            [
              28515,
              26614
            ],
            [
              28515,
              24713
            ]
          ]
        ]
      },
      "properties": {
        "objectType": "annotation",
        "classification": {
          "name": "background_e",
          "color": [
            255,
            182,
            193
          ]
        },
        "isLocked": false
      }
    },
    {
      "type": "Feature",
      "id": "patch_30416_24713",
      "geometry": {
        "type": "Polygon",
        "coordinates": [
          [
            [
              30416,
              24713
            ],
            [
              32317,
              24713
            ],
            [
              32317,
              26614
            ],
            [
              30416,
              26614
            ],
            [
              30416,
              24713
            ]
          ]
        ]
      },
      "properties": {
        "objectType": "annotation",
        "classification": {
          "name": "vessel_e",
          "color": [
            255,
            0,
            0
          ]
        },
        "isLocked": false
      }
    },
    {
      "type": "Feature",
      "id": "patch_32317_24713",
      "geometry": {
        "type": "Polygon",
        "coordinates": [
          [
            [
              32317,
              24713
            ],
            [
              34218,
              24713
            ],
            [
              34218,
              26614
            ],
            [
              32317,
              26614
            ],
            [
              32317,
              24713
            ]
          ]
        ]
      },
      "properties": {
        "objectType": "annotation",
        "classification": {
          "name": "background_e",
          "color": [
            255,
            182,
            193
          ]
        },
        "isLocked": false
      }
    },
    {
      "type": "Feature",
      "id": "patch_34218_24713",
      "geometry": {
        "type": "Polygon",
        "coordinates": [
          [
            [
              34218,
              24713
            ],
            [
              36119,
              24713
            ],
            [
              36119,
              26614
            ],
            [
              34218,
              26614
            ],
            [
              34218,
              24713
            ]
          ]
        ]
      },
      "properties": {
        "objectType": "annotation",
        "classification": {
          "name": "background_e",
          "color": [
            255,
            182,
            193
          ]
        },
        "isLocked": false
      }
    },
    {
      "type": "Feature",
      "id": "patch_36119_24713",
      "geometry": {
        "type": "Polygon",
        "coordinates": [
          [
            [
              36119,
              24713
            ],
            [
              38020,
              24713
            ],
            [
              38020,
              26614
            ],
            [
              36119,
              26614
            ],
            [
              36119,
              24713
            ]
          ]
        ]
      },
      "properties": {
        "objectType": "annotation",
        "classification": {
          "name": "background_h",
          "color": [
            0,
            0,
            255
          ]
        },
        "isLocked": false
      }
    },
    {
      "type": "Feature",
      "id": "patch_38020_24713",
      "geometry": {
        "type": "Polygon",
        "coordinates": [
          [
            [
              38020,
              24713
            ],
            [
              39921,
              24713
            ],
            [
              39921,
              26614
            ],
            [
              38020,
              26614
            ],
            [
              38020,
              24713
            ]
          ]
        ]
      },
      "properties": {
        "objectType": "annotation",
        "classification": {
          "name": "background_h",
          "color": [
            0,
            0,
            255
          ]
        },
        "isLocked": false
      }
    },
    {
      "type": "Feature",
      "id": "patch_39921_24713",
      "geometry": {
        "type": "Polygon",
        "coordinates": [
          [
            [
              39921,
              24713
            ],
            [
              41822,
              24713
            ],
            [
              41822,
              26614
            ],
            [
              39921,
              26614
            ],
            [
              39921,
              24713
            ]
          ]
        ]
      },
      "properties": {
        "objectType": "annotation",
        "classification": {
          "name": "background_h",
          "color": [
            0,
            0,
            255
          ]
        },
        "isLocked": false
      }
    },
    {
      "type": "Feature",
      "id": "patch_41822_24713",
      "geometry": {
        "type": "Polygon",
        "coordinates": [
          [
            [
              41822,
              24713
            ],
            [
              43723,
              24713
            ],
            [
              43723,
              26614
            ],
            [
              41822,
              26614
            ],
            [
              41822,
              24713
            ]
          ]
        ]
      },
      "properties": {
        "objectType": "annotation",
        "classification": {
          "name": "vessel_h",
          "color": [
            128,
            0,
            128
          ]
        },
        "isLocked": false
      }
    },
    {
      "type": "Feature",
      "id": "patch_43723_24713",
      "geometry": {
        "type": "Polygon",
        "coordinates": [
          [
            [
              43723,
              24713
            ],
            [
              45624,
              24713
            ],
            [
              45624,
              26614
            ],
            [
              43723,
              26614
            ],
            [
              43723,
              24713
            ]
          ]
        ]
      },
      "properties": {
        "objectType": "annotation",
        "classification": {
          "name": "background_h",
          "color": [
            0,
            0,
            255
          ]
        },
        "isLocked": false
      }
    },
    {
      "type": "Feature",
      "id": "patch_45624_24713",
      "geometry": {
        "type": "Polygon",
        "coordinates": [
          [
            [
              45624,
              24713
            ],
            [
              47525,
              24713
            ],
            [
              47525,
              26614
            ],
            [
              45624,
              26614
            ],
            [
              45624,
              24713
            ]
          ]
        ]
      },
      "properties": {
        "objectType": "annotation",
        "classification": {
          "name": "background_h",
          "color": [
            0,
            0,
            255
          ]
        },
        "isLocked": false
      }
    },
    {
      "type": "Feature",
      "id": "patch_47525_24713",
      "geometry": {
        "type": "Polygon",
        "coordinates": [
          [
            [
              47525,
              24713
            ],
            [
              49426,
              24713
            ],
            [
              49426,
              26614
            ],
            [
              47525,
              26614
            ],
            [
              47525,
              24713
            ]
          ]
        ]
      },
      "properties": {
        "objectType": "annotation",
        "classification": {
          "name": "background_h",
          "color": [
            0,
            0,
            255
          ]
        },
        "isLocked": false
      }
    },
    {
      "type": "Feature",
      "id": "patch_49426_24713",
      "geometry": {
        "type": "Polygon",
        "coordinates": [
          [
            [
              49426,
              24713
            ],
            [
              51327,
              24713
            ],
            [
              51327,
              26614
            ],
            [
              49426,
              26614
            ],
            [
              49426,
              24713
            ]
          ]
        ]
      },
      "properties": {
        "objectType": "annotation",
        "classification": {
          "name": "vessel_h",
          "color": [
            128,
            0,
            128
          ]
        },
        "isLocked": false
      }
    },
    {
      "type": "Feature",
      "id": "patch_51327_24713",
      "geometry": {
        "type": "Polygon",
        "coordinates": [
          [
            [
              51327,
              24713
            ],
            [
              53228,
              24713
            ],
            [
              53228,
              26614
            ],
            [
              51327,
              26614
            ],
            [
              51327,
              24713
            ]
          ]
        ]
      },
      "properties": {
        "objectType": "annotation",
        "classification": {
          "name": "background_h",
          "color": [
            0,
            0,
            255
          ]
        },
        "isLocked": false
      }
    },
    {
      "type": "Feature",
      "id": "patch_53228_24713",
      "geometry": {
        "type": "Polygon",
        "coordinates": [
          [
            [
              53228,
              24713
            ],
            [
              55129,
              24713
            ],
            [
              55129,
              26614
            ],
            [
              53228,
              26614
            ],
            [
              53228,
              24713
            ]
          ]
        ]
      },
      "properties": {
        "objectType": "annotation",
        "classification": {
          "name": "vessel_e",
          "color": [
            255,
            0,
            0
          ]
        },
        "isLocked": false
      }
    },
    {
      "type": "Feature",
      "id": "patch_55129_24713",
      "geometry": {
        "type": "Polygon",
        "coordinates": [
          [
            [
              55129,
              24713
            ],
            [
              57030,
              24713
            ],
            [
              57030,
              26614
            ],
            [
              55129,
              26614
            ],
            [
              55129,
              24713
            ]
          ]
        ]
      },
      "properties": {
        "objectType": "annotation",
        "classification": {
          "name": "background_e",
          "color": [
            255,
            182,
            193
          ]
        },
        "isLocked": false
      }
    },
    {
      "type": "Feature",
      "id": "patch_57030_24713",
      "geometry": {
        "type": "Polygon",
        "coordinates": [
          [
            [
              57030,
              24713
            ],
            [
              58931,
              24713
            ],
            [
              58931,
              26614
            ],
            [
              57030,
              26614
            ],
            [
              57030,
              24713
            ]
          ]
        ]
      },
      "properties": {
        "objectType": "annotation",
        "classification": {
          "name": "background_e",
          "color": [
            255,
            182,
            193
          ]
        },
        "isLocked": false
      }
    },
    {
      "type": "Feature",
      "id": "patch_58931_24713",
      "geometry": {
        "type": "Polygon",
        "coordinates": [
          [
            [
              58931,
              24713
            ],
            [
              60832,
              24713
            ],
            [
              60832,
              26614
            ],
            [
              58931,
              26614
            ],
            [
              58931,
              24713
            ]
          ]
        ]
      },
      "properties": {
        "objectType": "annotation",
        "classification": {
          "name": "background_e",
          "color": [
            255,
            182,
            193
          ]
        },
        "isLocked": false
      }
    },
    {
      "type": "Feature",
      "id": "patch_60832_24713",
      "geometry": {
        "type": "Polygon",
        "coordinates": [
          [
            [
              60832,
              24713
            ],
            [
              62733,
              24713
            ],
            [
              62733,
              26614
            ],
            [
              60832,
              26614
            ],
            [
              60832,
              24713
            ]
          ]
        ]
      },
      "properties": {
        "objectType": "annotation",
        "classification": {
          "name": "background_e",
          "color": [
            255,
            182,
            193
          ]
        },
        "isLocked": false
      }
    },
    {
      "type": "Feature",
      "id": "patch_62733_24713",
      "geometry": {
        "type": "Polygon",
        "coordinates": [
          [
            [
              62733,
              24713
            ],
            [
              64634,
              24713
            ],
            [
              64634,
              26614
            ],
            [
              62733,
              26614
            ],
            [
              62733,
              24713
            ]
          ]
        ]
      },
      "properties": {
        "objectType": "annotation",
        "classification": {
          "name": "background_e",
          "color": [
            255,
            182,
            193
          ]
        },
        "isLocked": false
      }
    },
    {
      "type": "Feature",
      "id": "patch_64634_24713",
      "geometry": {
        "type": "Polygon",
        "coordinates": [
          [
            [
              64634,
              24713
            ],
            [
              66535,
              24713
            ],
            [
              66535,
              26614
            ],
            [
              64634,
              26614
            ],
            [
              64634,
              24713
            ]
          ]
        ]
      },
      "properties": {
        "objectType": "annotation",
        "classification": {
          "name": "background_h",
          "color": [
            0,
            0,
            255
          ]
        },
        "isLocked": false
      }
    },
    {
      "type": "Feature",
      "id": "patch_66535_24713",
      "geometry": {
        "type": "Polygon",
        "coordinates": [
          [
            [
              66535,
              24713
            ],
            [
              68436,
              24713
            ],
            [
              68436,
              26614
            ],
            [
              66535,
              26614
            ],
            [
              66535,
              24713
            ]
          ]
        ]
      },
      "properties": {
        "objectType": "annotation",
        "classification": {
          "name": "vessel_h",
          "color": [
            128,
            0,
            128
          ]
        },
        "isLocked": false
      }
    },
    {
      "type": "Feature",
      "id": "patch_68436_24713",
      "geometry": {
        "type": "Polygon",
        "coordinates": [
          [
            [
              68436,
              24713
            ],
            [
              70337,
              24713
            ],
            [
              70337,
              26614
            ],
            [
              68436,
              26614
            ],
            [
              68436,
              24713
            ]
          ]
        ]
      },
      "properties": {
        "objectType": "annotation",
        "classification": {
          "name": "vessel_h",
          "color": [
            128,
            0,
            128
          ]
        },
        "isLocked": false
      }
    },
    {
      "type": "Feature",
      "id": "patch_70337_24713",
      "geometry": {
        "type": "Polygon",
        "coordinates": [
          [
            [
              70337,
              24713
            ],
            [
              72238,
              24713
            ],
            [
              72238,
              26614
            ],
            [
              70337,
              26614
            ],
            [
              70337,
              24713
            ]
          ]
        ]
      },
      "properties": {
        "objectType": "annotation",
        "classification": {
          "name": "vessel_h",
          "color": [
            128,
            0,
            128
          ]
        },
        "isLocked": false
      }
    },
    {
      "type": "Feature",
      "id": "patch_72238_24713",
      "geometry": {
        "type": "Polygon",
        "coordinates": [
          [
            [
              72238,
              24713
            ],
            [
              74139,
              24713
            ],
            [
              74139,
              26614
            ],
            [
              72238,
              26614
            ],
            [
              72238,
              24713
            ]
          ]
        ]
      },
      "properties": {
        "objectType": "annotation",
        "classification": {
          "name": "background_h",
          "color": [
            0,
            0,
            255
          ]
        },
        "isLocked": false
      }
    },
    {
      "type": "Feature",
      "id": "patch_74139_24713",
      "geometry": {
        "type": "Polygon",
        "coordinates": [
          [
            [
              74139,
              24713
            ],
            [
              76040,
              24713
            ],
            [
              76040,
              26614
            ],
            [
              74139,
              26614
            ],
            [
              74139,
              24713
            ]
          ]
        ]
      },
      "properties": {
        "objectType": "annotation",
        "classification": {
          "name": "background_h",
          "color": [
            0,
            0,
            255
          ]
        },
        "isLocked": false
      }
    },
    {
      "type": "Feature",
      "id": "patch_76040_24713",
      "geometry": {
        "type": "Polygon",
        "coordinates": [
          [
            [
              76040,
              24713
            ],
            [
              77941,
              24713
            ],
            [
              77941,
              26614
            ],
            [
              76040,
              26614
            ],
            [
              76040,
              24713
            ]
          ]
        ]
      },
      "properties": {
        "objectType": "annotation",
        "classification": {
          "name": "vessel_h",
          "color": [
            128,
            0,
            128
          ]
        },
        "isLocked": false
      }
    },
    {
      "type": "Feature",
      "id": "patch_77941_24713",
      "geometry": {
        "type": "Polygon",
        "coordinates": [
          [
            [
              77941,
              24713
            ],
            [
              79842,
              24713
            ],
            [
              79842,
              26614
            ],
            [
              77941,
              26614
            ],
            [
              77941,
              24713
            ]
          ]
        ]
      },
      "properties": {
        "objectType": "annotation",
        "classification": {
          "name": "background_h",
          "color": [
            0,
            0,
            255
          ]
        },
        "isLocked": false
      }
    },
    {
      "type": "Feature",
      "id": "patch_79842_24713",
      "geometry": {
        "type": "Polygon",
        "coordinates": [
          [
            [
              79842,
              24713
            ],
            [
              81743,
              24713
            ],
            [
              81743,
              26614
            ],
            [
              79842,
              26614
            ],
            [
              79842,
              24713
            ]
          ]
        ]
      },
      "properties": {
        "objectType": "annotation",
        "classification": {
          "name": "vessel_h",
          "color": [
            128,
            0,
            128
          ]
        },
        "isLocked": false
      }
    },
    {
      "type": "Feature",
      "id": "patch_81743_24713",
      "geometry": {
        "type": "Polygon",
        "coordinates": [
          [
            [
              81743,
              24713
            ],
            [
              83644,
              24713
            ],
            [
              83644,
              26614
            ],
            [
              81743,
              26614
            ],
            [
              81743,
              24713
            ]
          ]
        ]
      },
      "properties": {
        "objectType": "annotation",
        "classification": {
          "name": "background_h",
          "color": [
            0,
            0,
            255
          ]
        },
        "isLocked": false
      }
    },
    {
      "type": "Feature",
      "id": "patch_83644_24713",
      "geometry": {
        "type": "Polygon",
        "coordinates": [
          [
            [
              83644,
              24713
            ],
            [
              85545,
              24713
            ],
            [
              85545,
              26614
            ],
            [
              83644,
              26614
            ],
            [
              83644,
              24713
            ]
          ]
        ]
      },
      "properties": {
        "objectType": "annotation",
        "classification": {
          "name": "vessel_h",
          "color": [
            128,
            0,
            128
          ]
        },
        "isLocked": false
      }
    },
    {
      "type": "Feature",
      "id": "patch_7604_26614",
      "geometry": {
        "type": "Polygon",
        "coordinates": [
          [
            [
              7604,
              26614
            ],
            [
              9505,
              26614
            ],
            [
              9505,
              28515
            ],
            [
              7604,
              28515
            ],
            [
              7604,
              26614
            ]
          ]
        ]
      },
      "properties": {
        "objectType": "annotation",
        "classification": {
          "name": "background_e",
          "color": [
            255,
            182,
            193
          ]
        },
        "isLocked": false
      }
    },
    {
      "type": "Feature",
      "id": "patch_9505_26614",
      "geometry": {
        "type": "Polygon",
        "coordinates": [
          [
            [
              9505,
              26614
            ],
            [
              11406,
              26614
            ],
            [
              11406,
              28515
            ],
            [
              9505,
              28515
            ],
            [
              9505,
              26614
            ]
          ]
        ]
      },
      "properties": {
        "objectType": "annotation",
        "classification": {
          "name": "background_e",
          "color": [
            255,
            182,
            193
          ]
        },
        "isLocked": false
      }
    },
    {
      "type": "Feature",
      "id": "patch_11406_26614",
      "geometry": {
        "type": "Polygon",
        "coordinates": [
          [
            [
              11406,
              26614
            ],
            [
              13307,
              26614
            ],
            [
              13307,
              28515
            ],
            [
              11406,
              28515
            ],
            [
              11406,
              26614
            ]
          ]
        ]
      },
      "properties": {
        "objectType": "annotation",
        "classification": {
          "name": "background_e",
          "color": [
            255,
            182,
            193
          ]
        },
        "isLocked": false
      }
    },
    {
      "type": "Feature",
      "id": "patch_13307_26614",
      "geometry": {
        "type": "Polygon",
        "coordinates": [
          [
            [
              13307,
              26614
            ],
            [
              15208,
              26614
            ],
            [
              15208,
              28515
            ],
            [
              13307,
              28515
            ],
            [
              13307,
              26614
            ]
          ]
        ]
      },
      "properties": {
        "objectType": "annotation",
        "classification": {
          "name": "background_e",
          "color": [
            255,
            182,
            193
          ]
        },
        "isLocked": false
      }
    },
    {
      "type": "Feature",
      "id": "patch_15208_26614",
      "geometry": {
        "type": "Polygon",
        "coordinates": [
          [
            [
              15208,
              26614
            ],
            [
              17109,
              26614
            ],
            [
              17109,
              28515
            ],
            [
              15208,
              28515
            ],
            [
              15208,
              26614
            ]
          ]
        ]
      },
      "properties": {
        "objectType": "annotation",
        "classification": {
          "name": "vessel_e",
          "color": [
            255,
            0,
            0
          ]
        },
        "isLocked": false
      }
    },
    {
      "type": "Feature",
      "id": "patch_17109_26614",
      "geometry": {
        "type": "Polygon",
        "coordinates": [
          [
            [
              17109,
              26614
            ],
            [
              19010,
              26614
            ],
            [
              19010,
              28515
            ],
            [
              17109,
              28515
            ],
            [
              17109,
              26614
            ]
          ]
        ]
      },
      "properties": {
        "objectType": "annotation",
        "classification": {
          "name": "background_e",
          "color": [
            255,
            182,
            193
          ]
        },
        "isLocked": false
      }
    },
    {
      "type": "Feature",
      "id": "patch_19010_26614",
      "geometry": {
        "type": "Polygon",
        "coordinates": [
          [
            [
              19010,
              26614
            ],
            [
              20911,
              26614
            ],
            [
              20911,
              28515
            ],
            [
              19010,
              28515
            ],
            [
              19010,
              26614
            ]
          ]
        ]
      },
      "properties": {
        "objectType": "annotation",
        "classification": {
          "name": "vessel_e",
          "color": [
            255,
            0,
            0
          ]
        },
        "isLocked": false
      }
    },
    {
      "type": "Feature",
      "id": "patch_20911_26614",
      "geometry": {
        "type": "Polygon",
        "coordinates": [
          [
            [
              20911,
              26614
            ],
            [
              22812,
              26614
            ],
            [
              22812,
              28515
            ],
            [
              20911,
              28515
            ],
            [
              20911,
              26614
            ]
          ]
        ]
      },
      "properties": {
        "objectType": "annotation",
        "classification": {
          "name": "background_e",
          "color": [
            255,
            182,
            193
          ]
        },
        "isLocked": false
      }
    },
    {
      "type": "Feature",
      "id": "patch_22812_26614",
      "geometry": {
        "type": "Polygon",
        "coordinates": [
          [
            [
              22812,
              26614
            ],
            [
              24713,
              26614
            ],
            [
              24713,
              28515
            ],
            [
              22812,
              28515
            ],
            [
              22812,
              26614
            ]
          ]
        ]
      },
      "properties": {
        "objectType": "annotation",
        "classification": {
          "name": "background_e",
          "color": [
            255,
            182,
            193
          ]
        },
        "isLocked": false
      }
    },
    {
      "type": "Feature",
      "id": "patch_24713_26614",
      "geometry": {
        "type": "Polygon",
        "coordinates": [
          [
            [
              24713,
              26614
            ],
            [
              26614,
              26614
            ],
            [
              26614,
              28515
            ],
            [
              24713,
              28515
            ],
            [
              24713,
              26614
            ]
          ]
        ]
      },
      "properties": {
        "objectType": "annotation",
        "classification": {
          "name": "background_e",
          "color": [
            255,
            182,
            193
          ]
        },
        "isLocked": false
      }
    },
    {
      "type": "Feature",
      "id": "patch_26614_26614",
      "geometry": {
        "type": "Polygon",
        "coordinates": [
          [
            [
              26614,
              26614
            ],
            [
              28515,
              26614
            ],
            [
              28515,
              28515
            ],
            [
              26614,
              28515
            ],
            [
              26614,
              26614
            ]
          ]
        ]
      },
      "properties": {
        "objectType": "annotation",
        "classification": {
          "name": "background_e",
          "color": [
            255,
            182,
            193
          ]
        },
        "isLocked": false
      }
    },
    {
      "type": "Feature",
      "id": "patch_28515_26614",
      "geometry": {
        "type": "Polygon",
        "coordinates": [
          [
            [
              28515,
              26614
            ],
            [
              30416,
              26614
            ],
            [
              30416,
              28515
            ],
            [
              28515,
              28515
            ],
            [
              28515,
              26614
            ]
          ]
        ]
      },
      "properties": {
        "objectType": "annotation",
        "classification": {
          "name": "background_e",
          "color": [
            255,
            182,
            193
          ]
        },
        "isLocked": false
      }
    },
    {
      "type": "Feature",
      "id": "patch_30416_26614",
      "geometry": {
        "type": "Polygon",
        "coordinates": [
          [
            [
              30416,
              26614
            ],
            [
              32317,
              26614
            ],
            [
              32317,
              28515
            ],
            [
              30416,
              28515
            ],
            [
              30416,
              26614
            ]
          ]
        ]
      },
      "properties": {
        "objectType": "annotation",
        "classification": {
          "name": "background_e",
          "color": [
            255,
            182,
            193
          ]
        },
        "isLocked": false
      }
    },
    {
      "type": "Feature",
      "id": "patch_32317_26614",
      "geometry": {
        "type": "Polygon",
        "coordinates": [
          [
            [
              32317,
              26614
            ],
            [
              34218,
              26614
            ],
            [
              34218,
              28515
            ],
            [
              32317,
              28515
            ],
            [
              32317,
              26614
            ]
          ]
        ]
      },
      "properties": {
        "objectType": "annotation",
        "classification": {
          "name": "background_e",
          "color": [
            255,
            182,
            193
          ]
        },
        "isLocked": false
      }
    },
    {
      "type": "Feature",
      "id": "patch_34218_26614",
      "geometry": {
        "type": "Polygon",
        "coordinates": [
          [
            [
              34218,
              26614
            ],
            [
              36119,
              26614
            ],
            [
              36119,
              28515
            ],
            [
              34218,
              28515
            ],
            [
              34218,
              26614
            ]
          ]
        ]
      },
      "properties": {
        "objectType": "annotation",
        "classification": {
          "name": "background_h",
          "color": [
            0,
            0,
            255
          ]
        },
        "isLocked": false
      }
    },
    {
      "type": "Feature",
      "id": "patch_36119_26614",
      "geometry": {
        "type": "Polygon",
        "coordinates": [
          [
            [
              36119,
              26614
            ],
            [
              38020,
              26614
            ],
            [
              38020,
              28515
            ],
            [
              36119,
              28515
            ],
            [
              36119,
              26614
            ]
          ]
        ]
      },
      "properties": {
        "objectType": "annotation",
        "classification": {
          "name": "vessel_h",
          "color": [
            128,
            0,
            128
          ]
        },
        "isLocked": false
      }
    },
    {
      "type": "Feature",
      "id": "patch_38020_26614",
      "geometry": {
        "type": "Polygon",
        "coordinates": [
          [
            [
              38020,
              26614
            ],
            [
              39921,
              26614
            ],
            [
              39921,
              28515
            ],
            [
              38020,
              28515
            ],
            [
              38020,
              26614
            ]
          ]
        ]
      },
      "properties": {
        "objectType": "annotation",
        "classification": {
          "name": "background_h",
          "color": [
            0,
            0,
            255
          ]
        },
        "isLocked": false
      }
    },
    {
      "type": "Feature",
      "id": "patch_39921_26614",
      "geometry": {
        "type": "Polygon",
        "coordinates": [
          [
            [
              39921,
              26614
            ],
            [
              41822,
              26614
            ],
            [
              41822,
              28515
            ],
            [
              39921,
              28515
            ],
            [
              39921,
              26614
            ]
          ]
        ]
      },
      "properties": {
        "objectType": "annotation",
        "classification": {
          "name": "vessel_h",
          "color": [
            128,
            0,
            128
          ]
        },
        "isLocked": false
      }
    },
    {
      "type": "Feature",
      "id": "patch_41822_26614",
      "geometry": {
        "type": "Polygon",
        "coordinates": [
          [
            [
              41822,
              26614
            ],
            [
              43723,
              26614
            ],
            [
              43723,
              28515
            ],
            [
              41822,
              28515
            ],
            [
              41822,
              26614
            ]
          ]
        ]
      },
      "properties": {
        "objectType": "annotation",
        "classification": {
          "name": "vessel_h",
          "color": [
            128,
            0,
            128
          ]
        },
        "isLocked": false
      }
    },
    {
      "type": "Feature",
      "id": "patch_43723_26614",
      "geometry": {
        "type": "Polygon",
        "coordinates": [
          [
            [
              43723,
              26614
            ],
            [
              45624,
              26614
            ],
            [
              45624,
              28515
            ],
            [
              43723,
              28515
            ],
            [
              43723,
              26614
            ]
          ]
        ]
      },
      "properties": {
        "objectType": "annotation",
        "classification": {
          "name": "background_h",
          "color": [
            0,
            0,
            255
          ]
        },
        "isLocked": false
      }
    },
    {
      "type": "Feature",
      "id": "patch_45624_26614",
      "geometry": {
        "type": "Polygon",
        "coordinates": [
          [
            [
              45624,
              26614
            ],
            [
              47525,
              26614
            ],
            [
              47525,
              28515
            ],
            [
              45624,
              28515
            ],
            [
              45624,
              26614
            ]
          ]
        ]
      },
      "properties": {
        "objectType": "annotation",
        "classification": {
          "name": "background_h",
          "color": [
            0,
            0,
            255
          ]
        },
        "isLocked": false
      }
    },
    {
      "type": "Feature",
      "id": "patch_47525_26614",
      "geometry": {
        "type": "Polygon",
        "coordinates": [
          [
            [
              47525,
              26614
            ],
            [
              49426,
              26614
            ],
            [
              49426,
              28515
            ],
            [
              47525,
              28515
            ],
            [
              47525,
              26614
            ]
          ]
        ]
      },
      "properties": {
        "objectType": "annotation",
        "classification": {
          "name": "background_h",
          "color": [
            0,
            0,
            255
          ]
        },
        "isLocked": false
      }
    },
    {
      "type": "Feature",
      "id": "patch_49426_26614",
      "geometry": {
        "type": "Polygon",
        "coordinates": [
          [
            [
              49426,
              26614
            ],
            [
              51327,
              26614
            ],
            [
              51327,
              28515
            ],
            [
              49426,
              28515
            ],
            [
              49426,
              26614
            ]
          ]
        ]
      },
      "properties": {
        "objectType": "annotation",
        "classification": {
          "name": "background_h",
          "color": [
            0,
            0,
            255
          ]
        },
        "isLocked": false
      }
    },
    {
      "type": "Feature",
      "id": "patch_51327_26614",
      "geometry": {
        "type": "Polygon",
        "coordinates": [
          [
            [
              51327,
              26614
            ],
            [
              53228,
              26614
            ],
            [
              53228,
              28515
            ],
            [
              51327,
              28515
            ],
            [
              51327,
              26614
            ]
          ]
        ]
      },
      "properties": {
        "objectType": "annotation",
        "classification": {
          "name": "background_e",
          "color": [
            255,
            182,
            193
          ]
        },
        "isLocked": false
      }
    },
    {
      "type": "Feature",
      "id": "patch_53228_26614",
      "geometry": {
        "type": "Polygon",
        "coordinates": [
          [
            [
              53228,
              26614
            ],
            [
              55129,
              26614
            ],
            [
              55129,
              28515
            ],
            [
              53228,
              28515
            ],
            [
              53228,
              26614
            ]
          ]
        ]
      },
      "properties": {
        "objectType": "annotation",
        "classification": {
          "name": "background_e",
          "color": [
            255,
            182,
            193
          ]
        },
        "isLocked": false
      }
    },
    {
      "type": "Feature",
      "id": "patch_55129_26614",
      "geometry": {
        "type": "Polygon",
        "coordinates": [
          [
            [
              55129,
              26614
            ],
            [
              57030,
              26614
            ],
            [
              57030,
              28515
            ],
            [
              55129,
              28515
            ],
            [
              55129,
              26614
            ]
          ]
        ]
      },
      "properties": {
        "objectType": "annotation",
        "classification": {
          "name": "background_e",
          "color": [
            255,
            182,
            193
          ]
        },
        "isLocked": false
      }
    },
    {
      "type": "Feature",
      "id": "patch_57030_26614",
      "geometry": {
        "type": "Polygon",
        "coordinates": [
          [
            [
              57030,
              26614
            ],
            [
              58931,
              26614
            ],
            [
              58931,
              28515
            ],
            [
              57030,
              28515
            ],
            [
              57030,
              26614
            ]
          ]
        ]
      },
      "properties": {
        "objectType": "annotation",
        "classification": {
          "name": "vessel_e",
          "color": [
            255,
            0,
            0
          ]
        },
        "isLocked": false
      }
    },
    {
      "type": "Feature",
      "id": "patch_58931_26614",
      "geometry": {
        "type": "Polygon",
        "coordinates": [
          [
            [
              58931,
              26614
            ],
            [
              60832,
              26614
            ],
            [
              60832,
              28515
            ],
            [
              58931,
              28515
            ],
            [
              58931,
              26614
            ]
          ]
        ]
      },
      "properties": {
        "objectType": "annotation",
        "classification": {
          "name": "background_e",
          "color": [
            255,
            182,
            193
          ]
        },
        "isLocked": false
      }
    },
    {
      "type": "Feature",
      "id": "patch_60832_26614",
      "geometry": {
        "type": "Polygon",
        "coordinates": [
          [
            [
              60832,
              26614
            ],
            [
              62733,
              26614
            ],
            [
              62733,
              28515
            ],
            [
              60832,
              28515
            ],
            [
              60832,
              26614
            ]
          ]
        ]
      },
      "properties": {
        "objectType": "annotation",
        "classification": {
          "name": "background_e",
          "color": [
            255,
            182,
            193
          ]
        },
        "isLocked": false
      }
    },
    {
      "type": "Feature",
      "id": "patch_62733_26614",
      "geometry": {
        "type": "Polygon",
        "coordinates": [
          [
            [
              62733,
              26614
            ],
            [
              64634,
              26614
            ],
            [
              64634,
              28515
            ],
            [
              62733,
              28515
            ],
            [
              62733,
              26614
            ]
          ]
        ]
      },
      "properties": {
        "objectType": "annotation",
        "classification": {
          "name": "background_e",
          "color": [
            255,
            182,
            193
          ]
        },
        "isLocked": false
      }
    },
    {
      "type": "Feature",
      "id": "patch_64634_26614",
      "geometry": {
        "type": "Polygon",
        "coordinates": [
          [
            [
              64634,
              26614
            ],
            [
              66535,
              26614
            ],
            [
              66535,
              28515
            ],
            [
              64634,
              28515
            ],
            [
              64634,
              26614
            ]
          ]
        ]
      },
      "properties": {
        "objectType": "annotation",
        "classification": {
          "name": "background_e",
          "color": [
            255,
            182,
            193
          ]
        },
        "isLocked": false
      }
    },
    {
      "type": "Feature",
      "id": "patch_66535_26614",
      "geometry": {
        "type": "Polygon",
        "coordinates": [
          [
            [
              66535,
              26614
            ],
            [
              68436,
              26614
            ],
            [
              68436,
              28515
            ],
            [
              66535,
              28515
            ],
            [
              66535,
              26614
            ]
          ]
        ]
      },
      "properties": {
        "objectType": "annotation",
        "classification": {
          "name": "background_h",
          "color": [
            0,
            0,
            255
          ]
        },
        "isLocked": false
      }
    },
    {
      "type": "Feature",
      "id": "patch_68436_26614",
      "geometry": {
        "type": "Polygon",
        "coordinates": [
          [
            [
              68436,
              26614
            ],
            [
              70337,
              26614
            ],
            [
              70337,
              28515
            ],
            [
              68436,
              28515
            ],
            [
              68436,
              26614
            ]
          ]
        ]
      },
      "properties": {
        "objectType": "annotation",
        "classification": {
          "name": "background_h",
          "color": [
            0,
            0,
            255
          ]
        },
        "isLocked": false
      }
    },
    {
      "type": "Feature",
      "id": "patch_70337_26614",
      "geometry": {
        "type": "Polygon",
        "coordinates": [
          [
            [
              70337,
              26614
            ],
            [
              72238,
              26614
            ],
            [
              72238,
              28515
            ],
            [
              70337,
              28515
            ],
            [
              70337,
              26614
            ]
          ]
        ]
      },
      "properties": {
        "objectType": "annotation",
        "classification": {
          "name": "background_h",
          "color": [
            0,
            0,
            255
          ]
        },
        "isLocked": false
      }
    },
    {
      "type": "Feature",
      "id": "patch_72238_26614",
      "geometry": {
        "type": "Polygon",
        "coordinates": [
          [
            [
              72238,
              26614
            ],
            [
              74139,
              26614
            ],
            [
              74139,
              28515
            ],
            [
              72238,
              28515
            ],
            [
              72238,
              26614
            ]
          ]
        ]
      },
      "properties": {
        "objectType": "annotation",
        "classification": {
          "name": "background_h",
          "color": [
            0,
            0,
            255
          ]
        },
        "isLocked": false
      }
    },
    {
      "type": "Feature",
      "id": "patch_74139_26614",
      "geometry": {
        "type": "Polygon",
        "coordinates": [
          [
            [
              74139,
              26614
            ],
            [
              76040,
              26614
            ],
            [
              76040,
              28515
            ],
            [
              74139,
              28515
            ],
            [
              74139,
              26614
            ]
          ]
        ]
      },
      "properties": {
        "objectType": "annotation",
        "classification": {
          "name": "vessel_h",
          "color": [
            128,
            0,
            128
          ]
        },
        "isLocked": false
      }
    },
    {
      "type": "Feature",
      "id": "patch_76040_26614",
      "geometry": {
        "type": "Polygon",
        "coordinates": [
          [
            [
              76040,
              26614
            ],
            [
              77941,
              26614
            ],
            [
              77941,
              28515
            ],
            [
              76040,
              28515
            ],
            [
              76040,
              26614
            ]
          ]
        ]
      },
      "properties": {
        "objectType": "annotation",
        "classification": {
          "name": "vessel_h",
          "color": [
            128,
            0,
            128
          ]
        },
        "isLocked": false
      }
    },
    {
      "type": "Feature",
      "id": "patch_77941_26614",
      "geometry": {
        "type": "Polygon",
        "coordinates": [
          [
            [
              77941,
              26614
            ],
            [
              79842,
              26614
            ],
            [
              79842,
              28515
            ],
            [
              77941,
              28515
            ],
            [
              77941,
              26614
            ]
          ]
        ]
      },
      "properties": {
        "objectType": "annotation",
        "classification": {
          "name": "vessel_h",
          "color": [
            128,
            0,
            128
          ]
        },
        "isLocked": false
      }
    },
    {
      "type": "Feature",
      "id": "patch_79842_26614",
      "geometry": {
        "type": "Polygon",
        "coordinates": [
          [
            [
              79842,
              26614
            ],
            [
              81743,
              26614
            ],
            [
              81743,
              28515
            ],
            [
              79842,
              28515
            ],
            [
              79842,
              26614
            ]
          ]
        ]
      },
      "properties": {
        "objectType": "annotation",
        "classification": {
          "name": "background_h",
          "color": [
            0,
            0,
            255
          ]
        },
        "isLocked": false
      }
    },
    {
      "type": "Feature",
      "id": "patch_81743_26614",
      "geometry": {
        "type": "Polygon",
        "coordinates": [
          [
            [
              81743,
              26614
            ],
            [
              83644,
              26614
            ],
            [
              83644,
              28515
            ],
            [
              81743,
              28515
            ],
            [
              81743,
              26614
            ]
          ]
        ]
      },
      "properties": {
        "objectType": "annotation",
        "classification": {
          "name": "vessel_h",
          "color": [
            128,
            0,
            128
          ]
        },
        "isLocked": false
      }
    },
    {
      "type": "Feature",
      "id": "patch_83644_26614",
      "geometry": {
        "type": "Polygon",
        "coordinates": [
          [
            [
              83644,
              26614
            ],
            [
              85545,
              26614
            ],
            [
              85545,
              28515
            ],
            [
              83644,
              28515
            ],
            [
              83644,
              26614
            ]
          ]
        ]
      },
      "properties": {
        "objectType": "annotation",
        "classification": {
          "name": "vessel_h",
          "color": [
            128,
            0,
            128
          ]
        },
        "isLocked": false
      }
    },
    {
      "type": "Feature",
      "id": "patch_7604_28515",
      "geometry": {
        "type": "Polygon",
        "coordinates": [
          [
            [
              7604,
              28515
            ],
            [
              9505,
              28515
            ],
            [
              9505,
              30416
            ],
            [
              7604,
              30416
            ],
            [
              7604,
              28515
            ]
          ]
        ]
      },
      "properties": {
        "objectType": "annotation",
        "classification": {
          "name": "background_e",
          "color": [
            255,
            182,
            193
          ]
        },
        "isLocked": false
      }
    },
    {
      "type": "Feature",
      "id": "patch_9505_28515",
      "geometry": {
        "type": "Polygon",
        "coordinates": [
          [
            [
              9505,
              28515
            ],
            [
              11406,
              28515
            ],
            [
              11406,
              30416
            ],
            [
              9505,
              30416
            ],
            [
              9505,
              28515
            ]
          ]
        ]
      },
      "properties": {
        "objectType": "annotation",
        "classification": {
          "name": "background_e",
          "color": [
            255,
            182,
            193
          ]
        },
        "isLocked": false
      }
    },
    {
      "type": "Feature",
      "id": "patch_11406_28515",
      "geometry": {
        "type": "Polygon",
        "coordinates": [
          [
            [
              11406,
              28515
            ],
            [
              13307,
              28515
            ],
            [
              13307,
              30416
            ],
            [
              11406,
              30416
            ],
            [
              11406,
              28515
            ]
          ]
        ]
      },
      "properties": {
        "objectType": "annotation",
        "classification": {
          "name": "background_e",
          "color": [
            255,
            182,
            193
          ]
        },
        "isLocked": false
      }
    },
    {
      "type": "Feature",
      "id": "patch_13307_28515",
      "geometry": {
        "type": "Polygon",
        "coordinates": [
          [
            [
              13307,
              28515
            ],
            [
              15208,
              28515
            ],
            [
              15208,
              30416
            ],
            [
              13307,
              30416
            ],
            [
              13307,
              28515
            ]
          ]
        ]
      },
      "properties": {
        "objectType": "annotation",
        "classification": {
          "name": "background_e",
          "color": [
            255,
            182,
            193
          ]
        },
        "isLocked": false
      }
    },
    {
      "type": "Feature",
      "id": "patch_15208_28515",
      "geometry": {
        "type": "Polygon",
        "coordinates": [
          [
            [
              15208,
              28515
            ],
            [
              17109,
              28515
            ],
            [
              17109,
              30416
            ],
            [
              15208,
              30416
            ],
            [
              15208,
              28515
            ]
          ]
        ]
      },
      "properties": {
        "objectType": "annotation",
        "classification": {
          "name": "background_e",
          "color": [
            255,
            182,
            193
          ]
        },
        "isLocked": false
      }
    },
    {
      "type": "Feature",
      "id": "patch_17109_28515",
      "geometry": {
        "type": "Polygon",
        "coordinates": [
          [
            [
              17109,
              28515
            ],
            [
              19010,
              28515
            ],
            [
              19010,
              30416
            ],
            [
              17109,
              30416
            ],
            [
              17109,
              28515
            ]
          ]
        ]
      },
      "properties": {
        "objectType": "annotation",
        "classification": {
          "name": "background_e",
          "color": [
            255,
            182,
            193
          ]
        },
        "isLocked": false
      }
    },
    {
      "type": "Feature",
      "id": "patch_19010_28515",
      "geometry": {
        "type": "Polygon",
        "coordinates": [
          [
            [
              19010,
              28515
            ],
            [
              20911,
              28515
            ],
            [
              20911,
              30416
            ],
            [
              19010,
              30416
            ],
            [
              19010,
              28515
            ]
          ]
        ]
      },
      "properties": {
        "objectType": "annotation",
        "classification": {
          "name": "background_e",
          "color": [
            255,
            182,
            193
          ]
        },
        "isLocked": false
      }
    },
    {
      "type": "Feature",
      "id": "patch_20911_28515",
      "geometry": {
        "type": "Polygon",
        "coordinates": [
          [
            [
              20911,
              28515
            ],
            [
              22812,
              28515
            ],
            [
              22812,
              30416
            ],
            [
              20911,
              30416
            ],
            [
              20911,
              28515
            ]
          ]
        ]
      },
      "properties": {
        "objectType": "annotation",
        "classification": {
          "name": "background_e",
          "color": [
            255,
            182,
            193
          ]
        },
        "isLocked": false
      }
    },
    {
      "type": "Feature",
      "id": "patch_22812_28515",
      "geometry": {
        "type": "Polygon",
        "coordinates": [
          [
            [
              22812,
              28515
            ],
            [
              24713,
              28515
            ],
            [
              24713,
              30416
            ],
            [
              22812,
              30416
            ],
            [
              22812,
              28515
            ]
          ]
        ]
      },
      "properties": {
        "objectType": "annotation",
        "classification": {
          "name": "background_e",
          "color": [
            255,
            182,
            193
          ]
        },
        "isLocked": false
      }
    },
    {
      "type": "Feature",
      "id": "patch_24713_28515",
      "geometry": {
        "type": "Polygon",
        "coordinates": [
          [
            [
              24713,
              28515
            ],
            [
              26614,
              28515
            ],
            [
              26614,
              30416
            ],
            [
              24713,
              30416
            ],
            [
              24713,
              28515
            ]
          ]
        ]
      },
      "properties": {
        "objectType": "annotation",
        "classification": {
          "name": "background_e",
          "color": [
            255,
            182,
            193
          ]
        },
        "isLocked": false
      }
    },
    {
      "type": "Feature",
      "id": "patch_26614_28515",
      "geometry": {
        "type": "Polygon",
        "coordinates": [
          [
            [
              26614,
              28515
            ],
            [
              28515,
              28515
            ],
            [
              28515,
              30416
            ],
            [
              26614,
              30416
            ],
            [
              26614,
              28515
            ]
          ]
        ]
      },
      "properties": {
        "objectType": "annotation",
        "classification": {
          "name": "background_e",
          "color": [
            255,
            182,
            193
          ]
        },
        "isLocked": false
      }
    },
    {
      "type": "Feature",
      "id": "patch_28515_28515",
      "geometry": {
        "type": "Polygon",
        "coordinates": [
          [
            [
              28515,
              28515
            ],
            [
              30416,
              28515
            ],
            [
              30416,
              30416
            ],
            [
              28515,
              30416
            ],
            [
              28515,
              28515
            ]
          ]
        ]
      },
      "properties": {
        "objectType": "annotation",
        "classification": {
          "name": "vessel_e",
          "color": [
            255,
            0,
            0
          ]
        },
        "isLocked": false
      }
    },
    {
      "type": "Feature",
      "id": "patch_30416_28515",
      "geometry": {
        "type": "Polygon",
        "coordinates": [
          [
            [
              30416,
              28515
            ],
            [
              32317,
              28515
            ],
            [
              32317,
              30416
            ],
            [
              30416,
              30416
            ],
            [
              30416,
              28515
            ]
          ]
        ]
      },
      "properties": {
        "objectType": "annotation",
        "classification": {
          "name": "background_e",
          "color": [
            255,
            182,
            193
          ]
        },
        "isLocked": false
      }
    },
    {
      "type": "Feature",
      "id": "patch_32317_28515",
      "geometry": {
        "type": "Polygon",
        "coordinates": [
          [
            [
              32317,
              28515
            ],
            [
              34218,
              28515
            ],
            [
              34218,
              30416
            ],
            [
              32317,
              30416
            ],
            [
              32317,
              28515
            ]
          ]
        ]
      },
      "properties": {
        "objectType": "annotation",
        "classification": {
          "name": "background_h",
          "color": [
            0,
            0,
            255
          ]
        },
        "isLocked": false
      }
    },
    {
      "type": "Feature",
      "id": "patch_34218_28515",
      "geometry": {
        "type": "Polygon",
        "coordinates": [
          [
            [
              34218,
              28515
            ],
            [
              36119,
              28515
            ],
            [
              36119,
              30416
            ],
            [
              34218,
              30416
            ],
            [
              34218,
              28515
            ]
          ]
        ]
      },
      "properties": {
        "objectType": "annotation",
        "classification": {
          "name": "background_h",
          "color": [
            0,
            0,
            255
          ]
        },
        "isLocked": false
      }
    },
    {
      "type": "Feature",
      "id": "patch_36119_28515",
      "geometry": {
        "type": "Polygon",
        "coordinates": [
          [
            [
              36119,
              28515
            ],
            [
              38020,
              28515
            ],
            [
              38020,
              30416
            ],
            [
              36119,
              30416
            ],
            [
              36119,
              28515
            ]
          ]
        ]
      },
      "properties": {
        "objectType": "annotation",
        "classification": {
          "name": "background_h",
          "color": [
            0,
            0,
            255
          ]
        },
        "isLocked": false
      }
    },
    {
      "type": "Feature",
      "id": "patch_38020_28515",
      "geometry": {
        "type": "Polygon",
        "coordinates": [
          [
            [
              38020,
              28515
            ],
            [
              39921,
              28515
            ],
            [
              39921,
              30416
            ],
            [
              38020,
              30416
            ],
            [
              38020,
              28515
            ]
          ]
        ]
      },
      "properties": {
        "objectType": "annotation",
        "classification": {
          "name": "vessel_h",
          "color": [
            128,
            0,
            128
          ]
        },
        "isLocked": false
      }
    },
    {
      "type": "Feature",
      "id": "patch_39921_28515",
      "geometry": {
        "type": "Polygon",
        "coordinates": [
          [
            [
              39921,
              28515
            ],
            [
              41822,
              28515
            ],
            [
              41822,
              30416
            ],
            [
              39921,
              30416
            ],
            [
              39921,
              28515
            ]
          ]
        ]
      },
      "properties": {
        "objectType": "annotation",
        "classification": {
          "name": "background_h",
          "color": [
            0,
            0,
            255
          ]
        },
        "isLocked": false
      }
    },
    {
      "type": "Feature",
      "id": "patch_41822_28515",
      "geometry": {
        "type": "Polygon",
        "coordinates": [
          [
            [
              41822,
              28515
            ],
            [
              43723,
              28515
            ],
            [
              43723,
              30416
            ],
            [
              41822,
              30416
            ],
            [
              41822,
              28515
            ]
          ]
        ]
      },
      "properties": {
        "objectType": "annotation",
        "classification": {
          "name": "background_h",
          "color": [
            0,
            0,
            255
          ]
        },
        "isLocked": false
      }
    },
    {
      "type": "Feature",
      "id": "patch_43723_28515",
      "geometry": {
        "type": "Polygon",
        "coordinates": [
          [
            [
              43723,
              28515
            ],
            [
              45624,
              28515
            ],
            [
              45624,
              30416
            ],
            [
              43723,
              30416
            ],
            [
              43723,
              28515
            ]
          ]
        ]
      },
      "properties": {
        "objectType": "annotation",
        "classification": {
          "name": "vessel_h",
          "color": [
            128,
            0,
            128
          ]
        },
        "isLocked": false
      }
    },
    {
      "type": "Feature",
      "id": "patch_45624_28515",
      "geometry": {
        "type": "Polygon",
        "coordinates": [
          [
            [
              45624,
              28515
            ],
            [
              47525,
              28515
            ],
            [
              47525,
              30416
            ],
            [
              45624,
              30416
            ],
            [
              45624,
              28515
            ]
          ]
        ]
      },
      "properties": {
        "objectType": "annotation",
        "classification": {
          "name": "vessel_h",
          "color": [
            128,
            0,
            128
          ]
        },
        "isLocked": false
      }
    },
    {
      "type": "Feature",
      "id": "patch_47525_28515",
      "geometry": {
        "type": "Polygon",
        "coordinates": [
          [
            [
              47525,
              28515
            ],
            [
              49426,
              28515
            ],
            [
              49426,
              30416
            ],
            [
              47525,
              30416
            ],
            [
              47525,
              28515
            ]
          ]
        ]
      },
      "properties": {
        "objectType": "annotation",
        "classification": {
          "name": "vessel_h",
          "color": [
            128,
            0,
            128
          ]
        },
        "isLocked": false
      }
    },
    {
      "type": "Feature",
      "id": "patch_49426_28515",
      "geometry": {
        "type": "Polygon",
        "coordinates": [
          [
            [
              49426,
              28515
            ],
            [
              51327,
              28515
            ],
            [
              51327,
              30416
            ],
            [
              49426,
              30416
            ],
            [
              49426,
              28515
            ]
          ]
        ]
      },
      "properties": {
        "objectType": "annotation",
        "classification": {
          "name": "background_e",
          "color": [
            255,
            182,
            193
          ]
        },
        "isLocked": false
      }
    },
    {
      "type": "Feature",
      "id": "patch_51327_28515",
      "geometry": {
        "type": "Polygon",
        "coordinates": [
          [
            [
              51327,
              28515
            ],
            [
              53228,
              28515
            ],
            [
              53228,
              30416
            ],
            [
              51327,
              30416
            ],
            [
              51327,
              28515
            ]
          ]
        ]
      },
      "properties": {
        "objectType": "annotation",
        "classification": {
          "name": "background_e",
          "color": [
            255,
            182,
            193
          ]
        },
        "isLocked": false
      }
    },
    {
      "type": "Feature",
      "id": "patch_53228_28515",
      "geometry": {
        "type": "Polygon",
        "coordinates": [
          [
            [
              53228,
              28515
            ],
            [
              55129,
              28515
            ],
            [
              55129,
              30416
            ],
            [
              53228,
              30416
            ],
            [
              53228,
              28515
            ]
          ]
        ]
      },
      "properties": {
        "objectType": "annotation",
        "classification": {
          "name": "background_e",
          "color": [
            255,
            182,
            193
          ]
        },
        "isLocked": false
      }
    },
    {
      "type": "Feature",
      "id": "patch_55129_28515",
      "geometry": {
        "type": "Polygon",
        "coordinates": [
          [
            [
              55129,
              28515
            ],
            [
              57030,
              28515
            ],
            [
              57030,
              30416
            ],
            [
              55129,
              30416
            ],
            [
              55129,
              28515
            ]
          ]
        ]
      },
      "properties": {
        "objectType": "annotation",
        "classification": {
          "name": "background_e",
          "color": [
            255,
            182,
            193
          ]
        },
        "isLocked": false
      }
    },
    {
      "type": "Feature",
      "id": "patch_57030_28515",
      "geometry": {
        "type": "Polygon",
        "coordinates": [
          [
            [
              57030,
              28515
            ],
            [
              58931,
              28515
            ],
            [
              58931,
              30416
            ],
            [
              57030,
              30416
            ],
            [
              57030,
              28515
            ]
          ]
        ]
      },
      "properties": {
        "objectType": "annotation",
        "classification": {
          "name": "background_e",
          "color": [
            255,
            182,
            193
          ]
        },
        "isLocked": false
      }
    },
    {
      "type": "Feature",
      "id": "patch_58931_28515",
      "geometry": {
        "type": "Polygon",
        "coordinates": [
          [
            [
              58931,
              28515
            ],
            [
              60832,
              28515
            ],
            [
              60832,
              30416
            ],
            [
              58931,
              30416
            ],
            [
              58931,
              28515
            ]
          ]
        ]
      },
      "properties": {
        "objectType": "annotation",
        "classification": {
          "name": "vessel_e",
          "color": [
            255,
            0,
            0
          ]
        },
        "isLocked": false
      }
    },
    {
      "type": "Feature",
      "id": "patch_60832_28515",
      "geometry": {
        "type": "Polygon",
        "coordinates": [
          [
            [
              60832,
              28515
            ],
            [
              62733,
              28515
            ],
            [
              62733,
              30416
            ],
            [
              60832,
              30416
            ],
            [
              60832,
              28515
            ]
          ]
        ]
      },
      "properties": {
        "objectType": "annotation",
        "classification": {
          "name": "background_e",
          "color": [
            255,
            182,
            193
          ]
        },
        "isLocked": false
      }
    },
    {
      "type": "Feature",
      "id": "patch_62733_28515",
      "geometry": {
        "type": "Polygon",
        "coordinates": [
          [
            [
              62733,
              28515
            ],
            [
              64634,
              28515
            ],
            [
              64634,
              30416
            ],
            [
              62733,
              30416
            ],
            [
              62733,
              28515
            ]
          ]
        ]
      },
      "properties": {
        "objectType": "annotation",
        "classification": {
          "name": "background_e",
          "color": [
            255,
            182,
            193
          ]
        },
        "isLocked": false
      }
    },
    {
      "type": "Feature",
      "id": "patch_64634_28515",
      "geometry": {
        "type": "Polygon",
        "coordinates": [
          [
            [
              64634,
              28515
            ],
            [
              66535,
              28515
            ],
            [
              66535,
              30416
            ],
            [
              64634,
              30416
            ],
            [
              64634,
              28515
            ]
          ]
        ]
      },
      "properties": {
        "objectType": "annotation",
        "classification": {
          "name": "background_e",
          "color": [
            255,
            182,
            193
          ]
        },
        "isLocked": false
      }
    },
    {
      "type": "Feature",
      "id": "patch_66535_28515",
      "geometry": {
        "type": "Polygon",
        "coordinates": [
          [
            [
              66535,
              28515
            ],
            [
              68436,
              28515
            ],
            [
              68436,
              30416
            ],
            [
              66535,
              30416
            ],
            [
              66535,
              28515
            ]
          ]
        ]
      },
      "properties": {
        "objectType": "annotation",
        "classification": {
          "name": "background_e",
          "color": [
            255,
            182,
            193
          ]
        },
        "isLocked": false
      }
    },
    {
      "type": "Feature",
      "id": "patch_68436_28515",
      "geometry": {
        "type": "Polygon",
        "coordinates": [
          [
            [
              68436,
              28515
            ],
            [
              70337,
              28515
            ],
            [
              70337,
              30416
            ],
            [
              68436,
              30416
            ],
            [
              68436,
              28515
            ]
          ]
        ]
      },
      "properties": {
        "objectType": "annotation",
        "classification": {
          "name": "background_h",
          "color": [
            0,
            0,
            255
          ]
        },
        "isLocked": false
      }
    },
    {
      "type": "Feature",
      "id": "patch_70337_28515",
      "geometry": {
        "type": "Polygon",
        "coordinates": [
          [
            [
              70337,
              28515
            ],
            [
              72238,
              28515
            ],
            [
              72238,
              30416
            ],
            [
              70337,
              30416
            ],
            [
              70337,
              28515
            ]
          ]
        ]
      },
      "properties": {
        "objectType": "annotation",
        "classification": {
          "name": "vessel_h",
          "color": [
            128,
            0,
            128
          ]
        },
        "isLocked": false
      }
    },
    {
      "type": "Feature",
      "id": "patch_72238_28515",
      "geometry": {
        "type": "Polygon",
        "coordinates": [
          [
            [
              72238,
              28515
            ],
            [
              74139,
              28515
            ],
            [
              74139,
              30416
            ],
            [
              72238,
              30416
            ],
            [
              72238,
              28515
            ]
          ]
        ]
      },
      "properties": {
        "objectType": "annotation",
        "classification": {
          "name": "background_h",
          "color": [
            0,
            0,
            255
          ]
        },
        "isLocked": false
      }
    },
    {
      "type": "Feature",
      "id": "patch_74139_28515",
      "geometry": {
        "type": "Polygon",
        "coordinates": [
          [
            [
              74139,
              28515
            ],
            [
              76040,
              28515
            ],
            [
              76040,
              30416
            ],
            [
              74139,
              30416
            ],
            [
              74139,
              28515
            ]
          ]
        ]
      },
      "properties": {
        "objectType": "annotation",
        "classification": {
          "name": "background_h",
          "color": [
            0,
            0,
            255
          ]
        },
        "isLocked": false
      }
    },
    {
      "type": "Feature",
      "id": "patch_76040_28515",
      "geometry": {
        "type": "Polygon",
        "coordinates": [
          [
            [
              76040,
              28515
            ],
            [
              77941,
              28515
            ],
            [
              77941,
              30416
            ],
            [
              76040,
              30416
            ],
            [
              76040,
              28515
            ]
          ]
        ]
      },
      "properties": {
        "objectType": "annotation",
        "classification": {
          "name": "background_h",
          "color": [
            0,
            0,
            255
          ]
        },
        "isLocked": false
      }
    },
    {
      "type": "Feature",
      "id": "patch_77941_28515",
      "geometry": {
        "type": "Polygon",
        "coordinates": [
          [
            [
              77941,
              28515
            ],
            [
              79842,
              28515
            ],
            [
              79842,
              30416
            ],
            [
              77941,
              30416
            ],
            [
              77941,
              28515
            ]
          ]
        ]
      },
      "properties": {
        "objectType": "annotation",
        "classification": {
          "name": "vessel_h",
          "color": [
            128,
            0,
            128
          ]
        },
        "isLocked": false
      }
    },
    {
      "type": "Feature",
      "id": "patch_79842_28515",
      "geometry": {
        "type": "Polygon",
        "coordinates": [
          [
            [
              79842,
              28515
            ],
            [
              81743,
              28515
            ],
            [
              81743,
              30416
            ],
            [
              79842,
              30416
            ],
            [
              79842,
              28515
            ]
          ]
        ]
      },
      "properties": {
        "objectType": "annotation",
        "classification": {
          "name": "vessel_h",
          "color": [
            128,
            0,
            128
          ]
        },
        "isLocked": false
      }
    },
    {
      "type": "Feature",
      "id": "patch_81743_28515",
      "geometry": {
        "type": "Polygon",
        "coordinates": [
          [
            [
              81743,
              28515
            ],
            [
              83644,
              28515
            ],
            [
              83644,
              30416
            ],
            [
              81743,
              30416
            ],
            [
              81743,
              28515
            ]
          ]
        ]
      },
      "properties": {
        "objectType": "annotation",
        "classification": {
          "name": "vessel_h",
          "color": [
            128,
            0,
            128
          ]
        },
        "isLocked": false
      }
    },
    {
      "type": "Feature",
      "id": "patch_83644_28515",
      "geometry": {
        "type": "Polygon",
        "coordinates": [
          [
            [
              83644,
              28515
            ],
            [
              85545,
              28515
            ],
            [
              85545,
              30416
            ],
            [
              83644,
              30416
            ],
            [
              83644,
              28515
            ]
          ]
        ]
      },
      "properties": {
        "objectType": "annotation",
        "classification": {
          "name": "background_h",
          "color": [
            0,
            0,
            255
          ]
        },
        "isLocked": false
      }
    },
    {
      "type": "Feature",
      "id": "patch_85545_28515",
      "geometry": {
        "type": "Polygon",
        "coordinates": [
          [
            [
              85545,
              28515
            ],
            [
              87446,
              28515
            ],
            [
              87446,
              30416
            ],
            [
              85545,
              30416
            ],
            [
              85545,
              28515
            ]
          ]
        ]
      },
      "properties": {
        "objectType": "annotation",
        "classification": {
          "name": "background_h",
          "color": [
            0,
            0,
            255
          ]
        },
        "isLocked": false
      }
    },
    {
      "type": "Feature",
      "id": "patch_9505_30416",
      "geometry": {
        "type": "Polygon",
        "coordinates": [
          [
            [
              9505,
              30416
            ],
            [
              11406,
              30416
            ],
            [
              11406,
              32317
            ],
            [
              9505,
              32317
            ],
            [
              9505,
              30416
            ]
          ]
        ]
      },
      "properties": {
        "objectType": "annotation",
        "classification": {
          "name": "background_e",
          "color": [
            255,
            182,
            193
          ]
        },
        "isLocked": false
      }
    },
    {
      "type": "Feature",
      "id": "patch_11406_30416",
      "geometry": {
        "type": "Polygon",
        "coordinates": [
          [
            [
              11406,
              30416
            ],
            [
              13307,
              30416
            ],
            [
              13307,
              32317
            ],
            [
              11406,
              32317
            ],
            [
              11406,
              30416
            ]
          ]
        ]
      },
      "properties": {
        "objectType": "annotation",
        "classification": {
          "name": "background_e",
          "color": [
            255,
            182,
            193
          ]
        },
        "isLocked": false
      }
    },
    {
      "type": "Feature",
      "id": "patch_13307_30416",
      "geometry": {
        "type": "Polygon",
        "coordinates": [
          [
            [
              13307,
              30416
            ],
            [
              15208,
              30416
            ],
            [
              15208,
              32317
            ],
            [
              13307,
              32317
            ],
            [
              13307,
              30416
            ]
          ]
        ]
      },
      "properties": {
        "objectType": "annotation",
        "classification": {
          "name": "background_e",
          "color": [
            255,
            182,
            193
          ]
        },
        "isLocked": false
      }
    },
    {
      "type": "Feature",
      "id": "patch_15208_30416",
      "geometry": {
        "type": "Polygon",
        "coordinates": [
          [
            [
              15208,
              30416
            ],
            [
              17109,
              30416
            ],
            [
              17109,
              32317
            ],
            [
              15208,
              32317
            ],
            [
              15208,
              30416
            ]
          ]
        ]
      },
      "properties": {
        "objectType": "annotation",
        "classification": {
          "name": "background_e",
          "color": [
            255,
            182,
            193
          ]
        },
        "isLocked": false
      }
    },
    {
      "type": "Feature",
      "id": "patch_17109_30416",
      "geometry": {
        "type": "Polygon",
        "coordinates": [
          [
            [
              17109,
              30416
            ],
            [
              19010,
              30416
            ],
            [
              19010,
              32317
            ],
            [
              17109,
              32317
            ],
            [
              17109,
              30416
            ]
          ]
        ]
      },
      "properties": {
        "objectType": "annotation",
        "classification": {
          "name": "background_e",
          "color": [
            255,
            182,
            193
          ]
        },
        "isLocked": false
      }
    },
    {
      "type": "Feature",
      "id": "patch_19010_30416",
      "geometry": {
        "type": "Polygon",
        "coordinates": [
          [
            [
              19010,
              30416
            ],
            [
              20911,
              30416
            ],
            [
              20911,
              32317
            ],
            [
              19010,
              32317
            ],
            [
              19010,
              30416
            ]
          ]
        ]
      },
      "properties": {
        "objectType": "annotation",
        "classification": {
          "name": "vessel_h",
          "color": [
            128,
            0,
            128
          ]
        },
        "isLocked": false
      }
    },
    {
      "type": "Feature",
      "id": "patch_20911_30416",
      "geometry": {
        "type": "Polygon",
        "coordinates": [
          [
            [
              20911,
              30416
            ],
            [
              22812,
              30416
            ],
            [
              22812,
              32317
            ],
            [
              20911,
              32317
            ],
            [
              20911,
              30416
            ]
          ]
        ]
      },
      "properties": {
        "objectType": "annotation",
        "classification": {
          "name": "background_h",
          "color": [
            0,
            0,
            255
          ]
        },
        "isLocked": false
      }
    },
    {
      "type": "Feature",
      "id": "patch_22812_30416",
      "geometry": {
        "type": "Polygon",
        "coordinates": [
          [
            [
              22812,
              30416
            ],
            [
              24713,
              30416
            ],
            [
              24713,
              32317
            ],
            [
              22812,
              32317
            ],
            [
              22812,
              30416
            ]
          ]
        ]
      },
      "properties": {
        "objectType": "annotation",
        "classification": {
          "name": "background_h",
          "color": [
            0,
            0,
            255
          ]
        },
        "isLocked": false
      }
    },
    {
      "type": "Feature",
      "id": "patch_24713_30416",
      "geometry": {
        "type": "Polygon",
        "coordinates": [
          [
            [
              24713,
              30416
            ],
            [
              26614,
              30416
            ],
            [
              26614,
              32317
            ],
            [
              24713,
              32317
            ],
            [
              24713,
              30416
            ]
          ]
        ]
      },
      "properties": {
        "objectType": "annotation",
        "classification": {
          "name": "vessel_h",
          "color": [
            128,
            0,
            128
          ]
        },
        "isLocked": false
      }
    },
    {
      "type": "Feature",
      "id": "patch_26614_30416",
      "geometry": {
        "type": "Polygon",
        "coordinates": [
          [
            [
              26614,
              30416
            ],
            [
              28515,
              30416
            ],
            [
              28515,
              32317
            ],
            [
              26614,
              32317
            ],
            [
              26614,
              30416
            ]
          ]
        ]
      },
      "properties": {
        "objectType": "annotation",
        "classification": {
          "name": "background_h",
          "color": [
            0,
            0,
            255
          ]
        },
        "isLocked": false
      }
    },
    {
      "type": "Feature",
      "id": "patch_28515_30416",
      "geometry": {
        "type": "Polygon",
        "coordinates": [
          [
            [
              28515,
              30416
            ],
            [
              30416,
              30416
            ],
            [
              30416,
              32317
            ],
            [
              28515,
              32317
            ],
            [
              28515,
              30416
            ]
          ]
        ]
      },
      "properties": {
        "objectType": "annotation",
        "classification": {
          "name": "background_h",
          "color": [
            0,
            0,
            255
          ]
        },
        "isLocked": false
      }
    },
    {
      "type": "Feature",
      "id": "patch_30416_30416",
      "geometry": {
        "type": "Polygon",
        "coordinates": [
          [
            [
              30416,
              30416
            ],
            [
              32317,
              30416
            ],
            [
              32317,
              32317
            ],
            [
              30416,
              32317
            ],
            [
              30416,
              30416
            ]
          ]
        ]
      },
      "properties": {
        "objectType": "annotation",
        "classification": {
          "name": "vessel_h",
          "color": [
            128,
            0,
            128
          ]
        },
        "isLocked": false
      }
    },
    {
      "type": "Feature",
      "id": "patch_32317_30416",
      "geometry": {
        "type": "Polygon",
        "coordinates": [
          [
            [
              32317,
              30416
            ],
            [
              34218,
              30416
            ],
            [
              34218,
              32317
            ],
            [
              32317,
              32317
            ],
            [
              32317,
              30416
            ]
          ]
        ]
      },
      "properties": {
        "objectType": "annotation",
        "classification": {
          "name": "background_h",
          "color": [
            0,
            0,
            255
          ]
        },
        "isLocked": false
      }
    },
    {
      "type": "Feature",
      "id": "patch_34218_30416",
      "geometry": {
        "type": "Polygon",
        "coordinates": [
          [
            [
              34218,
              30416
            ],
            [
              36119,
              30416
            ],
            [
              36119,
              32317
            ],
            [
              34218,
              32317
            ],
            [
              34218,
              30416
            ]
          ]
        ]
      },
      "properties": {
        "objectType": "annotation",
        "classification": {
          "name": "background_h",
          "color": [
            0,
            0,
            255
          ]
        },
        "isLocked": false
      }
    },
    {
      "type": "Feature",
      "id": "patch_36119_30416",
      "geometry": {
        "type": "Polygon",
        "coordinates": [
          [
            [
              36119,
              30416
            ],
            [
              38020,
              30416
            ],
            [
              38020,
              32317
            ],
            [
              36119,
              32317
            ],
            [
              36119,
              30416
            ]
          ]
        ]
      },
      "properties": {
        "objectType": "annotation",
        "classification": {
          "name": "background_h",
          "color": [
            0,
            0,
            255
          ]
        },
        "isLocked": false
      }
    },
    {
      "type": "Feature",
      "id": "patch_38020_30416",
      "geometry": {
        "type": "Polygon",
        "coordinates": [
          [
            [
              38020,
              30416
            ],
            [
              39921,
              30416
            ],
            [
              39921,
              32317
            ],
            [
              38020,
              32317
            ],
            [
              38020,
              30416
            ]
          ]
        ]
      },
      "properties": {
        "objectType": "annotation",
        "classification": {
          "name": "background_h",
          "color": [
            0,
            0,
            255
          ]
        },
        "isLocked": false
      }
    },
    {
      "type": "Feature",
      "id": "patch_39921_30416",
      "geometry": {
        "type": "Polygon",
        "coordinates": [
          [
            [
              39921,
              30416
            ],
            [
              41822,
              30416
            ],
            [
              41822,
              32317
            ],
            [
              39921,
              32317
            ],
            [
              39921,
              30416
            ]
          ]
        ]
      },
      "properties": {
        "objectType": "annotation",
        "classification": {
          "name": "background_h",
          "color": [
            0,
            0,
            255
          ]
        },
        "isLocked": false
      }
    },
    {
      "type": "Feature",
      "id": "patch_41822_30416",
      "geometry": {
        "type": "Polygon",
        "coordinates": [
          [
            [
              41822,
              30416
            ],
            [
              43723,
              30416
            ],
            [
              43723,
              32317
            ],
            [
              41822,
              32317
            ],
            [
              41822,
              30416
            ]
          ]
        ]
      },
      "properties": {
        "objectType": "annotation",
        "classification": {
          "name": "vessel_h",
          "color": [
            128,
            0,
            128
          ]
        },
        "isLocked": false
      }
    },
    {
      "type": "Feature",
      "id": "patch_43723_30416",
      "geometry": {
        "type": "Polygon",
        "coordinates": [
          [
            [
              43723,
              30416
            ],
            [
              45624,
              30416
            ],
            [
              45624,
              32317
            ],
            [
              43723,
              32317
            ],
            [
              43723,
              30416
            ]
          ]
        ]
      },
      "properties": {
        "objectType": "annotation",
        "classification": {
          "name": "vessel_h",
          "color": [
            128,
            0,
            128
          ]
        },
        "isLocked": false
      }
    },
    {
      "type": "Feature",
      "id": "patch_45624_30416",
      "geometry": {
        "type": "Polygon",
        "coordinates": [
          [
            [
              45624,
              30416
            ],
            [
              47525,
              30416
            ],
            [
              47525,
              32317
            ],
            [
              45624,
              32317
            ],
            [
              45624,
              30416
            ]
          ]
        ]
      },
      "properties": {
        "objectType": "annotation",
        "classification": {
          "name": "vessel_h",
          "color": [
            128,
            0,
            128
          ]
        },
        "isLocked": false
      }
    },
    {
      "type": "Feature",
      "id": "patch_47525_30416",
      "geometry": {
        "type": "Polygon",
        "coordinates": [
          [
            [
              47525,
              30416
            ],
            [
              49426,
              30416
            ],
            [
              49426,
              32317
            ],
            [
              47525,
              32317
            ],
            [
              47525,
              30416
            ]
          ]
        ]
      },
      "properties": {
        "objectType": "annotation",
        "classification": {
          "name": "vessel_h",
          "color": [
            128,
            0,
            128
          ]
        },
        "isLocked": false
      }
    },
    {
      "type": "Feature",
      "id": "patch_49426_30416",
      "geometry": {
        "type": "Polygon",
        "coordinates": [
          [
            [
              49426,
              30416
            ],
            [
              51327,
              30416
            ],
            [
              51327,
              32317
            ],
            [
              49426,
              32317
            ],
            [
              49426,
              30416
            ]
          ]
        ]
      },
      "properties": {
        "objectType": "annotation",
        "classification": {
          "name": "background_e",
          "color": [
            255,
            182,
            193
          ]
        },
        "isLocked": false
      }
    },
    {
      "type": "Feature",
      "id": "patch_51327_30416",
      "geometry": {
        "type": "Polygon",
        "coordinates": [
          [
            [
              51327,
              30416
            ],
            [
              53228,
              30416
            ],
            [
              53228,
              32317
            ],
            [
              51327,
              32317
            ],
            [
              51327,
              30416
            ]
          ]
        ]
      },
      "properties": {
        "objectType": "annotation",
        "classification": {
          "name": "background_e",
          "color": [
            255,
            182,
            193
          ]
        },
        "isLocked": false
      }
    },
    {
      "type": "Feature",
      "id": "patch_53228_30416",
      "geometry": {
        "type": "Polygon",
        "coordinates": [
          [
            [
              53228,
              30416
            ],
            [
              55129,
              30416
            ],
            [
              55129,
              32317
            ],
            [
              53228,
              32317
            ],
            [
              53228,
              30416
            ]
          ]
        ]
      },
      "properties": {
        "objectType": "annotation",
        "classification": {
          "name": "background_e",
          "color": [
            255,
            182,
            193
          ]
        },
        "isLocked": false
      }
    },
    {
      "type": "Feature",
      "id": "patch_55129_30416",
      "geometry": {
        "type": "Polygon",
        "coordinates": [
          [
            [
              55129,
              30416
            ],
            [
              57030,
              30416
            ],
            [
              57030,
              32317
            ],
            [
              55129,
              32317
            ],
            [
              55129,
              30416
            ]
          ]
        ]
      },
      "properties": {
        "objectType": "annotation",
        "classification": {
          "name": "background_e",
          "color": [
            255,
            182,
            193
          ]
        },
        "isLocked": false
      }
    },
    {
      "type": "Feature",
      "id": "patch_57030_30416",
      "geometry": {
        "type": "Polygon",
        "coordinates": [
          [
            [
              57030,
              30416
            ],
            [
              58931,
              30416
            ],
            [
              58931,
              32317
            ],
            [
              57030,
              32317
            ],
            [
              57030,
              30416
            ]
          ]
        ]
      },
      "properties": {
        "objectType": "annotation",
        "classification": {
          "name": "background_e",
          "color": [
            255,
            182,
            193
          ]
        },
        "isLocked": false
      }
    },
    {
      "type": "Feature",
      "id": "patch_58931_30416",
      "geometry": {
        "type": "Polygon",
        "coordinates": [
          [
            [
              58931,
              30416
            ],
            [
              60832,
              30416
            ],
            [
              60832,
              32317
            ],
            [
              58931,
              32317
            ],
            [
              58931,
              30416
            ]
          ]
        ]
      },
      "properties": {
        "objectType": "annotation",
        "classification": {
          "name": "background_e",
          "color": [
            255,
            182,
            193
          ]
        },
        "isLocked": false
      }
    },
    {
      "type": "Feature",
      "id": "patch_60832_30416",
      "geometry": {
        "type": "Polygon",
        "coordinates": [
          [
            [
              60832,
              30416
            ],
            [
              62733,
              30416
            ],
            [
              62733,
              32317
            ],
            [
              60832,
              32317
            ],
            [
              60832,
              30416
            ]
          ]
        ]
      },
      "properties": {
        "objectType": "annotation",
        "classification": {
          "name": "background_e",
          "color": [
            255,
            182,
            193
          ]
        },
        "isLocked": false
      }
    },
    {
      "type": "Feature",
      "id": "patch_62733_30416",
      "geometry": {
        "type": "Polygon",
        "coordinates": [
          [
            [
              62733,
              30416
            ],
            [
              64634,
              30416
            ],
            [
              64634,
              32317
            ],
            [
              62733,
              32317
            ],
            [
              62733,
              30416
            ]
          ]
        ]
      },
      "properties": {
        "objectType": "annotation",
        "classification": {
          "name": "background_e",
          "color": [
            255,
            182,
            193
          ]
        },
        "isLocked": false
      }
    },
    {
      "type": "Feature",
      "id": "patch_64634_30416",
      "geometry": {
        "type": "Polygon",
        "coordinates": [
          [
            [
              64634,
              30416
            ],
            [
              66535,
              30416
            ],
            [
              66535,
              32317
            ],
            [
              64634,
              32317
            ],
            [
              64634,
              30416
            ]
          ]
        ]
      },
      "properties": {
        "objectType": "annotation",
        "classification": {
          "name": "background_e",
          "color": [
            255,
            182,
            193
          ]
        },
        "isLocked": false
      }
    },
    {
      "type": "Feature",
      "id": "patch_66535_30416",
      "geometry": {
        "type": "Polygon",
        "coordinates": [
          [
            [
              66535,
              30416
            ],
            [
              68436,
              30416
            ],
            [
              68436,
              32317
            ],
            [
              66535,
              32317
            ],
            [
              66535,
              30416
            ]
          ]
        ]
      },
      "properties": {
        "objectType": "annotation",
        "classification": {
          "name": "background_e",
          "color": [
            255,
            182,
            193
          ]
        },
        "isLocked": false
      }
    },
    {
      "type": "Feature",
      "id": "patch_68436_30416",
      "geometry": {
        "type": "Polygon",
        "coordinates": [
          [
            [
              68436,
              30416
            ],
            [
              70337,
              30416
            ],
            [
              70337,
              32317
            ],
            [
              68436,
              32317
            ],
            [
              68436,
              30416
            ]
          ]
        ]
      },
      "properties": {
        "objectType": "annotation",
        "classification": {
          "name": "vessel_h",
          "color": [
            128,
            0,
            128
          ]
        },
        "isLocked": false
      }
    },
    {
      "type": "Feature",
      "id": "patch_70337_30416",
      "geometry": {
        "type": "Polygon",
        "coordinates": [
          [
            [
              70337,
              30416
            ],
            [
              72238,
              30416
            ],
            [
              72238,
              32317
            ],
            [
              70337,
              32317
            ],
            [
              70337,
              30416
            ]
          ]
        ]
      },
      "properties": {
        "objectType": "annotation",
        "classification": {
          "name": "background_h",
          "color": [
            0,
            0,
            255
          ]
        },
        "isLocked": false
      }
    },
    {
      "type": "Feature",
      "id": "patch_72238_30416",
      "geometry": {
        "type": "Polygon",
        "coordinates": [
          [
            [
              72238,
              30416
            ],
            [
              74139,
              30416
            ],
            [
              74139,
              32317
            ],
            [
              72238,
              32317
            ],
            [
              72238,
              30416
            ]
          ]
        ]
      },
      "properties": {
        "objectType": "annotation",
        "classification": {
          "name": "background_h",
          "color": [
            0,
            0,
            255
          ]
        },
        "isLocked": false
      }
    },
    {
      "type": "Feature",
      "id": "patch_74139_30416",
      "geometry": {
        "type": "Polygon",
        "coordinates": [
          [
            [
              74139,
              30416
            ],
            [
              76040,
              30416
            ],
            [
              76040,
              32317
            ],
            [
              74139,
              32317
            ],
            [
              74139,
              30416
            ]
          ]
        ]
      },
      "properties": {
        "objectType": "annotation",
        "classification": {
          "name": "vessel_h",
          "color": [
            128,
            0,
            128
          ]
        },
        "isLocked": false
      }
    },
    {
      "type": "Feature",
      "id": "patch_76040_30416",
      "geometry": {
        "type": "Polygon",
        "coordinates": [
          [
            [
              76040,
              30416
            ],
            [
              77941,
              30416
            ],
            [
              77941,
              32317
            ],
            [
              76040,
              32317
            ],
            [
              76040,
              30416
            ]
          ]
        ]
      },
      "properties": {
        "objectType": "annotation",
        "classification": {
          "name": "background_h",
          "color": [
            0,
            0,
            255
          ]
        },
        "isLocked": false
      }
    },
    {
      "type": "Feature",
      "id": "patch_77941_30416",
      "geometry": {
        "type": "Polygon",
        "coordinates": [
          [
            [
              77941,
              30416
            ],
            [
              79842,
              30416
            ],
            [
              79842,
              32317
            ],
            [
              77941,
              32317
            ],
            [
              77941,
              30416
            ]
          ]
        ]
      },
      "properties": {
        "objectType": "annotation",
        "classification": {
          "name": "vessel_h",
          "color": [
            128,
            0,
            128
          ]
        },
        "isLocked": false
      }
    },
    {
      "type": "Feature",
      "id": "patch_79842_30416",
      "geometry": {
        "type": "Polygon",
        "coordinates": [
          [
            [
              79842,
              30416
            ],
            [
              81743,
              30416
            ],
            [
              81743,
              32317
            ],
            [
              79842,
              32317
            ],
            [
              79842,
              30416
            ]
          ]
        ]
      },
      "properties": {
        "objectType": "annotation",
        "classification": {
          "name": "background_h",
          "color": [
            0,
            0,
            255
          ]
        },
        "isLocked": false
      }
    },
    {
      "type": "Feature",
      "id": "patch_81743_30416",
      "geometry": {
        "type": "Polygon",
        "coordinates": [
          [
            [
              81743,
              30416
            ],
            [
              83644,
              30416
            ],
            [
              83644,
              32317
            ],
            [
              81743,
              32317
            ],
            [
              81743,
              30416
            ]
          ]
        ]
      },
      "properties": {
        "objectType": "annotation",
        "classification": {
          "name": "vessel_h",
          "color": [
            128,
            0,
            128
          ]
        },
        "isLocked": false
      }
    },
    {
      "type": "Feature",
      "id": "patch_83644_30416",
      "geometry": {
        "type": "Polygon",
        "coordinates": [
          [
            [
              83644,
              30416
            ],
            [
              85545,
              30416
            ],
            [
              85545,
              32317
            ],
            [
              83644,
              32317
            ],
            [
              83644,
              30416
            ]
          ]
        ]
      },
      "properties": {
        "objectType": "annotation",
        "classification": {
          "name": "background_h",
          "color": [
            0,
            0,
            255
          ]
        },
        "isLocked": false
      }
    },
    {
      "type": "Feature",
      "id": "patch_85545_30416",
      "geometry": {
        "type": "Polygon",
        "coordinates": [
          [
            [
              85545,
              30416
            ],
            [
              87446,
              30416
            ],
            [
              87446,
              32317
            ],
            [
              85545,
              32317
            ],
            [
              85545,
              30416
            ]
          ]
        ]
      },
      "properties": {
        "objectType": "annotation",
        "classification": {
          "name": "vessel_h",
          "color": [
            128,
            0,
            128
          ]
        },
        "isLocked": false
      }
    },
    {
      "type": "Feature",
      "id": "patch_9505_32317",
      "geometry": {
        "type": "Polygon",
        "coordinates": [
          [
            [
              9505,
              32317
            ],
            [
              11406,
              32317
            ],
            [
              11406,
              34218
            ],
            [
              9505,
              34218
            ],
            [
              9505,
              32317
            ]
          ]
        ]
      },
      "properties": {
        "objectType": "annotation",
        "classification": {
          "name": "background_e",
          "color": [
            255,
            182,
            193
          ]
        },
        "isLocked": false
      }
    },
    {
      "type": "Feature",
      "id": "patch_11406_32317",
      "geometry": {
        "type": "Polygon",
        "coordinates": [
          [
            [
              11406,
              32317
            ],
            [
              13307,
              32317
            ],
            [
              13307,
              34218
            ],
            [
              11406,
              34218
            ],
            [
              11406,
              32317
            ]
          ]
        ]
      },
      "properties": {
        "objectType": "annotation",
        "classification": {
          "name": "background_e",
          "color": [
            255,
            182,
            193
          ]
        },
        "isLocked": false
      }
    },
    {
      "type": "Feature",
      "id": "patch_13307_32317",
      "geometry": {
        "type": "Polygon",
        "coordinates": [
          [
            [
              13307,
              32317
            ],
            [
              15208,
              32317
            ],
            [
              15208,
              34218
            ],
            [
              13307,
              34218
            ],
            [
              13307,
              32317
            ]
          ]
        ]
      },
      "properties": {
        "objectType": "annotation",
        "classification": {
          "name": "background_e",
          "color": [
            255,
            182,
            193
          ]
        },
        "isLocked": false
      }
    },
    {
      "type": "Feature",
      "id": "patch_15208_32317",
      "geometry": {
        "type": "Polygon",
        "coordinates": [
          [
            [
              15208,
              32317
            ],
            [
              17109,
              32317
            ],
            [
              17109,
              34218
            ],
            [
              15208,
              34218
            ],
            [
              15208,
              32317
            ]
          ]
        ]
      },
      "properties": {
        "objectType": "annotation",
        "classification": {
          "name": "background_e",
          "color": [
            255,
            182,
            193
          ]
        },
        "isLocked": false
      }
    },
    {
      "type": "Feature",
      "id": "patch_17109_32317",
      "geometry": {
        "type": "Polygon",
        "coordinates": [
          [
            [
              17109,
              32317
            ],
            [
              19010,
              32317
            ],
            [
              19010,
              34218
            ],
            [
              17109,
              34218
            ],
            [
              17109,
              32317
            ]
          ]
        ]
      },
      "properties": {
        "objectType": "annotation",
        "classification": {
          "name": "background_e",
          "color": [
            255,
            182,
            193
          ]
        },
        "isLocked": false
      }
    },
    {
      "type": "Feature",
      "id": "patch_19010_32317",
      "geometry": {
        "type": "Polygon",
        "coordinates": [
          [
            [
              19010,
              32317
            ],
            [
              20911,
              32317
            ],
            [
              20911,
              34218
            ],
            [
              19010,
              34218
            ],
            [
              19010,
              32317
            ]
          ]
        ]
      },
      "properties": {
        "objectType": "annotation",
        "classification": {
          "name": "background_h",
          "color": [
            0,
            0,
            255
          ]
        },
        "isLocked": false
      }
    },
    {
      "type": "Feature",
      "id": "patch_20911_32317",
      "geometry": {
        "type": "Polygon",
        "coordinates": [
          [
            [
              20911,
              32317
            ],
            [
              22812,
              32317
            ],
            [
              22812,
              34218
            ],
            [
              20911,
              34218
            ],
            [
              20911,
              32317
            ]
          ]
        ]
      },
      "properties": {
        "objectType": "annotation",
        "classification": {
          "name": "background_h",
          "color": [
            0,
            0,
            255
          ]
        },
        "isLocked": false
      }
    },
    {
      "type": "Feature",
      "id": "patch_22812_32317",
      "geometry": {
        "type": "Polygon",
        "coordinates": [
          [
            [
              22812,
              32317
            ],
            [
              24713,
              32317
            ],
            [
              24713,
              34218
            ],
            [
              22812,
              34218
            ],
            [
              22812,
              32317
            ]
          ]
        ]
      },
      "properties": {
        "objectType": "annotation",
        "classification": {
          "name": "background_h",
          "color": [
            0,
            0,
            255
          ]
        },
        "isLocked": false
      }
    },
    {
      "type": "Feature",
      "id": "patch_24713_32317",
      "geometry": {
        "type": "Polygon",
        "coordinates": [
          [
            [
              24713,
              32317
            ],
            [
              26614,
              32317
            ],
            [
              26614,
              34218
            ],
            [
              24713,
              34218
            ],
            [
              24713,
              32317
            ]
          ]
        ]
      },
      "properties": {
        "objectType": "annotation",
        "classification": {
          "name": "background_h",
          "color": [
            0,
            0,
            255
          ]
        },
        "isLocked": false
      }
    },
    {
      "type": "Feature",
      "id": "patch_26614_32317",
      "geometry": {
        "type": "Polygon",
        "coordinates": [
          [
            [
              26614,
              32317
            ],
            [
              28515,
              32317
            ],
            [
              28515,
              34218
            ],
            [
              26614,
              34218
            ],
            [
              26614,
              32317
            ]
          ]
        ]
      },
      "properties": {
        "objectType": "annotation",
        "classification": {
          "name": "background_h",
          "color": [
            0,
            0,
            255
          ]
        },
        "isLocked": false
      }
    },
    {
      "type": "Feature",
      "id": "patch_28515_32317",
      "geometry": {
        "type": "Polygon",
        "coordinates": [
          [
            [
              28515,
              32317
            ],
            [
              30416,
              32317
            ],
            [
              30416,
              34218
            ],
            [
              28515,
              34218
            ],
            [
              28515,
              32317
            ]
          ]
        ]
      },
      "properties": {
        "objectType": "annotation",
        "classification": {
          "name": "background_h",
          "color": [
            0,
            0,
            255
          ]
        },
        "isLocked": false
      }
    },
    {
      "type": "Feature",
      "id": "patch_30416_32317",
      "geometry": {
        "type": "Polygon",
        "coordinates": [
          [
            [
              30416,
              32317
            ],
            [
              32317,
              32317
            ],
            [
              32317,
              34218
            ],
            [
              30416,
              34218
            ],
            [
              30416,
              32317
            ]
          ]
        ]
      },
      "properties": {
        "objectType": "annotation",
        "classification": {
          "name": "background_h",
          "color": [
            0,
            0,
            255
          ]
        },
        "isLocked": false
      }
    },
    {
      "type": "Feature",
      "id": "patch_32317_32317",
      "geometry": {
        "type": "Polygon",
        "coordinates": [
          [
            [
              32317,
              32317
            ],
            [
              34218,
              32317
            ],
            [
              34218,
              34218
            ],
            [
              32317,
              34218
            ],
            [
              32317,
              32317
            ]
          ]
        ]
      },
      "properties": {
        "objectType": "annotation",
        "classification": {
          "name": "background_h",
          "color": [
            0,
            0,
            255
          ]
        },
        "isLocked": false
      }
    },
    {
      "type": "Feature",
      "id": "patch_34218_32317",
      "geometry": {
        "type": "Polygon",
        "coordinates": [
          [
            [
              34218,
              32317
            ],
            [
              36119,
              32317
            ],
            [
              36119,
              34218
            ],
            [
              34218,
              34218
            ],
            [
              34218,
              32317
            ]
          ]
        ]
      },
      "properties": {
        "objectType": "annotation",
        "classification": {
          "name": "background_h",
          "color": [
            0,
            0,
            255
          ]
        },
        "isLocked": false
      }
    },
    {
      "type": "Feature",
      "id": "patch_36119_32317",
      "geometry": {
        "type": "Polygon",
        "coordinates": [
          [
            [
              36119,
              32317
            ],
            [
              38020,
              32317
            ],
            [
              38020,
              34218
            ],
            [
              36119,
              34218
            ],
            [
              36119,
              32317
            ]
          ]
        ]
      },
      "properties": {
        "objectType": "annotation",
        "classification": {
          "name": "background_h",
          "color": [
            0,
            0,
            255
          ]
        },
        "isLocked": false
      }
    },
    {
      "type": "Feature",
      "id": "patch_38020_32317",
      "geometry": {
        "type": "Polygon",
        "coordinates": [
          [
            [
              38020,
              32317
            ],
            [
              39921,
              32317
            ],
            [
              39921,
              34218
            ],
            [
              38020,
              34218
            ],
            [
              38020,
              32317
            ]
          ]
        ]
      },
      "properties": {
        "objectType": "annotation",
        "classification": {
          "name": "background_h",
          "color": [
            0,
            0,
            255
          ]
        },
        "isLocked": false
      }
    },
    {
      "type": "Feature",
      "id": "patch_39921_32317",
      "geometry": {
        "type": "Polygon",
        "coordinates": [
          [
            [
              39921,
              32317
            ],
            [
              41822,
              32317
            ],
            [
              41822,
              34218
            ],
            [
              39921,
              34218
            ],
            [
              39921,
              32317
            ]
          ]
        ]
      },
      "properties": {
        "objectType": "annotation",
        "classification": {
          "name": "background_h",
          "color": [
            0,
            0,
            255
          ]
        },
        "isLocked": false
      }
    },
    {
      "type": "Feature",
      "id": "patch_41822_32317",
      "geometry": {
        "type": "Polygon",
        "coordinates": [
          [
            [
              41822,
              32317
            ],
            [
              43723,
              32317
            ],
            [
              43723,
              34218
            ],
            [
              41822,
              34218
            ],
            [
              41822,
              32317
            ]
          ]
        ]
      },
      "properties": {
        "objectType": "annotation",
        "classification": {
          "name": "background_e",
          "color": [
            255,
            182,
            193
          ]
        },
        "isLocked": false
      }
    },
    {
      "type": "Feature",
      "id": "patch_43723_32317",
      "geometry": {
        "type": "Polygon",
        "coordinates": [
          [
            [
              43723,
              32317
            ],
            [
              45624,
              32317
            ],
            [
              45624,
              34218
            ],
            [
              43723,
              34218
            ],
            [
              43723,
              32317
            ]
          ]
        ]
      },
      "properties": {
        "objectType": "annotation",
        "classification": {
          "name": "background_h",
          "color": [
            0,
            0,
            255
          ]
        },
        "isLocked": false
      }
    },
    {
      "type": "Feature",
      "id": "patch_45624_32317",
      "geometry": {
        "type": "Polygon",
        "coordinates": [
          [
            [
              45624,
              32317
            ],
            [
              47525,
              32317
            ],
            [
              47525,
              34218
            ],
            [
              45624,
              34218
            ],
            [
              45624,
              32317
            ]
          ]
        ]
      },
      "properties": {
        "objectType": "annotation",
        "classification": {
          "name": "background_h",
          "color": [
            0,
            0,
            255
          ]
        },
        "isLocked": false
      }
    },
    {
      "type": "Feature",
      "id": "patch_47525_32317",
      "geometry": {
        "type": "Polygon",
        "coordinates": [
          [
            [
              47525,
              32317
            ],
            [
              49426,
              32317
            ],
            [
              49426,
              34218
            ],
            [
              47525,
              34218
            ],
            [
              47525,
              32317
            ]
          ]
        ]
      },
      "properties": {
        "objectType": "annotation",
        "classification": {
          "name": "background_h",
          "color": [
            0,
            0,
            255
          ]
        },
        "isLocked": false
      }
    },
    {
      "type": "Feature",
      "id": "patch_49426_32317",
      "geometry": {
        "type": "Polygon",
        "coordinates": [
          [
            [
              49426,
              32317
            ],
            [
              51327,
              32317
            ],
            [
              51327,
              34218
            ],
            [
              49426,
              34218
            ],
            [
              49426,
              32317
            ]
          ]
        ]
      },
      "properties": {
        "objectType": "annotation",
        "classification": {
          "name": "background_e",
          "color": [
            255,
            182,
            193
          ]
        },
        "isLocked": false
      }
    },
    {
      "type": "Feature",
      "id": "patch_51327_32317",
      "geometry": {
        "type": "Polygon",
        "coordinates": [
          [
            [
              51327,
              32317
            ],
            [
              53228,
              32317
            ],
            [
              53228,
              34218
            ],
            [
              51327,
              34218
            ],
            [
              51327,
              32317
            ]
          ]
        ]
      },
      "properties": {
        "objectType": "annotation",
        "classification": {
          "name": "background_e",
          "color": [
            255,
            182,
            193
          ]
        },
        "isLocked": false
      }
    },
    {
      "type": "Feature",
      "id": "patch_53228_32317",
      "geometry": {
        "type": "Polygon",
        "coordinates": [
          [
            [
              53228,
              32317
            ],
            [
              55129,
              32317
            ],
            [
              55129,
              34218
            ],
            [
              53228,
              34218
            ],
            [
              53228,
              32317
            ]
          ]
        ]
      },
      "properties": {
        "objectType": "annotation",
        "classification": {
          "name": "background_e",
          "color": [
            255,
            182,
            193
          ]
        },
        "isLocked": false
      }
    },
    {
      "type": "Feature",
      "id": "patch_55129_32317",
      "geometry": {
        "type": "Polygon",
        "coordinates": [
          [
            [
              55129,
              32317
            ],
            [
              57030,
              32317
            ],
            [
              57030,
              34218
            ],
            [
              55129,
              34218
            ],
            [
              55129,
              32317
            ]
          ]
        ]
      },
      "properties": {
        "objectType": "annotation",
        "classification": {
          "name": "background_e",
          "color": [
            255,
            182,
            193
          ]
        },
        "isLocked": false
      }
    },
    {
      "type": "Feature",
      "id": "patch_57030_32317",
      "geometry": {
        "type": "Polygon",
        "coordinates": [
          [
            [
              57030,
              32317
            ],
            [
              58931,
              32317
            ],
            [
              58931,
              34218
            ],
            [
              57030,
              34218
            ],
            [
              57030,
              32317
            ]
          ]
        ]
      },
      "properties": {
        "objectType": "annotation",
        "classification": {
          "name": "background_e",
          "color": [
            255,
            182,
            193
          ]
        },
        "isLocked": false
      }
    },
    {
      "type": "Feature",
      "id": "patch_62733_32317",
      "geometry": {
        "type": "Polygon",
        "coordinates": [
          [
            [
              62733,
              32317
            ],
            [
              64634,
              32317
            ],
            [
              64634,
              34218
            ],
            [
              62733,
              34218
            ],
            [
              62733,
              32317
            ]
          ]
        ]
      },
      "properties": {
        "objectType": "annotation",
        "classification": {
          "name": "background_e",
          "color": [
            255,
            182,
            193
          ]
        },
        "isLocked": false
      }
    },
    {
      "type": "Feature",
      "id": "patch_64634_32317",
      "geometry": {
        "type": "Polygon",
        "coordinates": [
          [
            [
              64634,
              32317
            ],
            [
              66535,
              32317
            ],
            [
              66535,
              34218
            ],
            [
              64634,
              34218
            ],
            [
              64634,
              32317
            ]
          ]
        ]
      },
      "properties": {
        "objectType": "annotation",
        "classification": {
          "name": "background_e",
          "color": [
            255,
            182,
            193
          ]
        },
        "isLocked": false
      }
    },
    {
      "type": "Feature",
      "id": "patch_66535_32317",
      "geometry": {
        "type": "Polygon",
        "coordinates": [
          [
            [
              66535,
              32317
            ],
            [
              68436,
              32317
            ],
            [
              68436,
              34218
            ],
            [
              66535,
              34218
            ],
            [
              66535,
              32317
            ]
          ]
        ]
      },
      "properties": {
        "objectType": "annotation",
        "classification": {
          "name": "background_e",
          "color": [
            255,
            182,
            193
          ]
        },
        "isLocked": false
      }
    },
    {
      "type": "Feature",
      "id": "patch_68436_32317",
      "geometry": {
        "type": "Polygon",
        "coordinates": [
          [
            [
              68436,
              32317
            ],
            [
              70337,
              32317
            ],
            [
              70337,
              34218
            ],
            [
              68436,
              34218
            ],
            [
              68436,
              32317
            ]
          ]
        ]
      },
      "properties": {
        "objectType": "annotation",
        "classification": {
          "name": "background_e",
          "color": [
            255,
            182,
            193
          ]
        },
        "isLocked": false
      }
    },
    {
      "type": "Feature",
      "id": "patch_70337_32317",
      "geometry": {
        "type": "Polygon",
        "coordinates": [
          [
            [
              70337,
              32317
            ],
            [
              72238,
              32317
            ],
            [
              72238,
              34218
            ],
            [
              70337,
              34218
            ],
            [
              70337,
              32317
            ]
          ]
        ]
      },
      "properties": {
        "objectType": "annotation",
        "classification": {
          "name": "vessel_h",
          "color": [
            128,
            0,
            128
          ]
        },
        "isLocked": false
      }
    },
    {
      "type": "Feature",
      "id": "patch_72238_32317",
      "geometry": {
        "type": "Polygon",
        "coordinates": [
          [
            [
              72238,
              32317
            ],
            [
              74139,
              32317
            ],
            [
              74139,
              34218
            ],
            [
              72238,
              34218
            ],
            [
              72238,
              32317
            ]
          ]
        ]
      },
      "properties": {
        "objectType": "annotation",
        "classification": {
          "name": "background_h",
          "color": [
            0,
            0,
            255
          ]
        },
        "isLocked": false
      }
    },
    {
      "type": "Feature",
      "id": "patch_74139_32317",
      "geometry": {
        "type": "Polygon",
        "coordinates": [
          [
            [
              74139,
              32317
            ],
            [
              76040,
              32317
            ],
            [
              76040,
              34218
            ],
            [
              74139,
              34218
            ],
            [
              74139,
              32317
            ]
          ]
        ]
      },
      "properties": {
        "objectType": "annotation",
        "classification": {
          "name": "background_h",
          "color": [
            0,
            0,
            255
          ]
        },
        "isLocked": false
      }
    },
    {
      "type": "Feature",
      "id": "patch_76040_32317",
      "geometry": {
        "type": "Polygon",
        "coordinates": [
          [
            [
              76040,
              32317
            ],
            [
              77941,
              32317
            ],
            [
              77941,
              34218
            ],
            [
              76040,
              34218
            ],
            [
              76040,
              32317
            ]
          ]
        ]
      },
      "properties": {
        "objectType": "annotation",
        "classification": {
          "name": "vessel_h",
          "color": [
            128,
            0,
            128
          ]
        },
        "isLocked": false
      }
    },
    {
      "type": "Feature",
      "id": "patch_77941_32317",
      "geometry": {
        "type": "Polygon",
        "coordinates": [
          [
            [
              77941,
              32317
            ],
            [
              79842,
              32317
            ],
            [
              79842,
              34218
            ],
            [
              77941,
              34218
            ],
            [
              77941,
              32317
            ]
          ]
        ]
      },
      "properties": {
        "objectType": "annotation",
        "classification": {
          "name": "background_e",
          "color": [
            255,
            182,
            193
          ]
        },
        "isLocked": false
      }
    },
    {
      "type": "Feature",
      "id": "patch_79842_32317",
      "geometry": {
        "type": "Polygon",
        "coordinates": [
          [
            [
              79842,
              32317
            ],
            [
              81743,
              32317
            ],
            [
              81743,
              34218
            ],
            [
              79842,
              34218
            ],
            [
              79842,
              32317
            ]
          ]
        ]
      },
      "properties": {
        "objectType": "annotation",
        "classification": {
          "name": "background_e",
          "color": [
            255,
            182,
            193
          ]
        },
        "isLocked": false
      }
    },
    {
      "type": "Feature",
      "id": "patch_81743_32317",
      "geometry": {
        "type": "Polygon",
        "coordinates": [
          [
            [
              81743,
              32317
            ],
            [
              83644,
              32317
            ],
            [
              83644,
              34218
            ],
            [
              81743,
              34218
            ],
            [
              81743,
              32317
            ]
          ]
        ]
      },
      "properties": {
        "objectType": "annotation",
        "classification": {
          "name": "background_e",
          "color": [
            255,
            182,
            193
          ]
        },
        "isLocked": false
      }
    },
    {
      "type": "Feature",
      "id": "patch_83644_32317",
      "geometry": {
        "type": "Polygon",
        "coordinates": [
          [
            [
              83644,
              32317
            ],
            [
              85545,
              32317
            ],
            [
              85545,
              34218
            ],
            [
              83644,
              34218
            ],
            [
              83644,
              32317
            ]
          ]
        ]
      },
      "properties": {
        "objectType": "annotation",
        "classification": {
          "name": "background_e",
          "color": [
            255,
            182,
            193
          ]
        },
        "isLocked": false
      }
    },
    {
      "type": "Feature",
      "id": "patch_85545_32317",
      "geometry": {
        "type": "Polygon",
        "coordinates": [
          [
            [
              85545,
              32317
            ],
            [
              87446,
              32317
            ],
            [
              87446,
              34218
            ],
            [
              85545,
              34218
            ],
            [
              85545,
              32317
            ]
          ]
        ]
      },
      "properties": {
        "objectType": "annotation",
        "classification": {
          "name": "vessel_e",
          "color": [
            255,
            0,
            0
          ]
        },
        "isLocked": false
      }
    },
    {
      "type": "Feature",
      "id": "patch_9505_34218",
      "geometry": {
        "type": "Polygon",
        "coordinates": [
          [
            [
              9505,
              34218
            ],
            [
              11406,
              34218
            ],
            [
              11406,
              36119
            ],
            [
              9505,
              36119
            ],
            [
              9505,
              34218
            ]
          ]
        ]
      },
      "properties": {
        "objectType": "annotation",
        "classification": {
          "name": "background_e",
          "color": [
            255,
            182,
            193
          ]
        },
        "isLocked": false
      }
    },
    {
      "type": "Feature",
      "id": "patch_11406_34218",
      "geometry": {
        "type": "Polygon",
        "coordinates": [
          [
            [
              11406,
              34218
            ],
            [
              13307,
              34218
            ],
            [
              13307,
              36119
            ],
            [
              11406,
              36119
            ],
            [
              11406,
              34218
            ]
          ]
        ]
      },
      "properties": {
        "objectType": "annotation",
        "classification": {
          "name": "background_e",
          "color": [
            255,
            182,
            193
          ]
        },
        "isLocked": false
      }
    },
    {
      "type": "Feature",
      "id": "patch_13307_34218",
      "geometry": {
        "type": "Polygon",
        "coordinates": [
          [
            [
              13307,
              34218
            ],
            [
              15208,
              34218
            ],
            [
              15208,
              36119
            ],
            [
              13307,
              36119
            ],
            [
              13307,
              34218
            ]
          ]
        ]
      },
      "properties": {
        "objectType": "annotation",
        "classification": {
          "name": "background_e",
          "color": [
            255,
            182,
            193
          ]
        },
        "isLocked": false
      }
    },
    {
      "type": "Feature",
      "id": "patch_15208_34218",
      "geometry": {
        "type": "Polygon",
        "coordinates": [
          [
            [
              15208,
              34218
            ],
            [
              17109,
              34218
            ],
            [
              17109,
              36119
            ],
            [
              15208,
              36119
            ],
            [
              15208,
              34218
            ]
          ]
        ]
      },
      "properties": {
        "objectType": "annotation",
        "classification": {
          "name": "background_e",
          "color": [
            255,
            182,
            193
          ]
        },
        "isLocked": false
      }
    },
    {
      "type": "Feature",
      "id": "patch_17109_34218",
      "geometry": {
        "type": "Polygon",
        "coordinates": [
          [
            [
              17109,
              34218
            ],
            [
              19010,
              34218
            ],
            [
              19010,
              36119
            ],
            [
              17109,
              36119
            ],
            [
              17109,
              34218
            ]
          ]
        ]
      },
      "properties": {
        "objectType": "annotation",
        "classification": {
          "name": "vessel_e",
          "color": [
            255,
            0,
            0
          ]
        },
        "isLocked": false
      }
    },
    {
      "type": "Feature",
      "id": "patch_19010_34218",
      "geometry": {
        "type": "Polygon",
        "coordinates": [
          [
            [
              19010,
              34218
            ],
            [
              20911,
              34218
            ],
            [
              20911,
              36119
            ],
            [
              19010,
              36119
            ],
            [
              19010,
              34218
            ]
          ]
        ]
      },
      "properties": {
        "objectType": "annotation",
        "classification": {
          "name": "background_h",
          "color": [
            0,
            0,
            255
          ]
        },
        "isLocked": false
      }
    },
    {
      "type": "Feature",
      "id": "patch_20911_34218",
      "geometry": {
        "type": "Polygon",
        "coordinates": [
          [
            [
              20911,
              34218
            ],
            [
              22812,
              34218
            ],
            [
              22812,
              36119
            ],
            [
              20911,
              36119
            ],
            [
              20911,
              34218
            ]
          ]
        ]
      },
      "properties": {
        "objectType": "annotation",
        "classification": {
          "name": "background_h",
          "color": [
            0,
            0,
            255
          ]
        },
        "isLocked": false
      }
    },
    {
      "type": "Feature",
      "id": "patch_22812_34218",
      "geometry": {
        "type": "Polygon",
        "coordinates": [
          [
            [
              22812,
              34218
            ],
            [
              24713,
              34218
            ],
            [
              24713,
              36119
            ],
            [
              22812,
              36119
            ],
            [
              22812,
              34218
            ]
          ]
        ]
      },
      "properties": {
        "objectType": "annotation",
        "classification": {
          "name": "background_h",
          "color": [
            0,
            0,
            255
          ]
        },
        "isLocked": false
      }
    },
    {
      "type": "Feature",
      "id": "patch_24713_34218",
      "geometry": {
        "type": "Polygon",
        "coordinates": [
          [
            [
              24713,
              34218
            ],
            [
              26614,
              34218
            ],
            [
              26614,
              36119
            ],
            [
              24713,
              36119
            ],
            [
              24713,
              34218
            ]
          ]
        ]
      },
      "properties": {
        "objectType": "annotation",
        "classification": {
          "name": "vessel_h",
          "color": [
            128,
            0,
            128
          ]
        },
        "isLocked": false
      }
    },
    {
      "type": "Feature",
      "id": "patch_26614_34218",
      "geometry": {
        "type": "Polygon",
        "coordinates": [
          [
            [
              26614,
              34218
            ],
            [
              28515,
              34218
            ],
            [
              28515,
              36119
            ],
            [
              26614,
              36119
            ],
            [
              26614,
              34218
            ]
          ]
        ]
      },
      "properties": {
        "objectType": "annotation",
        "classification": {
          "name": "background_h",
          "color": [
            0,
            0,
            255
          ]
        },
        "isLocked": false
      }
    },
    {
      "type": "Feature",
      "id": "patch_28515_34218",
      "geometry": {
        "type": "Polygon",
        "coordinates": [
          [
            [
              28515,
              34218
            ],
            [
              30416,
              34218
            ],
            [
              30416,
              36119
            ],
            [
              28515,
              36119
            ],
            [
              28515,
              34218
            ]
          ]
        ]
      },
      "properties": {
        "objectType": "annotation",
        "classification": {
          "name": "background_h",
          "color": [
            0,
            0,
            255
          ]
        },
        "isLocked": false
      }
    },
    {
      "type": "Feature",
      "id": "patch_30416_34218",
      "geometry": {
        "type": "Polygon",
        "coordinates": [
          [
            [
              30416,
              34218
            ],
            [
              32317,
              34218
            ],
            [
              32317,
              36119
            ],
            [
              30416,
              36119
            ],
            [
              30416,
              34218
            ]
          ]
        ]
      },
      "properties": {
        "objectType": "annotation",
        "classification": {
          "name": "vessel_h",
          "color": [
            128,
            0,
            128
          ]
        },
        "isLocked": false
      }
    },
    {
      "type": "Feature",
      "id": "patch_32317_34218",
      "geometry": {
        "type": "Polygon",
        "coordinates": [
          [
            [
              32317,
              34218
            ],
            [
              34218,
              34218
            ],
            [
              34218,
              36119
            ],
            [
              32317,
              36119
            ],
            [
              32317,
              34218
            ]
          ]
        ]
      },
      "properties": {
        "objectType": "annotation",
        "classification": {
          "name": "background_h",
          "color": [
            0,
            0,
            255
          ]
        },
        "isLocked": false
      }
    },
    {
      "type": "Feature",
      "id": "patch_34218_34218",
      "geometry": {
        "type": "Polygon",
        "coordinates": [
          [
            [
              34218,
              34218
            ],
            [
              36119,
              34218
            ],
            [
              36119,
              36119
            ],
            [
              34218,
              36119
            ],
            [
              34218,
              34218
            ]
          ]
        ]
      },
      "properties": {
        "objectType": "annotation",
        "classification": {
          "name": "background_h",
          "color": [
            0,
            0,
            255
          ]
        },
        "isLocked": false
      }
    },
    {
      "type": "Feature",
      "id": "patch_36119_34218",
      "geometry": {
        "type": "Polygon",
        "coordinates": [
          [
            [
              36119,
              34218
            ],
            [
              38020,
              34218
            ],
            [
              38020,
              36119
            ],
            [
              36119,
              36119
            ],
            [
              36119,
              34218
            ]
          ]
        ]
      },
      "properties": {
        "objectType": "annotation",
        "classification": {
          "name": "background_h",
          "color": [
            0,
            0,
            255
          ]
        },
        "isLocked": false
      }
    },
    {
      "type": "Feature",
      "id": "patch_38020_34218",
      "geometry": {
        "type": "Polygon",
        "coordinates": [
          [
            [
              38020,
              34218
            ],
            [
              39921,
              34218
            ],
            [
              39921,
              36119
            ],
            [
              38020,
              36119
            ],
            [
              38020,
              34218
            ]
          ]
        ]
      },
      "properties": {
        "objectType": "annotation",
        "classification": {
          "name": "background_e",
          "color": [
            255,
            182,
            193
          ]
        },
        "isLocked": false
      }
    },
    {
      "type": "Feature",
      "id": "patch_39921_34218",
      "geometry": {
        "type": "Polygon",
        "coordinates": [
          [
            [
              39921,
              34218
            ],
            [
              41822,
              34218
            ],
            [
              41822,
              36119
            ],
            [
              39921,
              36119
            ],
            [
              39921,
              34218
            ]
          ]
        ]
      },
      "properties": {
        "objectType": "annotation",
        "classification": {
          "name": "background_e",
          "color": [
            255,
            182,
            193
          ]
        },
        "isLocked": false
      }
    },
    {
      "type": "Feature",
      "id": "patch_41822_34218",
      "geometry": {
        "type": "Polygon",
        "coordinates": [
          [
            [
              41822,
              34218
            ],
            [
              43723,
              34218
            ],
            [
              43723,
              36119
            ],
            [
              41822,
              36119
            ],
            [
              41822,
              34218
            ]
          ]
        ]
      },
      "properties": {
        "objectType": "annotation",
        "classification": {
          "name": "background_e",
          "color": [
            255,
            182,
            193
          ]
        },
        "isLocked": false
      }
    },
    {
      "type": "Feature",
      "id": "patch_43723_34218",
      "geometry": {
        "type": "Polygon",
        "coordinates": [
          [
            [
              43723,
              34218
            ],
            [
              45624,
              34218
            ],
            [
              45624,
              36119
            ],
            [
              43723,
              36119
            ],
            [
              43723,
              34218
            ]
          ]
        ]
      },
      "properties": {
        "objectType": "annotation",
        "classification": {
          "name": "vessel_e",
          "color": [
            255,
            0,
            0
          ]
        },
        "isLocked": false
      }
    },
    {
      "type": "Feature",
      "id": "patch_45624_34218",
      "geometry": {
        "type": "Polygon",
        "coordinates": [
          [
            [
              45624,
              34218
            ],
            [
              47525,
              34218
            ],
            [
              47525,
              36119
            ],
            [
              45624,
              36119
            ],
            [
              45624,
              34218
            ]
          ]
        ]
      },
      "properties": {
        "objectType": "annotation",
        "classification": {
          "name": "background_h",
          "color": [
            0,
            0,
            255
          ]
        },
        "isLocked": false
      }
    },
    {
      "type": "Feature",
      "id": "patch_47525_34218",
      "geometry": {
        "type": "Polygon",
        "coordinates": [
          [
            [
              47525,
              34218
            ],
            [
              49426,
              34218
            ],
            [
              49426,
              36119
            ],
            [
              47525,
              36119
            ],
            [
              47525,
              34218
            ]
          ]
        ]
      },
      "properties": {
        "objectType": "annotation",
        "classification": {
          "name": "background_h",
          "color": [
            0,
            0,
            255
          ]
        },
        "isLocked": false
      }
    },
    {
      "type": "Feature",
      "id": "patch_49426_34218",
      "geometry": {
        "type": "Polygon",
        "coordinates": [
          [
            [
              49426,
              34218
            ],
            [
              51327,
              34218
            ],
            [
              51327,
              36119
            ],
            [
              49426,
              36119
            ],
            [
              49426,
              34218
            ]
          ]
        ]
      },
      "properties": {
        "objectType": "annotation",
        "classification": {
          "name": "background_e",
          "color": [
            255,
            182,
            193
          ]
        },
        "isLocked": false
      }
    },
    {
      "type": "Feature",
      "id": "patch_51327_34218",
      "geometry": {
        "type": "Polygon",
        "coordinates": [
          [
            [
              51327,
              34218
            ],
            [
              53228,
              34218
            ],
            [
              53228,
              36119
            ],
            [
              51327,
              36119
            ],
            [
              51327,
              34218
            ]
          ]
        ]
      },
      "properties": {
        "objectType": "annotation",
        "classification": {
          "name": "background_e",
          "color": [
            255,
            182,
            193
          ]
        },
        "isLocked": false
      }
    },
    {
      "type": "Feature",
      "id": "patch_53228_34218",
      "geometry": {
        "type": "Polygon",
        "coordinates": [
          [
            [
              53228,
              34218
            ],
            [
              55129,
              34218
            ],
            [
              55129,
              36119
            ],
            [
              53228,
              36119
            ],
            [
              53228,
              34218
            ]
          ]
        ]
      },
      "properties": {
        "objectType": "annotation",
        "classification": {
          "name": "background_e",
          "color": [
            255,
            182,
            193
          ]
        },
        "isLocked": false
      }
    },
    {
      "type": "Feature",
      "id": "patch_55129_34218",
      "geometry": {
        "type": "Polygon",
        "coordinates": [
          [
            [
              55129,
              34218
            ],
            [
              57030,
              34218
            ],
            [
              57030,
              36119
            ],
            [
              55129,
              36119
            ],
            [
              55129,
              34218
            ]
          ]
        ]
      },
      "properties": {
        "objectType": "annotation",
        "classification": {
          "name": "background_e",
          "color": [
            255,
            182,
            193
          ]
        },
        "isLocked": false
      }
    },
    {
      "type": "Feature",
      "id": "patch_57030_34218",
      "geometry": {
        "type": "Polygon",
        "coordinates": [
          [
            [
              57030,
              34218
            ],
            [
              58931,
              34218
            ],
            [
              58931,
              36119
            ],
            [
              57030,
              36119
            ],
            [
              57030,
              34218
            ]
          ]
        ]
      },
      "properties": {
        "objectType": "annotation",
        "classification": {
          "name": "background_e",
          "color": [
            255,
            182,
            193
          ]
        },
        "isLocked": false
      }
    },
    {
      "type": "Feature",
      "id": "patch_62733_34218",
      "geometry": {
        "type": "Polygon",
        "coordinates": [
          [
            [
              62733,
              34218
            ],
            [
              64634,
              34218
            ],
            [
              64634,
              36119
            ],
            [
              62733,
              36119
            ],
            [
              62733,
              34218
            ]
          ]
        ]
      },
      "properties": {
        "objectType": "annotation",
        "classification": {
          "name": "background_e",
          "color": [
            255,
            182,
            193
          ]
        },
        "isLocked": false
      }
    },
    {
      "type": "Feature",
      "id": "patch_64634_34218",
      "geometry": {
        "type": "Polygon",
        "coordinates": [
          [
            [
              64634,
              34218
            ],
            [
              66535,
              34218
            ],
            [
              66535,
              36119
            ],
            [
              64634,
              36119
            ],
            [
              64634,
              34218
            ]
          ]
        ]
      },
      "properties": {
        "objectType": "annotation",
        "classification": {
          "name": "background_e",
          "color": [
            255,
            182,
            193
          ]
        },
        "isLocked": false
      }
    },
    {
      "type": "Feature",
      "id": "patch_66535_34218",
      "geometry": {
        "type": "Polygon",
        "coordinates": [
          [
            [
              66535,
              34218
            ],
            [
              68436,
              34218
            ],
            [
              68436,
              36119
            ],
            [
              66535,
              36119
            ],
            [
              66535,
              34218
            ]
          ]
        ]
      },
      "properties": {
        "objectType": "annotation",
        "classification": {
          "name": "background_e",
          "color": [
            255,
            182,
            193
          ]
        },
        "isLocked": false
      }
    },
    {
      "type": "Feature",
      "id": "patch_68436_34218",
      "geometry": {
        "type": "Polygon",
        "coordinates": [
          [
            [
              68436,
              34218
            ],
            [
              70337,
              34218
            ],
            [
              70337,
              36119
            ],
            [
              68436,
              36119
            ],
            [
              68436,
              34218
            ]
          ]
        ]
      },
      "properties": {
        "objectType": "annotation",
        "classification": {
          "name": "background_h",
          "color": [
            0,
            0,
            255
          ]
        },
        "isLocked": false
      }
    },
    {
      "type": "Feature",
      "id": "patch_70337_34218",
      "geometry": {
        "type": "Polygon",
        "coordinates": [
          [
            [
              70337,
              34218
            ],
            [
              72238,
              34218
            ],
            [
              72238,
              36119
            ],
            [
              70337,
              36119
            ],
            [
              70337,
              34218
            ]
          ]
        ]
      },
      "properties": {
        "objectType": "annotation",
        "classification": {
          "name": "vessel_h",
          "color": [
            128,
            0,
            128
          ]
        },
        "isLocked": false
      }
    },
    {
      "type": "Feature",
      "id": "patch_72238_34218",
      "geometry": {
        "type": "Polygon",
        "coordinates": [
          [
            [
              72238,
              34218
            ],
            [
              74139,
              34218
            ],
            [
              74139,
              36119
            ],
            [
              72238,
              36119
            ],
            [
              72238,
              34218
            ]
          ]
        ]
      },
      "properties": {
        "objectType": "annotation",
        "classification": {
          "name": "background_h",
          "color": [
            0,
            0,
            255
          ]
        },
        "isLocked": false
      }
    },
    {
      "type": "Feature",
      "id": "patch_74139_34218",
      "geometry": {
        "type": "Polygon",
        "coordinates": [
          [
            [
              74139,
              34218
            ],
            [
              76040,
              34218
            ],
            [
              76040,
              36119
            ],
            [
              74139,
              36119
            ],
            [
              74139,
              34218
            ]
          ]
        ]
      },
      "properties": {
        "objectType": "annotation",
        "classification": {
          "name": "background_h",
          "color": [
            0,
            0,
            255
          ]
        },
        "isLocked": false
      }
    },
    {
      "type": "Feature",
      "id": "patch_76040_34218",
      "geometry": {
        "type": "Polygon",
        "coordinates": [
          [
            [
              76040,
              34218
            ],
            [
              77941,
              34218
            ],
            [
              77941,
              36119
            ],
            [
              76040,
              36119
            ],
            [
              76040,
              34218
            ]
          ]
        ]
      },
      "properties": {
        "objectType": "annotation",
        "classification": {
          "name": "background_e",
          "color": [
            255,
            182,
            193
          ]
        },
        "isLocked": false
      }
    },
    {
      "type": "Feature",
      "id": "patch_77941_34218",
      "geometry": {
        "type": "Polygon",
        "coordinates": [
          [
            [
              77941,
              34218
            ],
            [
              79842,
              34218
            ],
            [
              79842,
              36119
            ],
            [
              77941,
              36119
            ],
            [
              77941,
              34218
            ]
          ]
        ]
      },
      "properties": {
        "objectType": "annotation",
        "classification": {
          "name": "background_e",
          "color": [
            255,
            182,
            193
          ]
        },
        "isLocked": false
      }
    },
    {
      "type": "Feature",
      "id": "patch_79842_34218",
      "geometry": {
        "type": "Polygon",
        "coordinates": [
          [
            [
              79842,
              34218
            ],
            [
              81743,
              34218
            ],
            [
              81743,
              36119
            ],
            [
              79842,
              36119
            ],
            [
              79842,
              34218
            ]
          ]
        ]
      },
      "properties": {
        "objectType": "annotation",
        "classification": {
          "name": "background_e",
          "color": [
            255,
            182,
            193
          ]
        },
        "isLocked": false
      }
    },
    {
      "type": "Feature",
      "id": "patch_81743_34218",
      "geometry": {
        "type": "Polygon",
        "coordinates": [
          [
            [
              81743,
              34218
            ],
            [
              83644,
              34218
            ],
            [
              83644,
              36119
            ],
            [
              81743,
              36119
            ],
            [
              81743,
              34218
            ]
          ]
        ]
      },
      "properties": {
        "objectType": "annotation",
        "classification": {
          "name": "background_e",
          "color": [
            255,
            182,
            193
          ]
        },
        "isLocked": false
      }
    },
    {
      "type": "Feature",
      "id": "patch_83644_34218",
      "geometry": {
        "type": "Polygon",
        "coordinates": [
          [
            [
              83644,
              34218
            ],
            [
              85545,
              34218
            ],
            [
              85545,
              36119
            ],
            [
              83644,
              36119
            ],
            [
              83644,
              34218
            ]
          ]
        ]
      },
      "properties": {
        "objectType": "annotation",
        "classification": {
          "name": "background_e",
          "color": [
            255,
            182,
            193
          ]
        },
        "isLocked": false
      }
    },
    {
      "type": "Feature",
      "id": "patch_85545_34218",
      "geometry": {
        "type": "Polygon",
        "coordinates": [
          [
            [
              85545,
              34218
            ],
            [
              87446,
              34218
            ],
            [
              87446,
              36119
            ],
            [
              85545,
              36119
            ],
            [
              85545,
              34218
            ]
          ]
        ]
      },
      "properties": {
        "objectType": "annotation",
        "classification": {
          "name": "background_e",
          "color": [
            255,
            182,
            193
          ]
        },
        "isLocked": false
      }
    },
    {
      "type": "Feature",
      "id": "patch_87446_34218",
      "geometry": {
        "type": "Polygon",
        "coordinates": [
          [
            [
              87446,
              34218
            ],
            [
              89347,
              34218
            ],
            [
              89347,
              36119
            ],
            [
              87446,
              36119
            ],
            [
              87446,
              34218
            ]
          ]
        ]
      },
      "properties": {
        "objectType": "annotation",
        "classification": {
          "name": "background_e",
          "color": [
            255,
            182,
            193
          ]
        },
        "isLocked": false
      }
    },
    {
      "type": "Feature",
      "id": "patch_9505_36119",
      "geometry": {
        "type": "Polygon",
        "coordinates": [
          [
            [
              9505,
              36119
            ],
            [
              11406,
              36119
            ],
            [
              11406,
              38020
            ],
            [
              9505,
              38020
            ],
            [
              9505,
              36119
            ]
          ]
        ]
      },
      "properties": {
        "objectType": "annotation",
        "classification": {
          "name": "background_e",
          "color": [
            255,
            182,
            193
          ]
        },
        "isLocked": false
      }
    },
    {
      "type": "Feature",
      "id": "patch_11406_36119",
      "geometry": {
        "type": "Polygon",
        "coordinates": [
          [
            [
              11406,
              36119
            ],
            [
              13307,
              36119
            ],
            [
              13307,
              38020
            ],
            [
              11406,
              38020
            ],
            [
              11406,
              36119
            ]
          ]
        ]
      },
      "properties": {
        "objectType": "annotation",
        "classification": {
          "name": "background_e",
          "color": [
            255,
            182,
            193
          ]
        },
        "isLocked": false
      }
    },
    {
      "type": "Feature",
      "id": "patch_13307_36119",
      "geometry": {
        "type": "Polygon",
        "coordinates": [
          [
            [
              13307,
              36119
            ],
            [
              15208,
              36119
            ],
            [
              15208,
              38020
            ],
            [
              13307,
              38020
            ],
            [
              13307,
              36119
            ]
          ]
        ]
      },
      "properties": {
        "objectType": "annotation",
        "classification": {
          "name": "background_e",
          "color": [
            255,
            182,
            193
          ]
        },
        "isLocked": false
      }
    },
    {
      "type": "Feature",
      "id": "patch_15208_36119",
      "geometry": {
        "type": "Polygon",
        "coordinates": [
          [
            [
              15208,
              36119
            ],
            [
              17109,
              36119
            ],
            [
              17109,
              38020
            ],
            [
              15208,
              38020
            ],
            [
              15208,
              36119
            ]
          ]
        ]
      },
      "properties": {
        "objectType": "annotation",
        "classification": {
          "name": "background_e",
          "color": [
            255,
            182,
            193
          ]
        },
        "isLocked": false
      }
    },
    {
      "type": "Feature",
      "id": "patch_17109_36119",
      "geometry": {
        "type": "Polygon",
        "coordinates": [
          [
            [
              17109,
              36119
            ],
            [
              19010,
              36119
            ],
            [
              19010,
              38020
            ],
            [
              17109,
              38020
            ],
            [
              17109,
              36119
            ]
          ]
        ]
      },
      "properties": {
        "objectType": "annotation",
        "classification": {
          "name": "background_e",
          "color": [
            255,
            182,
            193
          ]
        },
        "isLocked": false
      }
    },
    {
      "type": "Feature",
      "id": "patch_19010_36119",
      "geometry": {
        "type": "Polygon",
        "coordinates": [
          [
            [
              19010,
              36119
            ],
            [
              20911,
              36119
            ],
            [
              20911,
              38020
            ],
            [
              19010,
              38020
            ],
            [
              19010,
              36119
            ]
          ]
        ]
      },
      "properties": {
        "objectType": "annotation",
        "classification": {
          "name": "background_h",
          "color": [
            0,
            0,
            255
          ]
        },
        "isLocked": false
      }
    },
    {
      "type": "Feature",
      "id": "patch_20911_36119",
      "geometry": {
        "type": "Polygon",
        "coordinates": [
          [
            [
              20911,
              36119
            ],
            [
              22812,
              36119
            ],
            [
              22812,
              38020
            ],
            [
              20911,
              38020
            ],
            [
              20911,
              36119
            ]
          ]
        ]
      },
      "properties": {
        "objectType": "annotation",
        "classification": {
          "name": "background_h",
          "color": [
            0,
            0,
            255
          ]
        },
        "isLocked": false
      }
    },
    {
      "type": "Feature",
      "id": "patch_22812_36119",
      "geometry": {
        "type": "Polygon",
        "coordinates": [
          [
            [
              22812,
              36119
            ],
            [
              24713,
              36119
            ],
            [
              24713,
              38020
            ],
            [
              22812,
              38020
            ],
            [
              22812,
              36119
            ]
          ]
        ]
      },
      "properties": {
        "objectType": "annotation",
        "classification": {
          "name": "background_h",
          "color": [
            0,
            0,
            255
          ]
        },
        "isLocked": false
      }
    },
    {
      "type": "Feature",
      "id": "patch_24713_36119",
      "geometry": {
        "type": "Polygon",
        "coordinates": [
          [
            [
              24713,
              36119
            ],
            [
              26614,
              36119
            ],
            [
              26614,
              38020
            ],
            [
              24713,
              38020
            ],
            [
              24713,
              36119
            ]
          ]
        ]
      },
      "properties": {
        "objectType": "annotation",
        "classification": {
          "name": "vessel_h",
          "color": [
            128,
            0,
            128
          ]
        },
        "isLocked": false
      }
    },
    {
      "type": "Feature",
      "id": "patch_26614_36119",
      "geometry": {
        "type": "Polygon",
        "coordinates": [
          [
            [
              26614,
              36119
            ],
            [
              28515,
              36119
            ],
            [
              28515,
              38020
            ],
            [
              26614,
              38020
            ],
            [
              26614,
              36119
            ]
          ]
        ]
      },
      "properties": {
        "objectType": "annotation",
        "classification": {
          "name": "background_h",
          "color": [
            0,
            0,
            255
          ]
        },
        "isLocked": false
      }
    },
    {
      "type": "Feature",
      "id": "patch_28515_36119",
      "geometry": {
        "type": "Polygon",
        "coordinates": [
          [
            [
              28515,
              36119
            ],
            [
              30416,
              36119
            ],
            [
              30416,
              38020
            ],
            [
              28515,
              38020
            ],
            [
              28515,
              36119
            ]
          ]
        ]
      },
      "properties": {
        "objectType": "annotation",
        "classification": {
          "name": "background_h",
          "color": [
            0,
            0,
            255
          ]
        },
        "isLocked": false
      }
    },
    {
      "type": "Feature",
      "id": "patch_30416_36119",
      "geometry": {
        "type": "Polygon",
        "coordinates": [
          [
            [
              30416,
              36119
            ],
            [
              32317,
              36119
            ],
            [
              32317,
              38020
            ],
            [
              30416,
              38020
            ],
            [
              30416,
              36119
            ]
          ]
        ]
      },
      "properties": {
        "objectType": "annotation",
        "classification": {
          "name": "background_h",
          "color": [
            0,
            0,
            255
          ]
        },
        "isLocked": false
      }
    },
    {
      "type": "Feature",
      "id": "patch_32317_36119",
      "geometry": {
        "type": "Polygon",
        "coordinates": [
          [
            [
              32317,
              36119
            ],
            [
              34218,
              36119
            ],
            [
              34218,
              38020
            ],
            [
              32317,
              38020
            ],
            [
              32317,
              36119
            ]
          ]
        ]
      },
      "properties": {
        "objectType": "annotation",
        "classification": {
          "name": "vessel_h",
          "color": [
            128,
            0,
            128
          ]
        },
        "isLocked": false
      }
    },
    {
      "type": "Feature",
      "id": "patch_34218_36119",
      "geometry": {
        "type": "Polygon",
        "coordinates": [
          [
            [
              34218,
              36119
            ],
            [
              36119,
              36119
            ],
            [
              36119,
              38020
            ],
            [
              34218,
              38020
            ],
            [
              34218,
              36119
            ]
          ]
        ]
      },
      "properties": {
        "objectType": "annotation",
        "classification": {
          "name": "vessel_h",
          "color": [
            128,
            0,
            128
          ]
        },
        "isLocked": false
      }
    },
    {
      "type": "Feature",
      "id": "patch_36119_36119",
      "geometry": {
        "type": "Polygon",
        "coordinates": [
          [
            [
              36119,
              36119
            ],
            [
              38020,
              36119
            ],
            [
              38020,
              38020
            ],
            [
              36119,
              38020
            ],
            [
              36119,
              36119
            ]
          ]
        ]
      },
      "properties": {
        "objectType": "annotation",
        "classification": {
          "name": "background_e",
          "color": [
            255,
            182,
            193
          ]
        },
        "isLocked": false
      }
    },
    {
      "type": "Feature",
      "id": "patch_38020_36119",
      "geometry": {
        "type": "Polygon",
        "coordinates": [
          [
            [
              38020,
              36119
            ],
            [
              39921,
              36119
            ],
            [
              39921,
              38020
            ],
            [
              38020,
              38020
            ],
            [
              38020,
              36119
            ]
          ]
        ]
      },
      "properties": {
        "objectType": "annotation",
        "classification": {
          "name": "background_e",
          "color": [
            255,
            182,
            193
          ]
        },
        "isLocked": false
      }
    },
    {
      "type": "Feature",
      "id": "patch_39921_36119",
      "geometry": {
        "type": "Polygon",
        "coordinates": [
          [
            [
              39921,
              36119
            ],
            [
              41822,
              36119
            ],
            [
              41822,
              38020
            ],
            [
              39921,
              38020
            ],
            [
              39921,
              36119
            ]
          ]
        ]
      },
      "properties": {
        "objectType": "annotation",
        "classification": {
          "name": "background_e",
          "color": [
            255,
            182,
            193
          ]
        },
        "isLocked": false
      }
    },
    {
      "type": "Feature",
      "id": "patch_41822_36119",
      "geometry": {
        "type": "Polygon",
        "coordinates": [
          [
            [
              41822,
              36119
            ],
            [
              43723,
              36119
            ],
            [
              43723,
              38020
            ],
            [
              41822,
              38020
            ],
            [
              41822,
              36119
            ]
          ]
        ]
      },
      "properties": {
        "objectType": "annotation",
        "classification": {
          "name": "background_e",
          "color": [
            255,
            182,
            193
          ]
        },
        "isLocked": false
      }
    },
    {
      "type": "Feature",
      "id": "patch_43723_36119",
      "geometry": {
        "type": "Polygon",
        "coordinates": [
          [
            [
              43723,
              36119
            ],
            [
              45624,
              36119
            ],
            [
              45624,
              38020
            ],
            [
              43723,
              38020
            ],
            [
              43723,
              36119
            ]
          ]
        ]
      },
      "properties": {
        "objectType": "annotation",
        "classification": {
          "name": "background_e",
          "color": [
            255,
            182,
            193
          ]
        },
        "isLocked": false
      }
    },
    {
      "type": "Feature",
      "id": "patch_45624_36119",
      "geometry": {
        "type": "Polygon",
        "coordinates": [
          [
            [
              45624,
              36119
            ],
            [
              47525,
              36119
            ],
            [
              47525,
              38020
            ],
            [
              45624,
              38020
            ],
            [
              45624,
              36119
            ]
          ]
        ]
      },
      "properties": {
        "objectType": "annotation",
        "classification": {
          "name": "vessel_h",
          "color": [
            128,
            0,
            128
          ]
        },
        "isLocked": false
      }
    },
    {
      "type": "Feature",
      "id": "patch_47525_36119",
      "geometry": {
        "type": "Polygon",
        "coordinates": [
          [
            [
              47525,
              36119
            ],
            [
              49426,
              36119
            ],
            [
              49426,
              38020
            ],
            [
              47525,
              38020
            ],
            [
              47525,
              36119
            ]
          ]
        ]
      },
      "properties": {
        "objectType": "annotation",
        "classification": {
          "name": "vessel_h",
          "color": [
            128,
            0,
            128
          ]
        },
        "isLocked": false
      }
    },
    {
      "type": "Feature",
      "id": "patch_49426_36119",
      "geometry": {
        "type": "Polygon",
        "coordinates": [
          [
            [
              49426,
              36119
            ],
            [
              51327,
              36119
            ],
            [
              51327,
              38020
            ],
            [
              49426,
              38020
            ],
            [
              49426,
              36119
            ]
          ]
        ]
      },
      "properties": {
        "objectType": "annotation",
        "classification": {
          "name": "background_h",
          "color": [
            0,
            0,
            255
          ]
        },
        "isLocked": false
      }
    },
    {
      "type": "Feature",
      "id": "patch_51327_36119",
      "geometry": {
        "type": "Polygon",
        "coordinates": [
          [
            [
              51327,
              36119
            ],
            [
              53228,
              36119
            ],
            [
              53228,
              38020
            ],
            [
              51327,
              38020
            ],
            [
              51327,
              36119
            ]
          ]
        ]
      },
      "properties": {
        "objectType": "annotation",
        "classification": {
          "name": "background_e",
          "color": [
            255,
            182,
            193
          ]
        },
        "isLocked": false
      }
    },
    {
      "type": "Feature",
      "id": "patch_53228_36119",
      "geometry": {
        "type": "Polygon",
        "coordinates": [
          [
            [
              53228,
              36119
            ],
            [
              55129,
              36119
            ],
            [
              55129,
              38020
            ],
            [
              53228,
              38020
            ],
            [
              53228,
              36119
            ]
          ]
        ]
      },
      "properties": {
        "objectType": "annotation",
        "classification": {
          "name": "background_e",
          "color": [
            255,
            182,
            193
          ]
        },
        "isLocked": false
      }
    },
    {
      "type": "Feature",
      "id": "patch_60832_36119",
      "geometry": {
        "type": "Polygon",
        "coordinates": [
          [
            [
              60832,
              36119
            ],
            [
              62733,
              36119
            ],
            [
              62733,
              38020
            ],
            [
              60832,
              38020
            ],
            [
              60832,
              36119
            ]
          ]
        ]
      },
      "properties": {
        "objectType": "annotation",
        "classification": {
          "name": "vessel_e",
          "color": [
            255,
            0,
            0
          ]
        },
        "isLocked": false
      }
    },
    {
      "type": "Feature",
      "id": "patch_62733_36119",
      "geometry": {
        "type": "Polygon",
        "coordinates": [
          [
            [
              62733,
              36119
            ],
            [
              64634,
              36119
            ],
            [
              64634,
              38020
            ],
            [
              62733,
              38020
            ],
            [
              62733,
              36119
            ]
          ]
        ]
      },
      "properties": {
        "objectType": "annotation",
        "classification": {
          "name": "background_e",
          "color": [
            255,
            182,
            193
          ]
        },
        "isLocked": false
      }
    },
    {
      "type": "Feature",
      "id": "patch_64634_36119",
      "geometry": {
        "type": "Polygon",
        "coordinates": [
          [
            [
              64634,
              36119
            ],
            [
              66535,
              36119
            ],
            [
              66535,
              38020
            ],
            [
              64634,
              38020
            ],
            [
              64634,
              36119
            ]
          ]
        ]
      },
      "properties": {
        "objectType": "annotation",
        "classification": {
          "name": "background_e",
          "color": [
            255,
            182,
            193
          ]
        },
        "isLocked": false
      }
    },
    {
      "type": "Feature",
      "id": "patch_66535_36119",
      "geometry": {
        "type": "Polygon",
        "coordinates": [
          [
            [
              66535,
              36119
            ],
            [
              68436,
              36119
            ],
            [
              68436,
              38020
            ],
            [
              66535,
              38020
            ],
            [
              66535,
              36119
            ]
          ]
        ]
      },
      "properties": {
        "objectType": "annotation",
        "classification": {
          "name": "background_e",
          "color": [
            255,
            182,
            193
          ]
        },
        "isLocked": false
      }
    },
    {
      "type": "Feature",
      "id": "patch_68436_36119",
      "geometry": {
        "type": "Polygon",
        "coordinates": [
          [
            [
              68436,
              36119
            ],
            [
              70337,
              36119
            ],
            [
              70337,
              38020
            ],
            [
              68436,
              38020
            ],
            [
              68436,
              36119
            ]
          ]
        ]
      },
      "properties": {
        "objectType": "annotation",
        "classification": {
          "name": "background_h",
          "color": [
            0,
            0,
            255
          ]
        },
        "isLocked": false
      }
    },
    {
      "type": "Feature",
      "id": "patch_70337_36119",
      "geometry": {
        "type": "Polygon",
        "coordinates": [
          [
            [
              70337,
              36119
            ],
            [
              72238,
              36119
            ],
            [
              72238,
              38020
            ],
            [
              70337,
              38020
            ],
            [
              70337,
              36119
            ]
          ]
        ]
      },
      "properties": {
        "objectType": "annotation",
        "classification": {
          "name": "vessel_h",
          "color": [
            128,
            0,
            128
          ]
        },
        "isLocked": false
      }
    },
    {
      "type": "Feature",
      "id": "patch_72238_36119",
      "geometry": {
        "type": "Polygon",
        "coordinates": [
          [
            [
              72238,
              36119
            ],
            [
              74139,
              36119
            ],
            [
              74139,
              38020
            ],
            [
              72238,
              38020
            ],
            [
              72238,
              36119
            ]
          ]
        ]
      },
      "properties": {
        "objectType": "annotation",
        "classification": {
          "name": "vessel_h",
          "color": [
            128,
            0,
            128
          ]
        },
        "isLocked": false
      }
    },
    {
      "type": "Feature",
      "id": "patch_74139_36119",
      "geometry": {
        "type": "Polygon",
        "coordinates": [
          [
            [
              74139,
              36119
            ],
            [
              76040,
              36119
            ],
            [
              76040,
              38020
            ],
            [
              74139,
              38020
            ],
            [
              74139,
              36119
            ]
          ]
        ]
      },
      "properties": {
        "objectType": "annotation",
        "classification": {
          "name": "background_e",
          "color": [
            255,
            182,
            193
          ]
        },
        "isLocked": false
      }
    },
    {
      "type": "Feature",
      "id": "patch_76040_36119",
      "geometry": {
        "type": "Polygon",
        "coordinates": [
          [
            [
              76040,
              36119
            ],
            [
              77941,
              36119
            ],
            [
              77941,
              38020
            ],
            [
              76040,
              38020
            ],
            [
              76040,
              36119
            ]
          ]
        ]
      },
      "properties": {
        "objectType": "annotation",
        "classification": {
          "name": "background_e",
          "color": [
            255,
            182,
            193
          ]
        },
        "isLocked": false
      }
    },
    {
      "type": "Feature",
      "id": "patch_77941_36119",
      "geometry": {
        "type": "Polygon",
        "coordinates": [
          [
            [
              77941,
              36119
            ],
            [
              79842,
              36119
            ],
            [
              79842,
              38020
            ],
            [
              77941,
              38020
            ],
            [
              77941,
              36119
            ]
          ]
        ]
      },
      "properties": {
        "objectType": "annotation",
        "classification": {
          "name": "background_e",
          "color": [
            255,
            182,
            193
          ]
        },
        "isLocked": false
      }
    },
    {
      "type": "Feature",
      "id": "patch_79842_36119",
      "geometry": {
        "type": "Polygon",
        "coordinates": [
          [
            [
              79842,
              36119
            ],
            [
              81743,
              36119
            ],
            [
              81743,
              38020
            ],
            [
              79842,
              38020
            ],
            [
              79842,
              36119
            ]
          ]
        ]
      },
      "properties": {
        "objectType": "annotation",
        "classification": {
          "name": "background_e",
          "color": [
            255,
            182,
            193
          ]
        },
        "isLocked": false
      }
    },
    {
      "type": "Feature",
      "id": "patch_81743_36119",
      "geometry": {
        "type": "Polygon",
        "coordinates": [
          [
            [
              81743,
              36119
            ],
            [
              83644,
              36119
            ],
            [
              83644,
              38020
            ],
            [
              81743,
              38020
            ],
            [
              81743,
              36119
            ]
          ]
        ]
      },
      "properties": {
        "objectType": "annotation",
        "classification": {
          "name": "background_e",
          "color": [
            255,
            182,
            193
          ]
        },
        "isLocked": false
      }
    },
    {
      "type": "Feature",
      "id": "patch_83644_36119",
      "geometry": {
        "type": "Polygon",
        "coordinates": [
          [
            [
              83644,
              36119
            ],
            [
              85545,
              36119
            ],
            [
              85545,
              38020
            ],
            [
              83644,
              38020
            ],
            [
              83644,
              36119
            ]
          ]
        ]
      },
      "properties": {
        "objectType": "annotation",
        "classification": {
          "name": "background_e",
          "color": [
            255,
            182,
            193
          ]
        },
        "isLocked": false
      }
    },
    {
      "type": "Feature",
      "id": "patch_85545_36119",
      "geometry": {
        "type": "Polygon",
        "coordinates": [
          [
            [
              85545,
              36119
            ],
            [
              87446,
              36119
            ],
            [
              87446,
              38020
            ],
            [
              85545,
              38020
            ],
            [
              85545,
              36119
            ]
          ]
        ]
      },
      "properties": {
        "objectType": "annotation",
        "classification": {
          "name": "background_e",
          "color": [
            255,
            182,
            193
          ]
        },
        "isLocked": false
      }
    },
    {
      "type": "Feature",
      "id": "patch_87446_36119",
      "geometry": {
        "type": "Polygon",
        "coordinates": [
          [
            [
              87446,
              36119
            ],
            [
              89347,
              36119
            ],
            [
              89347,
              38020
            ],
            [
              87446,
              38020
            ],
            [
              87446,
              36119
            ]
          ]
        ]
      },
      "properties": {
        "objectType": "annotation",
        "classification": {
          "name": "background_e",
          "color": [
            255,
            182,
            193
          ]
        },
        "isLocked": false
      }
    },
    {
      "type": "Feature",
      "id": "patch_9505_38020",
      "geometry": {
        "type": "Polygon",
        "coordinates": [
          [
            [
              9505,
              38020
            ],
            [
              11406,
              38020
            ],
            [
              11406,
              39921
            ],
            [
              9505,
              39921
            ],
            [
              9505,
              38020
            ]
          ]
        ]
      },
      "properties": {
        "objectType": "annotation",
        "classification": {
          "name": "background_e",
          "color": [
            255,
            182,
            193
          ]
        },
        "isLocked": false
      }
    },
    {
      "type": "Feature",
      "id": "patch_11406_38020",
      "geometry": {
        "type": "Polygon",
        "coordinates": [
          [
            [
              11406,
              38020
            ],
            [
              13307,
              38020
            ],
            [
              13307,
              39921
            ],
            [
              11406,
              39921
            ],
            [
              11406,
              38020
            ]
          ]
        ]
      },
      "properties": {
        "objectType": "annotation",
        "classification": {
          "name": "background_e",
          "color": [
            255,
            182,
            193
          ]
        },
        "isLocked": false
      }
    },
    {
      "type": "Feature",
      "id": "patch_13307_38020",
      "geometry": {
        "type": "Polygon",
        "coordinates": [
          [
            [
              13307,
              38020
            ],
            [
              15208,
              38020
            ],
            [
              15208,
              39921
            ],
            [
              13307,
              39921
            ],
            [
              13307,
              38020
            ]
          ]
        ]
      },
      "properties": {
        "objectType": "annotation",
        "classification": {
          "name": "background_e",
          "color": [
            255,
            182,
            193
          ]
        },
        "isLocked": false
      }
    },
    {
      "type": "Feature",
      "id": "patch_15208_38020",
      "geometry": {
        "type": "Polygon",
        "coordinates": [
          [
            [
              15208,
              38020
            ],
            [
              17109,
              38020
            ],
            [
              17109,
              39921
            ],
            [
              15208,
              39921
            ],
            [
              15208,
              38020
            ]
          ]
        ]
      },
      "properties": {
        "objectType": "annotation",
        "classification": {
          "name": "background_e",
          "color": [
            255,
            182,
            193
          ]
        },
        "isLocked": false
      }
    },
    {
      "type": "Feature",
      "id": "patch_17109_38020",
      "geometry": {
        "type": "Polygon",
        "coordinates": [
          [
            [
              17109,
              38020
            ],
            [
              19010,
              38020
            ],
            [
              19010,
              39921
            ],
            [
              17109,
              39921
            ],
            [
              17109,
              38020
            ]
          ]
        ]
      },
      "properties": {
        "objectType": "annotation",
        "classification": {
          "name": "background_e",
          "color": [
            255,
            182,
            193
          ]
        },
        "isLocked": false
      }
    },
    {
      "type": "Feature",
      "id": "patch_19010_38020",
      "geometry": {
        "type": "Polygon",
        "coordinates": [
          [
            [
              19010,
              38020
            ],
            [
              20911,
              38020
            ],
            [
              20911,
              39921
            ],
            [
              19010,
              39921
            ],
            [
              19010,
              38020
            ]
          ]
        ]
      },
      "properties": {
        "objectType": "annotation",
        "classification": {
          "name": "background_e",
          "color": [
            255,
            182,
            193
          ]
        },
        "isLocked": false
      }
    },
    {
      "type": "Feature",
      "id": "patch_20911_38020",
      "geometry": {
        "type": "Polygon",
        "coordinates": [
          [
            [
              20911,
              38020
            ],
            [
              22812,
              38020
            ],
            [
              22812,
              39921
            ],
            [
              20911,
              39921
            ],
            [
              20911,
              38020
            ]
          ]
        ]
      },
      "properties": {
        "objectType": "annotation",
        "classification": {
          "name": "background_h",
          "color": [
            0,
            0,
            255
          ]
        },
        "isLocked": false
      }
    },
    {
      "type": "Feature",
      "id": "patch_22812_38020",
      "geometry": {
        "type": "Polygon",
        "coordinates": [
          [
            [
              22812,
              38020
            ],
            [
              24713,
              38020
            ],
            [
              24713,
              39921
            ],
            [
              22812,
              39921
            ],
            [
              22812,
              38020
            ]
          ]
        ]
      },
      "properties": {
        "objectType": "annotation",
        "classification": {
          "name": "background_h",
          "color": [
            0,
            0,
            255
          ]
        },
        "isLocked": false
      }
    },
    {
      "type": "Feature",
      "id": "patch_24713_38020",
      "geometry": {
        "type": "Polygon",
        "coordinates": [
          [
            [
              24713,
              38020
            ],
            [
              26614,
              38020
            ],
            [
              26614,
              39921
            ],
            [
              24713,
              39921
            ],
            [
              24713,
              38020
            ]
          ]
        ]
      },
      "properties": {
        "objectType": "annotation",
        "classification": {
          "name": "background_h",
          "color": [
            0,
            0,
            255
          ]
        },
        "isLocked": false
      }
    },
    {
      "type": "Feature",
      "id": "patch_26614_38020",
      "geometry": {
        "type": "Polygon",
        "coordinates": [
          [
            [
              26614,
              38020
            ],
            [
              28515,
              38020
            ],
            [
              28515,
              39921
            ],
            [
              26614,
              39921
            ],
            [
              26614,
              38020
            ]
          ]
        ]
      },
      "properties": {
        "objectType": "annotation",
        "classification": {
          "name": "vessel_h",
          "color": [
            128,
            0,
            128
          ]
        },
        "isLocked": false
      }
    },
    {
      "type": "Feature",
      "id": "patch_28515_38020",
      "geometry": {
        "type": "Polygon",
        "coordinates": [
          [
            [
              28515,
              38020
            ],
            [
              30416,
              38020
            ],
            [
              30416,
              39921
            ],
            [
              28515,
              39921
            ],
            [
              28515,
              38020
            ]
          ]
        ]
      },
      "properties": {
        "objectType": "annotation",
        "classification": {
          "name": "background_h",
          "color": [
            0,
            0,
            255
          ]
        },
        "isLocked": false
      }
    },
    {
      "type": "Feature",
      "id": "patch_30416_38020",
      "geometry": {
        "type": "Polygon",
        "coordinates": [
          [
            [
              30416,
              38020
            ],
            [
              32317,
              38020
            ],
            [
              32317,
              39921
            ],
            [
              30416,
              39921
            ],
            [
              30416,
              38020
            ]
          ]
        ]
      },
      "properties": {
        "objectType": "annotation",
        "classification": {
          "name": "background_h",
          "color": [
            0,
            0,
            255
          ]
        },
        "isLocked": false
      }
    },
    {
      "type": "Feature",
      "id": "patch_32317_38020",
      "geometry": {
        "type": "Polygon",
        "coordinates": [
          [
            [
              32317,
              38020
            ],
            [
              34218,
              38020
            ],
            [
              34218,
              39921
            ],
            [
              32317,
              39921
            ],
            [
              32317,
              38020
            ]
          ]
        ]
      },
      "properties": {
        "objectType": "annotation",
        "classification": {
          "name": "vessel_h",
          "color": [
            128,
            0,
            128
          ]
        },
        "isLocked": false
      }
    },
    {
      "type": "Feature",
      "id": "patch_34218_38020",
      "geometry": {
        "type": "Polygon",
        "coordinates": [
          [
            [
              34218,
              38020
            ],
            [
              36119,
              38020
            ],
            [
              36119,
              39921
            ],
            [
              34218,
              39921
            ],
            [
              34218,
              38020
            ]
          ]
        ]
      },
      "properties": {
        "objectType": "annotation",
        "classification": {
          "name": "background_e",
          "color": [
            255,
            182,
            193
          ]
        },
        "isLocked": false
      }
    },
    {
      "type": "Feature",
      "id": "patch_36119_38020",
      "geometry": {
        "type": "Polygon",
        "coordinates": [
          [
            [
              36119,
              38020
            ],
            [
              38020,
              38020
            ],
            [
              38020,
              39921
            ],
            [
              36119,
              39921
            ],
            [
              36119,
              38020
            ]
          ]
        ]
      },
      "properties": {
        "objectType": "annotation",
        "classification": {
          "name": "background_e",
          "color": [
            255,
            182,
            193
          ]
        },
        "isLocked": false
      }
    },
    {
      "type": "Feature",
      "id": "patch_38020_38020",
      "geometry": {
        "type": "Polygon",
        "coordinates": [
          [
            [
              38020,
              38020
            ],
            [
              39921,
              38020
            ],
            [
              39921,
              39921
            ],
            [
              38020,
              39921
            ],
            [
              38020,
              38020
            ]
          ]
        ]
      },
      "properties": {
        "objectType": "annotation",
        "classification": {
          "name": "background_e",
          "color": [
            255,
            182,
            193
          ]
        },
        "isLocked": false
      }
    },
    {
      "type": "Feature",
      "id": "patch_39921_38020",
      "geometry": {
        "type": "Polygon",
        "coordinates": [
          [
            [
              39921,
              38020
            ],
            [
              41822,
              38020
            ],
            [
              41822,
              39921
            ],
            [
              39921,
              39921
            ],
            [
              39921,
              38020
            ]
          ]
        ]
      },
      "properties": {
        "objectType": "annotation",
        "classification": {
          "name": "background_e",
          "color": [
            255,
            182,
            193
          ]
        },
        "isLocked": false
      }
    },
    {
      "type": "Feature",
      "id": "patch_41822_38020",
      "geometry": {
        "type": "Polygon",
        "coordinates": [
          [
            [
              41822,
              38020
            ],
            [
              43723,
              38020
            ],
            [
              43723,
              39921
            ],
            [
              41822,
              39921
            ],
            [
              41822,
              38020
            ]
          ]
        ]
      },
      "properties": {
        "objectType": "annotation",
        "classification": {
          "name": "background_e",
          "color": [
            255,
            182,
            193
          ]
        },
        "isLocked": false
      }
    },
    {
      "type": "Feature",
      "id": "patch_43723_38020",
      "geometry": {
        "type": "Polygon",
        "coordinates": [
          [
            [
              43723,
              38020
            ],
            [
              45624,
              38020
            ],
            [
              45624,
              39921
            ],
            [
              43723,
              39921
            ],
            [
              43723,
              38020
            ]
          ]
        ]
      },
      "properties": {
        "objectType": "annotation",
        "classification": {
          "name": "background_e",
          "color": [
            255,
            182,
            193
          ]
        },
        "isLocked": false
      }
    },
    {
      "type": "Feature",
      "id": "patch_45624_38020",
      "geometry": {
        "type": "Polygon",
        "coordinates": [
          [
            [
              45624,
              38020
            ],
            [
              47525,
              38020
            ],
            [
              47525,
              39921
            ],
            [
              45624,
              39921
            ],
            [
              45624,
              38020
            ]
          ]
        ]
      },
      "properties": {
        "objectType": "annotation",
        "classification": {
          "name": "background_e",
          "color": [
            255,
            182,
            193
          ]
        },
        "isLocked": false
      }
    },
    {
      "type": "Feature",
      "id": "patch_47525_38020",
      "geometry": {
        "type": "Polygon",
        "coordinates": [
          [
            [
              47525,
              38020
            ],
            [
              49426,
              38020
            ],
            [
              49426,
              39921
            ],
            [
              47525,
              39921
            ],
            [
              47525,
              38020
            ]
          ]
        ]
      },
      "properties": {
        "objectType": "annotation",
        "classification": {
          "name": "vessel_h",
          "color": [
            128,
            0,
            128
          ]
        },
        "isLocked": false
      }
    },
    {
      "type": "Feature",
      "id": "patch_49426_38020",
      "geometry": {
        "type": "Polygon",
        "coordinates": [
          [
            [
              49426,
              38020
            ],
            [
              51327,
              38020
            ],
            [
              51327,
              39921
            ],
            [
              49426,
              39921
            ],
            [
              49426,
              38020
            ]
          ]
        ]
      },
      "properties": {
        "objectType": "annotation",
        "classification": {
          "name": "vessel_e",
          "color": [
            255,
            0,
            0
          ]
        },
        "isLocked": false
      }
    },
    {
      "type": "Feature",
      "id": "patch_51327_38020",
      "geometry": {
        "type": "Polygon",
        "coordinates": [
          [
            [
              51327,
              38020
            ],
            [
              53228,
              38020
            ],
            [
              53228,
              39921
            ],
            [
              51327,
              39921
            ],
            [
              51327,
              38020
            ]
          ]
        ]
      },
      "properties": {
        "objectType": "annotation",
        "classification": {
          "name": "background_e",
          "color": [
            255,
            182,
            193
          ]
        },
        "isLocked": false
      }
    },
    {
      "type": "Feature",
      "id": "patch_60832_38020",
      "geometry": {
        "type": "Polygon",
        "coordinates": [
          [
            [
              60832,
              38020
            ],
            [
              62733,
              38020
            ],
            [
              62733,
              39921
            ],
            [
              60832,
              39921
            ],
            [
              60832,
              38020
            ]
          ]
        ]
      },
      "properties": {
        "objectType": "annotation",
        "classification": {
          "name": "background_e",
          "color": [
            255,
            182,
            193
          ]
        },
        "isLocked": false
      }
    },
    {
      "type": "Feature",
      "id": "patch_62733_38020",
      "geometry": {
        "type": "Polygon",
        "coordinates": [
          [
            [
              62733,
              38020
            ],
            [
              64634,
              38020
            ],
            [
              64634,
              39921
            ],
            [
              62733,
              39921
            ],
            [
              62733,
              38020
            ]
          ]
        ]
      },
      "properties": {
        "objectType": "annotation",
        "classification": {
          "name": "background_e",
          "color": [
            255,
            182,
            193
          ]
        },
        "isLocked": false
      }
    },
    {
      "type": "Feature",
      "id": "patch_64634_38020",
      "geometry": {
        "type": "Polygon",
        "coordinates": [
          [
            [
              64634,
              38020
            ],
            [
              66535,
              38020
            ],
            [
              66535,
              39921
            ],
            [
              64634,
              39921
            ],
            [
              64634,
              38020
            ]
          ]
        ]
      },
      "properties": {
        "objectType": "annotation",
        "classification": {
          "name": "background_e",
          "color": [
            255,
            182,
            193
          ]
        },
        "isLocked": false
      }
    },
    {
      "type": "Feature",
      "id": "patch_66535_38020",
      "geometry": {
        "type": "Polygon",
        "coordinates": [
          [
            [
              66535,
              38020
            ],
            [
              68436,
              38020
            ],
            [
              68436,
              39921
            ],
            [
              66535,
              39921
            ],
            [
              66535,
              38020
            ]
          ]
        ]
      },
      "properties": {
        "objectType": "annotation",
        "classification": {
          "name": "background_e",
          "color": [
            255,
            182,
            193
          ]
        },
        "isLocked": false
      }
    },
    {
      "type": "Feature",
      "id": "patch_68436_38020",
      "geometry": {
        "type": "Polygon",
        "coordinates": [
          [
            [
              68436,
              38020
            ],
            [
              70337,
              38020
            ],
            [
              70337,
              39921
            ],
            [
              68436,
              39921
            ],
            [
              68436,
              38020
            ]
          ]
        ]
      },
      "properties": {
        "objectType": "annotation",
        "classification": {
          "name": "background_h",
          "color": [
            0,
            0,
            255
          ]
        },
        "isLocked": false
      }
    },
    {
      "type": "Feature",
      "id": "patch_70337_38020",
      "geometry": {
        "type": "Polygon",
        "coordinates": [
          [
            [
              70337,
              38020
            ],
            [
              72238,
              38020
            ],
            [
              72238,
              39921
            ],
            [
              70337,
              39921
            ],
            [
              70337,
              38020
            ]
          ]
        ]
      },
      "properties": {
        "objectType": "annotation",
        "classification": {
          "name": "background_h",
          "color": [
            0,
            0,
            255
          ]
        },
        "isLocked": false
      }
    },
    {
      "type": "Feature",
      "id": "patch_72238_38020",
      "geometry": {
        "type": "Polygon",
        "coordinates": [
          [
            [
              72238,
              38020
            ],
            [
              74139,
              38020
            ],
            [
              74139,
              39921
            ],
            [
              72238,
              39921
            ],
            [
              72238,
              38020
            ]
          ]
        ]
      },
      "properties": {
        "objectType": "annotation",
        "classification": {
          "name": "background_h",
          "color": [
            0,
            0,
            255
          ]
        },
        "isLocked": false
      }
    },
    {
      "type": "Feature",
      "id": "patch_74139_38020",
      "geometry": {
        "type": "Polygon",
        "coordinates": [
          [
            [
              74139,
              38020
            ],
            [
              76040,
              38020
            ],
            [
              76040,
              39921
            ],
            [
              74139,
              39921
            ],
            [
              74139,
              38020
            ]
          ]
        ]
      },
      "properties": {
        "objectType": "annotation",
        "classification": {
          "name": "background_e",
          "color": [
            255,
            182,
            193
          ]
        },
        "isLocked": false
      }
    },
    {
      "type": "Feature",
      "id": "patch_76040_38020",
      "geometry": {
        "type": "Polygon",
        "coordinates": [
          [
            [
              76040,
              38020
            ],
            [
              77941,
              38020
            ],
            [
              77941,
              39921
            ],
            [
              76040,
              39921
            ],
            [
              76040,
              38020
            ]
          ]
        ]
      },
      "properties": {
        "objectType": "annotation",
        "classification": {
          "name": "background_e",
          "color": [
            255,
            182,
            193
          ]
        },
        "isLocked": false
      }
    },
    {
      "type": "Feature",
      "id": "patch_77941_38020",
      "geometry": {
        "type": "Polygon",
        "coordinates": [
          [
            [
              77941,
              38020
            ],
            [
              79842,
              38020
            ],
            [
              79842,
              39921
            ],
            [
              77941,
              39921
            ],
            [
              77941,
              38020
            ]
          ]
        ]
      },
      "properties": {
        "objectType": "annotation",
        "classification": {
          "name": "background_e",
          "color": [
            255,
            182,
            193
          ]
        },
        "isLocked": false
      }
    },
    {
      "type": "Feature",
      "id": "patch_79842_38020",
      "geometry": {
        "type": "Polygon",
        "coordinates": [
          [
            [
              79842,
              38020
            ],
            [
              81743,
              38020
            ],
            [
              81743,
              39921
            ],
            [
              79842,
              39921
            ],
            [
              79842,
              38020
            ]
          ]
        ]
      },
      "properties": {
        "objectType": "annotation",
        "classification": {
          "name": "background_e",
          "color": [
            255,
            182,
            193
          ]
        },
        "isLocked": false
      }
    },
    {
      "type": "Feature",
      "id": "patch_81743_38020",
      "geometry": {
        "type": "Polygon",
        "coordinates": [
          [
            [
              81743,
              38020
            ],
            [
              83644,
              38020
            ],
            [
              83644,
              39921
            ],
            [
              81743,
              39921
            ],
            [
              81743,
              38020
            ]
          ]
        ]
      },
      "properties": {
        "objectType": "annotation",
        "classification": {
          "name": "white",
          "color": [
            200,
            200,
            200
          ]
        },
        "isLocked": false
      }
    },
    {
      "type": "Feature",
      "id": "patch_83644_38020",
      "geometry": {
        "type": "Polygon",
        "coordinates": [
          [
            [
              83644,
              38020
            ],
            [
              85545,
              38020
            ],
            [
              85545,
              39921
            ],
            [
              83644,
              39921
            ],
            [
              83644,
              38020
            ]
          ]
        ]
      },
      "properties": {
        "objectType": "annotation",
        "classification": {
          "name": "background_e",
          "color": [
            255,
            182,
            193
          ]
        },
        "isLocked": false
      }
    },
    {
      "type": "Feature",
      "id": "patch_85545_38020",
      "geometry": {
        "type": "Polygon",
        "coordinates": [
          [
            [
              85545,
              38020
            ],
            [
              87446,
              38020
            ],
            [
              87446,
              39921
            ],
            [
              85545,
              39921
            ],
            [
              85545,
              38020
            ]
          ]
        ]
      },
      "properties": {
        "objectType": "annotation",
        "classification": {
          "name": "background_e",
          "color": [
            255,
            182,
            193
          ]
        },
        "isLocked": false
      }
    },
    {
      "type": "Feature",
      "id": "patch_87446_38020",
      "geometry": {
        "type": "Polygon",
        "coordinates": [
          [
            [
              87446,
              38020
            ],
            [
              89347,
              38020
            ],
            [
              89347,
              39921
            ],
            [
              87446,
              39921
            ],
            [
              87446,
              38020
            ]
          ]
        ]
      },
      "properties": {
        "objectType": "annotation",
        "classification": {
          "name": "background_e",
          "color": [
            255,
            182,
            193
          ]
        },
        "isLocked": false
      }
    },
    {
      "type": "Feature",
      "id": "patch_9505_39921",
      "geometry": {
        "type": "Polygon",
        "coordinates": [
          [
            [
              9505,
              39921
            ],
            [
              11406,
              39921
            ],
            [
              11406,
              41822
            ],
            [
              9505,
              41822
            ],
            [
              9505,
              39921
            ]
          ]
        ]
      },
      "properties": {
        "objectType": "annotation",
        "classification": {
          "name": "background_e",
          "color": [
            255,
            182,
            193
          ]
        },
        "isLocked": false
      }
    },
    {
      "type": "Feature",
      "id": "patch_11406_39921",
      "geometry": {
        "type": "Polygon",
        "coordinates": [
          [
            [
              11406,
              39921
            ],
            [
              13307,
              39921
            ],
            [
              13307,
              41822
            ],
            [
              11406,
              41822
            ],
            [
              11406,
              39921
            ]
          ]
        ]
      },
      "properties": {
        "objectType": "annotation",
        "classification": {
          "name": "background_e",
          "color": [
            255,
            182,
            193
          ]
        },
        "isLocked": false
      }
    },
    {
      "type": "Feature",
      "id": "patch_13307_39921",
      "geometry": {
        "type": "Polygon",
        "coordinates": [
          [
            [
              13307,
              39921
            ],
            [
              15208,
              39921
            ],
            [
              15208,
              41822
            ],
            [
              13307,
              41822
            ],
            [
              13307,
              39921
            ]
          ]
        ]
      },
      "properties": {
        "objectType": "annotation",
        "classification": {
          "name": "background_e",
          "color": [
            255,
            182,
            193
          ]
        },
        "isLocked": false
      }
    },
    {
      "type": "Feature",
      "id": "patch_15208_39921",
      "geometry": {
        "type": "Polygon",
        "coordinates": [
          [
            [
              15208,
              39921
            ],
            [
              17109,
              39921
            ],
            [
              17109,
              41822
            ],
            [
              15208,
              41822
            ],
            [
              15208,
              39921
            ]
          ]
        ]
      },
      "properties": {
        "objectType": "annotation",
        "classification": {
          "name": "background_e",
          "color": [
            255,
            182,
            193
          ]
        },
        "isLocked": false
      }
    },
    {
      "type": "Feature",
      "id": "patch_17109_39921",
      "geometry": {
        "type": "Polygon",
        "coordinates": [
          [
            [
              17109,
              39921
            ],
            [
              19010,
              39921
            ],
            [
              19010,
              41822
            ],
            [
              17109,
              41822
            ],
            [
              17109,
              39921
            ]
          ]
        ]
      },
      "properties": {
        "objectType": "annotation",
        "classification": {
          "name": "background_e",
          "color": [
            255,
            182,
            193
          ]
        },
        "isLocked": false
      }
    },
    {
      "type": "Feature",
      "id": "patch_19010_39921",
      "geometry": {
        "type": "Polygon",
        "coordinates": [
          [
            [
              19010,
              39921
            ],
            [
              20911,
              39921
            ],
            [
              20911,
              41822
            ],
            [
              19010,
              41822
            ],
            [
              19010,
              39921
            ]
          ]
        ]
      },
      "properties": {
        "objectType": "annotation",
        "classification": {
          "name": "background_e",
          "color": [
            255,
            182,
            193
          ]
        },
        "isLocked": false
      }
    },
    {
      "type": "Feature",
      "id": "patch_20911_39921",
      "geometry": {
        "type": "Polygon",
        "coordinates": [
          [
            [
              20911,
              39921
            ],
            [
              22812,
              39921
            ],
            [
              22812,
              41822
            ],
            [
              20911,
              41822
            ],
            [
              20911,
              39921
            ]
          ]
        ]
      },
      "properties": {
        "objectType": "annotation",
        "classification": {
          "name": "background_h",
          "color": [
            0,
            0,
            255
          ]
        },
        "isLocked": false
      }
    },
    {
      "type": "Feature",
      "id": "patch_22812_39921",
      "geometry": {
        "type": "Polygon",
        "coordinates": [
          [
            [
              22812,
              39921
            ],
            [
              24713,
              39921
            ],
            [
              24713,
              41822
            ],
            [
              22812,
              41822
            ],
            [
              22812,
              39921
            ]
          ]
        ]
      },
      "properties": {
        "objectType": "annotation",
        "classification": {
          "name": "background_h",
          "color": [
            0,
            0,
            255
          ]
        },
        "isLocked": false
      }
    },
    {
      "type": "Feature",
      "id": "patch_24713_39921",
      "geometry": {
        "type": "Polygon",
        "coordinates": [
          [
            [
              24713,
              39921
            ],
            [
              26614,
              39921
            ],
            [
              26614,
              41822
            ],
            [
              24713,
              41822
            ],
            [
              24713,
              39921
            ]
          ]
        ]
      },
      "properties": {
        "objectType": "annotation",
        "classification": {
          "name": "background_h",
          "color": [
            0,
            0,
            255
          ]
        },
        "isLocked": false
      }
    },
    {
      "type": "Feature",
      "id": "patch_26614_39921",
      "geometry": {
        "type": "Polygon",
        "coordinates": [
          [
            [
              26614,
              39921
            ],
            [
              28515,
              39921
            ],
            [
              28515,
              41822
            ],
            [
              26614,
              41822
            ],
            [
              26614,
              39921
            ]
          ]
        ]
      },
      "properties": {
        "objectType": "annotation",
        "classification": {
          "name": "vessel_h",
          "color": [
            128,
            0,
            128
          ]
        },
        "isLocked": false
      }
    },
    {
      "type": "Feature",
      "id": "patch_28515_39921",
      "geometry": {
        "type": "Polygon",
        "coordinates": [
          [
            [
              28515,
              39921
            ],
            [
              30416,
              39921
            ],
            [
              30416,
              41822
            ],
            [
              28515,
              41822
            ],
            [
              28515,
              39921
            ]
          ]
        ]
      },
      "properties": {
        "objectType": "annotation",
        "classification": {
          "name": "vessel_h",
          "color": [
            128,
            0,
            128
          ]
        },
        "isLocked": false
      }
    },
    {
      "type": "Feature",
      "id": "patch_30416_39921",
      "geometry": {
        "type": "Polygon",
        "coordinates": [
          [
            [
              30416,
              39921
            ],
            [
              32317,
              39921
            ],
            [
              32317,
              41822
            ],
            [
              30416,
              41822
            ],
            [
              30416,
              39921
            ]
          ]
        ]
      },
      "properties": {
        "objectType": "annotation",
        "classification": {
          "name": "background_h",
          "color": [
            0,
            0,
            255
          ]
        },
        "isLocked": false
      }
    },
    {
      "type": "Feature",
      "id": "patch_32317_39921",
      "geometry": {
        "type": "Polygon",
        "coordinates": [
          [
            [
              32317,
              39921
            ],
            [
              34218,
              39921
            ],
            [
              34218,
              41822
            ],
            [
              32317,
              41822
            ],
            [
              32317,
              39921
            ]
          ]
        ]
      },
      "properties": {
        "objectType": "annotation",
        "classification": {
          "name": "vessel_h",
          "color": [
            128,
            0,
            128
          ]
        },
        "isLocked": false
      }
    },
    {
      "type": "Feature",
      "id": "patch_34218_39921",
      "geometry": {
        "type": "Polygon",
        "coordinates": [
          [
            [
              34218,
              39921
            ],
            [
              36119,
              39921
            ],
            [
              36119,
              41822
            ],
            [
              34218,
              41822
            ],
            [
              34218,
              39921
            ]
          ]
        ]
      },
      "properties": {
        "objectType": "annotation",
        "classification": {
          "name": "background_e",
          "color": [
            255,
            182,
            193
          ]
        },
        "isLocked": false
      }
    },
    {
      "type": "Feature",
      "id": "patch_36119_39921",
      "geometry": {
        "type": "Polygon",
        "coordinates": [
          [
            [
              36119,
              39921
            ],
            [
              38020,
              39921
            ],
            [
              38020,
              41822
            ],
            [
              36119,
              41822
            ],
            [
              36119,
              39921
            ]
          ]
        ]
      },
      "properties": {
        "objectType": "annotation",
        "classification": {
          "name": "background_e",
          "color": [
            255,
            182,
            193
          ]
        },
        "isLocked": false
      }
    },
    {
      "type": "Feature",
      "id": "patch_38020_39921",
      "geometry": {
        "type": "Polygon",
        "coordinates": [
          [
            [
              38020,
              39921
            ],
            [
              39921,
              39921
            ],
            [
              39921,
              41822
            ],
            [
              38020,
              41822
            ],
            [
              38020,
              39921
            ]
          ]
        ]
      },
      "properties": {
        "objectType": "annotation",
        "classification": {
          "name": "background_e",
          "color": [
            255,
            182,
            193
          ]
        },
        "isLocked": false
      }
    },
    {
      "type": "Feature",
      "id": "patch_39921_39921",
      "geometry": {
        "type": "Polygon",
        "coordinates": [
          [
            [
              39921,
              39921
            ],
            [
              41822,
              39921
            ],
            [
              41822,
              41822
            ],
            [
              39921,
              41822
            ],
            [
              39921,
              39921
            ]
          ]
        ]
      },
      "properties": {
        "objectType": "annotation",
        "classification": {
          "name": "background_e",
          "color": [
            255,
            182,
            193
          ]
        },
        "isLocked": false
      }
    },
    {
      "type": "Feature",
      "id": "patch_41822_39921",
      "geometry": {
        "type": "Polygon",
        "coordinates": [
          [
            [
              41822,
              39921
            ],
            [
              43723,
              39921
            ],
            [
              43723,
              41822
            ],
            [
              41822,
              41822
            ],
            [
              41822,
              39921
            ]
          ]
        ]
      },
      "properties": {
        "objectType": "annotation",
        "classification": {
          "name": "background_e",
          "color": [
            255,
            182,
            193
          ]
        },
        "isLocked": false
      }
    },
    {
      "type": "Feature",
      "id": "patch_43723_39921",
      "geometry": {
        "type": "Polygon",
        "coordinates": [
          [
            [
              43723,
              39921
            ],
            [
              45624,
              39921
            ],
            [
              45624,
              41822
            ],
            [
              43723,
              41822
            ],
            [
              43723,
              39921
            ]
          ]
        ]
      },
      "properties": {
        "objectType": "annotation",
        "classification": {
          "name": "background_e",
          "color": [
            255,
            182,
            193
          ]
        },
        "isLocked": false
      }
    },
    {
      "type": "Feature",
      "id": "patch_45624_39921",
      "geometry": {
        "type": "Polygon",
        "coordinates": [
          [
            [
              45624,
              39921
            ],
            [
              47525,
              39921
            ],
            [
              47525,
              41822
            ],
            [
              45624,
              41822
            ],
            [
              45624,
              39921
            ]
          ]
        ]
      },
      "properties": {
        "objectType": "annotation",
        "classification": {
          "name": "background_e",
          "color": [
            255,
            182,
            193
          ]
        },
        "isLocked": false
      }
    },
    {
      "type": "Feature",
      "id": "patch_47525_39921",
      "geometry": {
        "type": "Polygon",
        "coordinates": [
          [
            [
              47525,
              39921
            ],
            [
              49426,
              39921
            ],
            [
              49426,
              41822
            ],
            [
              47525,
              41822
            ],
            [
              47525,
              39921
            ]
          ]
        ]
      },
      "properties": {
        "objectType": "annotation",
        "classification": {
          "name": "background_h",
          "color": [
            0,
            0,
            255
          ]
        },
        "isLocked": false
      }
    },
    {
      "type": "Feature",
      "id": "patch_49426_39921",
      "geometry": {
        "type": "Polygon",
        "coordinates": [
          [
            [
              49426,
              39921
            ],
            [
              51327,
              39921
            ],
            [
              51327,
              41822
            ],
            [
              49426,
              41822
            ],
            [
              49426,
              39921
            ]
          ]
        ]
      },
      "properties": {
        "objectType": "annotation",
        "classification": {
          "name": "background_e",
          "color": [
            255,
            182,
            193
          ]
        },
        "isLocked": false
      }
    },
    {
      "type": "Feature",
      "id": "patch_51327_39921",
      "geometry": {
        "type": "Polygon",
        "coordinates": [
          [
            [
              51327,
              39921
            ],
            [
              53228,
              39921
            ],
            [
              53228,
              41822
            ],
            [
              51327,
              41822
            ],
            [
              51327,
              39921
            ]
          ]
        ]
      },
      "properties": {
        "objectType": "annotation",
        "classification": {
          "name": "background_e",
          "color": [
            255,
            182,
            193
          ]
        },
        "isLocked": false
      }
    },
    {
      "type": "Feature",
      "id": "patch_60832_39921",
      "geometry": {
        "type": "Polygon",
        "coordinates": [
          [
            [
              60832,
              39921
            ],
            [
              62733,
              39921
            ],
            [
              62733,
              41822
            ],
            [
              60832,
              41822
            ],
            [
              60832,
              39921
            ]
          ]
        ]
      },
      "properties": {
        "objectType": "annotation",
        "classification": {
          "name": "background_e",
          "color": [
            255,
            182,
            193
          ]
        },
        "isLocked": false
      }
    },
    {
      "type": "Feature",
      "id": "patch_62733_39921",
      "geometry": {
        "type": "Polygon",
        "coordinates": [
          [
            [
              62733,
              39921
            ],
            [
              64634,
              39921
            ],
            [
              64634,
              41822
            ],
            [
              62733,
              41822
            ],
            [
              62733,
              39921
            ]
          ]
        ]
      },
      "properties": {
        "objectType": "annotation",
        "classification": {
          "name": "background_e",
          "color": [
            255,
            182,
            193
          ]
        },
        "isLocked": false
      }
    },
    {
      "type": "Feature",
      "id": "patch_64634_39921",
      "geometry": {
        "type": "Polygon",
        "coordinates": [
          [
            [
              64634,
              39921
            ],
            [
              66535,
              39921
            ],
            [
              66535,
              41822
            ],
            [
              64634,
              41822
            ],
            [
              64634,
              39921
            ]
          ]
        ]
      },
      "properties": {
        "objectType": "annotation",
        "classification": {
          "name": "background_e",
          "color": [
            255,
            182,
            193
          ]
        },
        "isLocked": false
      }
    },
    {
      "type": "Feature",
      "id": "patch_66535_39921",
      "geometry": {
        "type": "Polygon",
        "coordinates": [
          [
            [
              66535,
              39921
            ],
            [
              68436,
              39921
            ],
            [
              68436,
              41822
            ],
            [
              66535,
              41822
            ],
            [
              66535,
              39921
            ]
          ]
        ]
      },
      "properties": {
        "objectType": "annotation",
        "classification": {
          "name": "background_e",
          "color": [
            255,
            182,
            193
          ]
        },
        "isLocked": false
      }
    },
    {
      "type": "Feature",
      "id": "patch_68436_39921",
      "geometry": {
        "type": "Polygon",
        "coordinates": [
          [
            [
              68436,
              39921
            ],
            [
              70337,
              39921
            ],
            [
              70337,
              41822
            ],
            [
              68436,
              41822
            ],
            [
              68436,
              39921
            ]
          ]
        ]
      },
      "properties": {
        "objectType": "annotation",
        "classification": {
          "name": "background_h",
          "color": [
            0,
            0,
            255
          ]
        },
        "isLocked": false
      }
    },
    {
      "type": "Feature",
      "id": "patch_70337_39921",
      "geometry": {
        "type": "Polygon",
        "coordinates": [
          [
            [
              70337,
              39921
            ],
            [
              72238,
              39921
            ],
            [
              72238,
              41822
            ],
            [
              70337,
              41822
            ],
            [
              70337,
              39921
            ]
          ]
        ]
      },
      "properties": {
        "objectType": "annotation",
        "classification": {
          "name": "background_h",
          "color": [
            0,
            0,
            255
          ]
        },
        "isLocked": false
      }
    },
    {
      "type": "Feature",
      "id": "patch_72238_39921",
      "geometry": {
        "type": "Polygon",
        "coordinates": [
          [
            [
              72238,
              39921
            ],
            [
              74139,
              39921
            ],
            [
              74139,
              41822
            ],
            [
              72238,
              41822
            ],
            [
              72238,
              39921
            ]
          ]
        ]
      },
      "properties": {
        "objectType": "annotation",
        "classification": {
          "name": "background_e",
          "color": [
            255,
            182,
            193
          ]
        },
        "isLocked": false
      }
    },
    {
      "type": "Feature",
      "id": "patch_74139_39921",
      "geometry": {
        "type": "Polygon",
        "coordinates": [
          [
            [
              74139,
              39921
            ],
            [
              76040,
              39921
            ],
            [
              76040,
              41822
            ],
            [
              74139,
              41822
            ],
            [
              74139,
              39921
            ]
          ]
        ]
      },
      "properties": {
        "objectType": "annotation",
        "classification": {
          "name": "background_e",
          "color": [
            255,
            182,
            193
          ]
        },
        "isLocked": false
      }
    },
    {
      "type": "Feature",
      "id": "patch_76040_39921",
      "geometry": {
        "type": "Polygon",
        "coordinates": [
          [
            [
              76040,
              39921
            ],
            [
              77941,
              39921
            ],
            [
              77941,
              41822
            ],
            [
              76040,
              41822
            ],
            [
              76040,
              39921
            ]
          ]
        ]
      },
      "properties": {
        "objectType": "annotation",
        "classification": {
          "name": "background_e",
          "color": [
            255,
            182,
            193
          ]
        },
        "isLocked": false
      }
    },
    {
      "type": "Feature",
      "id": "patch_77941_39921",
      "geometry": {
        "type": "Polygon",
        "coordinates": [
          [
            [
              77941,
              39921
            ],
            [
              79842,
              39921
            ],
            [
              79842,
              41822
            ],
            [
              77941,
              41822
            ],
            [
              77941,
              39921
            ]
          ]
        ]
      },
      "properties": {
        "objectType": "annotation",
        "classification": {
          "name": "background_e",
          "color": [
            255,
            182,
            193
          ]
        },
        "isLocked": false
      }
    },
    {
      "type": "Feature",
      "id": "patch_81743_39921",
      "geometry": {
        "type": "Polygon",
        "coordinates": [
          [
            [
              81743,
              39921
            ],
            [
              83644,
              39921
            ],
            [
              83644,
              41822
            ],
            [
              81743,
              41822
            ],
            [
              81743,
              39921
            ]
          ]
        ]
      },
      "properties": {
        "objectType": "annotation",
        "classification": {
          "name": "background_e",
          "color": [
            255,
            182,
            193
          ]
        },
        "isLocked": false
      }
    },
    {
      "type": "Feature",
      "id": "patch_83644_39921",
      "geometry": {
        "type": "Polygon",
        "coordinates": [
          [
            [
              83644,
              39921
            ],
            [
              85545,
              39921
            ],
            [
              85545,
              41822
            ],
            [
              83644,
              41822
            ],
            [
              83644,
              39921
            ]
          ]
        ]
      },
      "properties": {
        "objectType": "annotation",
        "classification": {
          "name": "background_e",
          "color": [
            255,
            182,
            193
          ]
        },
        "isLocked": false
      }
    },
    {
      "type": "Feature",
      "id": "patch_85545_39921",
      "geometry": {
        "type": "Polygon",
        "coordinates": [
          [
            [
              85545,
              39921
            ],
            [
              87446,
              39921
            ],
            [
              87446,
              41822
            ],
            [
              85545,
              41822
            ],
            [
              85545,
              39921
            ]
          ]
        ]
      },
      "properties": {
        "objectType": "annotation",
        "classification": {
          "name": "background_e",
          "color": [
            255,
            182,
            193
          ]
        },
        "isLocked": false
      }
    },
    {
      "type": "Feature",
      "id": "patch_87446_39921",
      "geometry": {
        "type": "Polygon",
        "coordinates": [
          [
            [
              87446,
              39921
            ],
            [
              89347,
              39921
            ],
            [
              89347,
              41822
            ],
            [
              87446,
              41822
            ],
            [
              87446,
              39921
            ]
          ]
        ]
      },
      "properties": {
        "objectType": "annotation",
        "classification": {
          "name": "background_e",
          "color": [
            255,
            182,
            193
          ]
        },
        "isLocked": false
      }
    },
    {
      "type": "Feature",
      "id": "patch_9505_41822",
      "geometry": {
        "type": "Polygon",
        "coordinates": [
          [
            [
              9505,
              41822
            ],
            [
              11406,
              41822
            ],
            [
              11406,
              43723
            ],
            [
              9505,
              43723
            ],
            [
              9505,
              41822
            ]
          ]
        ]
      },
      "properties": {
        "objectType": "annotation",
        "classification": {
          "name": "background_e",
          "color": [
            255,
            182,
            193
          ]
        },
        "isLocked": false
      }
    },
    {
      "type": "Feature",
      "id": "patch_11406_41822",
      "geometry": {
        "type": "Polygon",
        "coordinates": [
          [
            [
              11406,
              41822
            ],
            [
              13307,
              41822
            ],
            [
              13307,
              43723
            ],
            [
              11406,
              43723
            ],
            [
              11406,
              41822
            ]
          ]
        ]
      },
      "properties": {
        "objectType": "annotation",
        "classification": {
          "name": "background_e",
          "color": [
            255,
            182,
            193
          ]
        },
        "isLocked": false
      }
    },
    {
      "type": "Feature",
      "id": "patch_13307_41822",
      "geometry": {
        "type": "Polygon",
        "coordinates": [
          [
            [
              13307,
              41822
            ],
            [
              15208,
              41822
            ],
            [
              15208,
              43723
            ],
            [
              13307,
              43723
            ],
            [
              13307,
              41822
            ]
          ]
        ]
      },
      "properties": {
        "objectType": "annotation",
        "classification": {
          "name": "background_e",
          "color": [
            255,
            182,
            193
          ]
        },
        "isLocked": false
      }
    },
    {
      "type": "Feature",
      "id": "patch_15208_41822",
      "geometry": {
        "type": "Polygon",
        "coordinates": [
          [
            [
              15208,
              41822
            ],
            [
              17109,
              41822
            ],
            [
              17109,
              43723
            ],
            [
              15208,
              43723
            ],
            [
              15208,
              41822
            ]
          ]
        ]
      },
      "properties": {
        "objectType": "annotation",
        "classification": {
          "name": "background_e",
          "color": [
            255,
            182,
            193
          ]
        },
        "isLocked": false
      }
    },
    {
      "type": "Feature",
      "id": "patch_17109_41822",
      "geometry": {
        "type": "Polygon",
        "coordinates": [
          [
            [
              17109,
              41822
            ],
            [
              19010,
              41822
            ],
            [
              19010,
              43723
            ],
            [
              17109,
              43723
            ],
            [
              17109,
              41822
            ]
          ]
        ]
      },
      "properties": {
        "objectType": "annotation",
        "classification": {
          "name": "background_e",
          "color": [
            255,
            182,
            193
          ]
        },
        "isLocked": false
      }
    },
    {
      "type": "Feature",
      "id": "patch_19010_41822",
      "geometry": {
        "type": "Polygon",
        "coordinates": [
          [
            [
              19010,
              41822
            ],
            [
              20911,
              41822
            ],
            [
              20911,
              43723
            ],
            [
              19010,
              43723
            ],
            [
              19010,
              41822
            ]
          ]
        ]
      },
      "properties": {
        "objectType": "annotation",
        "classification": {
          "name": "vessel_e",
          "color": [
            255,
            0,
            0
          ]
        },
        "isLocked": false
      }
    },
    {
      "type": "Feature",
      "id": "patch_20911_41822",
      "geometry": {
        "type": "Polygon",
        "coordinates": [
          [
            [
              20911,
              41822
            ],
            [
              22812,
              41822
            ],
            [
              22812,
              43723
            ],
            [
              20911,
              43723
            ],
            [
              20911,
              41822
            ]
          ]
        ]
      },
      "properties": {
        "objectType": "annotation",
        "classification": {
          "name": "background_h",
          "color": [
            0,
            0,
            255
          ]
        },
        "isLocked": false
      }
    },
    {
      "type": "Feature",
      "id": "patch_22812_41822",
      "geometry": {
        "type": "Polygon",
        "coordinates": [
          [
            [
              22812,
              41822
            ],
            [
              24713,
              41822
            ],
            [
              24713,
              43723
            ],
            [
              22812,
              43723
            ],
            [
              22812,
              41822
            ]
          ]
        ]
      },
      "properties": {
        "objectType": "annotation",
        "classification": {
          "name": "vessel_h",
          "color": [
            128,
            0,
            128
          ]
        },
        "isLocked": false
      }
    },
    {
      "type": "Feature",
      "id": "patch_24713_41822",
      "geometry": {
        "type": "Polygon",
        "coordinates": [
          [
            [
              24713,
              41822
            ],
            [
              26614,
              41822
            ],
            [
              26614,
              43723
            ],
            [
              24713,
              43723
            ],
            [
              24713,
              41822
            ]
          ]
        ]
      },
      "properties": {
        "objectType": "annotation",
        "classification": {
          "name": "vessel_h",
          "color": [
            128,
            0,
            128
          ]
        },
        "isLocked": false
      }
    },
    {
      "type": "Feature",
      "id": "patch_26614_41822",
      "geometry": {
        "type": "Polygon",
        "coordinates": [
          [
            [
              26614,
              41822
            ],
            [
              28515,
              41822
            ],
            [
              28515,
              43723
            ],
            [
              26614,
              43723
            ],
            [
              26614,
              41822
            ]
          ]
        ]
      },
      "properties": {
        "objectType": "annotation",
        "classification": {
          "name": "background_h",
          "color": [
            0,
            0,
            255
          ]
        },
        "isLocked": false
      }
    },
    {
      "type": "Feature",
      "id": "patch_28515_41822",
      "geometry": {
        "type": "Polygon",
        "coordinates": [
          [
            [
              28515,
              41822
            ],
            [
              30416,
              41822
            ],
            [
              30416,
              43723
            ],
            [
              28515,
              43723
            ],
            [
              28515,
              41822
            ]
          ]
        ]
      },
      "properties": {
        "objectType": "annotation",
        "classification": {
          "name": "vessel_h",
          "color": [
            128,
            0,
            128
          ]
        },
        "isLocked": false
      }
    },
    {
      "type": "Feature",
      "id": "patch_30416_41822",
      "geometry": {
        "type": "Polygon",
        "coordinates": [
          [
            [
              30416,
              41822
            ],
            [
              32317,
              41822
            ],
            [
              32317,
              43723
            ],
            [
              30416,
              43723
            ],
            [
              30416,
              41822
            ]
          ]
        ]
      },
      "properties": {
        "objectType": "annotation",
        "classification": {
          "name": "background_h",
          "color": [
            0,
            0,
            255
          ]
        },
        "isLocked": false
      }
    },
    {
      "type": "Feature",
      "id": "patch_32317_41822",
      "geometry": {
        "type": "Polygon",
        "coordinates": [
          [
            [
              32317,
              41822
            ],
            [
              34218,
              41822
            ],
            [
              34218,
              43723
            ],
            [
              32317,
              43723
            ],
            [
              32317,
              41822
            ]
          ]
        ]
      },
      "properties": {
        "objectType": "annotation",
        "classification": {
          "name": "vessel_h",
          "color": [
            128,
            0,
            128
          ]
        },
        "isLocked": false
      }
    },
    {
      "type": "Feature",
      "id": "patch_34218_41822",
      "geometry": {
        "type": "Polygon",
        "coordinates": [
          [
            [
              34218,
              41822
            ],
            [
              36119,
              41822
            ],
            [
              36119,
              43723
            ],
            [
              34218,
              43723
            ],
            [
              34218,
              41822
            ]
          ]
        ]
      },
      "properties": {
        "objectType": "annotation",
        "classification": {
          "name": "background_e",
          "color": [
            255,
            182,
            193
          ]
        },
        "isLocked": false
      }
    },
    {
      "type": "Feature",
      "id": "patch_36119_41822",
      "geometry": {
        "type": "Polygon",
        "coordinates": [
          [
            [
              36119,
              41822
            ],
            [
              38020,
              41822
            ],
            [
              38020,
              43723
            ],
            [
              36119,
              43723
            ],
            [
              36119,
              41822
            ]
          ]
        ]
      },
      "properties": {
        "objectType": "annotation",
        "classification": {
          "name": "background_e",
          "color": [
            255,
            182,
            193
          ]
        },
        "isLocked": false
      }
    },
    {
      "type": "Feature",
      "id": "patch_38020_41822",
      "geometry": {
        "type": "Polygon",
        "coordinates": [
          [
            [
              38020,
              41822
            ],
            [
              39921,
              41822
            ],
            [
              39921,
              43723
            ],
            [
              38020,
              43723
            ],
            [
              38020,
              41822
            ]
          ]
        ]
      },
      "properties": {
        "objectType": "annotation",
        "classification": {
          "name": "background_e",
          "color": [
            255,
            182,
            193
          ]
        },
        "isLocked": false
      }
    },
    {
      "type": "Feature",
      "id": "patch_39921_41822",
      "geometry": {
        "type": "Polygon",
        "coordinates": [
          [
            [
              39921,
              41822
            ],
            [
              41822,
              41822
            ],
            [
              41822,
              43723
            ],
            [
              39921,
              43723
            ],
            [
              39921,
              41822
            ]
          ]
        ]
      },
      "properties": {
        "objectType": "annotation",
        "classification": {
          "name": "background_e",
          "color": [
            255,
            182,
            193
          ]
        },
        "isLocked": false
      }
    },
    {
      "type": "Feature",
      "id": "patch_41822_41822",
      "geometry": {
        "type": "Polygon",
        "coordinates": [
          [
            [
              41822,
              41822
            ],
            [
              43723,
              41822
            ],
            [
              43723,
              43723
            ],
            [
              41822,
              43723
            ],
            [
              41822,
              41822
            ]
          ]
        ]
      },
      "properties": {
        "objectType": "annotation",
        "classification": {
          "name": "background_e",
          "color": [
            255,
            182,
            193
          ]
        },
        "isLocked": false
      }
    },
    {
      "type": "Feature",
      "id": "patch_43723_41822",
      "geometry": {
        "type": "Polygon",
        "coordinates": [
          [
            [
              43723,
              41822
            ],
            [
              45624,
              41822
            ],
            [
              45624,
              43723
            ],
            [
              43723,
              43723
            ],
            [
              43723,
              41822
            ]
          ]
        ]
      },
      "properties": {
        "objectType": "annotation",
        "classification": {
          "name": "background_e",
          "color": [
            255,
            182,
            193
          ]
        },
        "isLocked": false
      }
    },
    {
      "type": "Feature",
      "id": "patch_45624_41822",
      "geometry": {
        "type": "Polygon",
        "coordinates": [
          [
            [
              45624,
              41822
            ],
            [
              47525,
              41822
            ],
            [
              47525,
              43723
            ],
            [
              45624,
              43723
            ],
            [
              45624,
              41822
            ]
          ]
        ]
      },
      "properties": {
        "objectType": "annotation",
        "classification": {
          "name": "background_e",
          "color": [
            255,
            182,
            193
          ]
        },
        "isLocked": false
      }
    },
    {
      "type": "Feature",
      "id": "patch_47525_41822",
      "geometry": {
        "type": "Polygon",
        "coordinates": [
          [
            [
              47525,
              41822
            ],
            [
              49426,
              41822
            ],
            [
              49426,
              43723
            ],
            [
              47525,
              43723
            ],
            [
              47525,
              41822
            ]
          ]
        ]
      },
      "properties": {
        "objectType": "annotation",
        "classification": {
          "name": "vessel_h",
          "color": [
            128,
            0,
            128
          ]
        },
        "isLocked": false
      }
    },
    {
      "type": "Feature",
      "id": "patch_49426_41822",
      "geometry": {
        "type": "Polygon",
        "coordinates": [
          [
            [
              49426,
              41822
            ],
            [
              51327,
              41822
            ],
            [
              51327,
              43723
            ],
            [
              49426,
              43723
            ],
            [
              49426,
              41822
            ]
          ]
        ]
      },
      "properties": {
        "objectType": "annotation",
        "classification": {
          "name": "background_e",
          "color": [
            255,
            182,
            193
          ]
        },
        "isLocked": false
      }
    },
    {
      "type": "Feature",
      "id": "patch_51327_41822",
      "geometry": {
        "type": "Polygon",
        "coordinates": [
          [
            [
              51327,
              41822
            ],
            [
              53228,
              41822
            ],
            [
              53228,
              43723
            ],
            [
              51327,
              43723
            ],
            [
              51327,
              41822
            ]
          ]
        ]
      },
      "properties": {
        "objectType": "annotation",
        "classification": {
          "name": "background_e",
          "color": [
            255,
            182,
            193
          ]
        },
        "isLocked": false
      }
    },
    {
      "type": "Feature",
      "id": "patch_58931_41822",
      "geometry": {
        "type": "Polygon",
        "coordinates": [
          [
            [
              58931,
              41822
            ],
            [
              60832,
              41822
            ],
            [
              60832,
              43723
            ],
            [
              58931,
              43723
            ],
            [
              58931,
              41822
            ]
          ]
        ]
      },
      "properties": {
        "objectType": "annotation",
        "classification": {
          "name": "background_e",
          "color": [
            255,
            182,
            193
          ]
        },
        "isLocked": false
      }
    },
    {
      "type": "Feature",
      "id": "patch_60832_41822",
      "geometry": {
        "type": "Polygon",
        "coordinates": [
          [
            [
              60832,
              41822
            ],
            [
              62733,
              41822
            ],
            [
              62733,
              43723
            ],
            [
              60832,
              43723
            ],
            [
              60832,
              41822
            ]
          ]
        ]
      },
      "properties": {
        "objectType": "annotation",
        "classification": {
          "name": "background_e",
          "color": [
            255,
            182,
            193
          ]
        },
        "isLocked": false
      }
    },
    {
      "type": "Feature",
      "id": "patch_62733_41822",
      "geometry": {
        "type": "Polygon",
        "coordinates": [
          [
            [
              62733,
              41822
            ],
            [
              64634,
              41822
            ],
            [
              64634,
              43723
            ],
            [
              62733,
              43723
            ],
            [
              62733,
              41822
            ]
          ]
        ]
      },
      "properties": {
        "objectType": "annotation",
        "classification": {
          "name": "vessel_e",
          "color": [
            255,
            0,
            0
          ]
        },
        "isLocked": false
      }
    },
    {
      "type": "Feature",
      "id": "patch_64634_41822",
      "geometry": {
        "type": "Polygon",
        "coordinates": [
          [
            [
              64634,
              41822
            ],
            [
              66535,
              41822
            ],
            [
              66535,
              43723
            ],
            [
              64634,
              43723
            ],
            [
              64634,
              41822
            ]
          ]
        ]
      },
      "properties": {
        "objectType": "annotation",
        "classification": {
          "name": "background_e",
          "color": [
            255,
            182,
            193
          ]
        },
        "isLocked": false
      }
    },
    {
      "type": "Feature",
      "id": "patch_66535_41822",
      "geometry": {
        "type": "Polygon",
        "coordinates": [
          [
            [
              66535,
              41822
            ],
            [
              68436,
              41822
            ],
            [
              68436,
              43723
            ],
            [
              66535,
              43723
            ],
            [
              66535,
              41822
            ]
          ]
        ]
      },
      "properties": {
        "objectType": "annotation",
        "classification": {
          "name": "background_h",
          "color": [
            0,
            0,
            255
          ]
        },
        "isLocked": false
      }
    },
    {
      "type": "Feature",
      "id": "patch_68436_41822",
      "geometry": {
        "type": "Polygon",
        "coordinates": [
          [
            [
              68436,
              41822
            ],
            [
              70337,
              41822
            ],
            [
              70337,
              43723
            ],
            [
              68436,
              43723
            ],
            [
              68436,
              41822
            ]
          ]
        ]
      },
      "properties": {
        "objectType": "annotation",
        "classification": {
          "name": "background_h",
          "color": [
            0,
            0,
            255
          ]
        },
        "isLocked": false
      }
    },
    {
      "type": "Feature",
      "id": "patch_70337_41822",
      "geometry": {
        "type": "Polygon",
        "coordinates": [
          [
            [
              70337,
              41822
            ],
            [
              72238,
              41822
            ],
            [
              72238,
              43723
            ],
            [
              70337,
              43723
            ],
            [
              70337,
              41822
            ]
          ]
        ]
      },
      "properties": {
        "objectType": "annotation",
        "classification": {
          "name": "background_h",
          "color": [
            0,
            0,
            255
          ]
        },
        "isLocked": false
      }
    },
    {
      "type": "Feature",
      "id": "patch_72238_41822",
      "geometry": {
        "type": "Polygon",
        "coordinates": [
          [
            [
              72238,
              41822
            ],
            [
              74139,
              41822
            ],
            [
              74139,
              43723
            ],
            [
              72238,
              43723
            ],
            [
              72238,
              41822
            ]
          ]
        ]
      },
      "properties": {
        "objectType": "annotation",
        "classification": {
          "name": "background_e",
          "color": [
            255,
            182,
            193
          ]
        },
        "isLocked": false
      }
    },
    {
      "type": "Feature",
      "id": "patch_74139_41822",
      "geometry": {
        "type": "Polygon",
        "coordinates": [
          [
            [
              74139,
              41822
            ],
            [
              76040,
              41822
            ],
            [
              76040,
              43723
            ],
            [
              74139,
              43723
            ],
            [
              74139,
              41822
            ]
          ]
        ]
      },
      "properties": {
        "objectType": "annotation",
        "classification": {
          "name": "background_e",
          "color": [
            255,
            182,
            193
          ]
        },
        "isLocked": false
      }
    },
    {
      "type": "Feature",
      "id": "patch_76040_41822",
      "geometry": {
        "type": "Polygon",
        "coordinates": [
          [
            [
              76040,
              41822
            ],
            [
              77941,
              41822
            ],
            [
              77941,
              43723
            ],
            [
              76040,
              43723
            ],
            [
              76040,
              41822
            ]
          ]
        ]
      },
      "properties": {
        "objectType": "annotation",
        "classification": {
          "name": "background_e",
          "color": [
            255,
            182,
            193
          ]
        },
        "isLocked": false
      }
    },
    {
      "type": "Feature",
      "id": "patch_77941_41822",
      "geometry": {
        "type": "Polygon",
        "coordinates": [
          [
            [
              77941,
              41822
            ],
            [
              79842,
              41822
            ],
            [
              79842,
              43723
            ],
            [
              77941,
              43723
            ],
            [
              77941,
              41822
            ]
          ]
        ]
      },
      "properties": {
        "objectType": "annotation",
        "classification": {
          "name": "background_e",
          "color": [
            255,
            182,
            193
          ]
        },
        "isLocked": false
      }
    },
    {
      "type": "Feature",
      "id": "patch_81743_41822",
      "geometry": {
        "type": "Polygon",
        "coordinates": [
          [
            [
              81743,
              41822
            ],
            [
              83644,
              41822
            ],
            [
              83644,
              43723
            ],
            [
              81743,
              43723
            ],
            [
              81743,
              41822
            ]
          ]
        ]
      },
      "properties": {
        "objectType": "annotation",
        "classification": {
          "name": "background_e",
          "color": [
            255,
            182,
            193
          ]
        },
        "isLocked": false
      }
    },
    {
      "type": "Feature",
      "id": "patch_83644_41822",
      "geometry": {
        "type": "Polygon",
        "coordinates": [
          [
            [
              83644,
              41822
            ],
            [
              85545,
              41822
            ],
            [
              85545,
              43723
            ],
            [
              83644,
              43723
            ],
            [
              83644,
              41822
            ]
          ]
        ]
      },
      "properties": {
        "objectType": "annotation",
        "classification": {
          "name": "background_e",
          "color": [
            255,
            182,
            193
          ]
        },
        "isLocked": false
      }
    },
    {
      "type": "Feature",
      "id": "patch_85545_41822",
      "geometry": {
        "type": "Polygon",
        "coordinates": [
          [
            [
              85545,
              41822
            ],
            [
              87446,
              41822
            ],
            [
              87446,
              43723
            ],
            [
              85545,
              43723
            ],
            [
              85545,
              41822
            ]
          ]
        ]
      },
      "properties": {
        "objectType": "annotation",
        "classification": {
          "name": "background_e",
          "color": [
            255,
            182,
            193
          ]
        },
        "isLocked": false
      }
    },
    {
      "type": "Feature",
      "id": "patch_87446_41822",
      "geometry": {
        "type": "Polygon",
        "coordinates": [
          [
            [
              87446,
              41822
            ],
            [
              89347,
              41822
            ],
            [
              89347,
              43723
            ],
            [
              87446,
              43723
            ],
            [
              87446,
              41822
            ]
          ]
        ]
      },
      "properties": {
        "objectType": "annotation",
        "classification": {
          "name": "background_e",
          "color": [
            255,
            182,
            193
          ]
        },
        "isLocked": false
      }
    },
    {
      "type": "Feature",
      "id": "patch_89347_41822",
      "geometry": {
        "type": "Polygon",
        "coordinates": [
          [
            [
              89347,
              41822
            ],
            [
              91248,
              41822
            ],
            [
              91248,
              43723
            ],
            [
              89347,
              43723
            ],
            [
              89347,
              41822
            ]
          ]
        ]
      },
      "properties": {
        "objectType": "annotation",
        "classification": {
          "name": "vessel_h",
          "color": [
            128,
            0,
            128
          ]
        },
        "isLocked": false
      }
    },
    {
      "type": "Feature",
      "id": "patch_11406_43723",
      "geometry": {
        "type": "Polygon",
        "coordinates": [
          [
            [
              11406,
              43723
            ],
            [
              13307,
              43723
            ],
            [
              13307,
              45624
            ],
            [
              11406,
              45624
            ],
            [
              11406,
              43723
            ]
          ]
        ]
      },
      "properties": {
        "objectType": "annotation",
        "classification": {
          "name": "background_e",
          "color": [
            255,
            182,
            193
          ]
        },
        "isLocked": false
      }
    },
    {
      "type": "Feature",
      "id": "patch_13307_43723",
      "geometry": {
        "type": "Polygon",
        "coordinates": [
          [
            [
              13307,
              43723
            ],
            [
              15208,
              43723
            ],
            [
              15208,
              45624
            ],
            [
              13307,
              45624
            ],
            [
              13307,
              43723
            ]
          ]
        ]
      },
      "properties": {
        "objectType": "annotation",
        "classification": {
          "name": "background_e",
          "color": [
            255,
            182,
            193
          ]
        },
        "isLocked": false
      }
    },
    {
      "type": "Feature",
      "id": "patch_15208_43723",
      "geometry": {
        "type": "Polygon",
        "coordinates": [
          [
            [
              15208,
              43723
            ],
            [
              17109,
              43723
            ],
            [
              17109,
              45624
            ],
            [
              15208,
              45624
            ],
            [
              15208,
              43723
            ]
          ]
        ]
      },
      "properties": {
        "objectType": "annotation",
        "classification": {
          "name": "background_e",
          "color": [
            255,
            182,
            193
          ]
        },
        "isLocked": false
      }
    },
    {
      "type": "Feature",
      "id": "patch_17109_43723",
      "geometry": {
        "type": "Polygon",
        "coordinates": [
          [
            [
              17109,
              43723
            ],
            [
              19010,
              43723
            ],
            [
              19010,
              45624
            ],
            [
              17109,
              45624
            ],
            [
              17109,
              43723
            ]
          ]
        ]
      },
      "properties": {
        "objectType": "annotation",
        "classification": {
          "name": "background_e",
          "color": [
            255,
            182,
            193
          ]
        },
        "isLocked": false
      }
    },
    {
      "type": "Feature",
      "id": "patch_19010_43723",
      "geometry": {
        "type": "Polygon",
        "coordinates": [
          [
            [
              19010,
              43723
            ],
            [
              20911,
              43723
            ],
            [
              20911,
              45624
            ],
            [
              19010,
              45624
            ],
            [
              19010,
              43723
            ]
          ]
        ]
      },
      "properties": {
        "objectType": "annotation",
        "classification": {
          "name": "background_e",
          "color": [
            255,
            182,
            193
          ]
        },
        "isLocked": false
      }
    },
    {
      "type": "Feature",
      "id": "patch_20911_43723",
      "geometry": {
        "type": "Polygon",
        "coordinates": [
          [
            [
              20911,
              43723
            ],
            [
              22812,
              43723
            ],
            [
              22812,
              45624
            ],
            [
              20911,
              45624
            ],
            [
              20911,
              43723
            ]
          ]
        ]
      },
      "properties": {
        "objectType": "annotation",
        "classification": {
          "name": "background_e",
          "color": [
            255,
            182,
            193
          ]
        },
        "isLocked": false
      }
    },
    {
      "type": "Feature",
      "id": "patch_22812_43723",
      "geometry": {
        "type": "Polygon",
        "coordinates": [
          [
            [
              22812,
              43723
            ],
            [
              24713,
              43723
            ],
            [
              24713,
              45624
            ],
            [
              22812,
              45624
            ],
            [
              22812,
              43723
            ]
          ]
        ]
      },
      "properties": {
        "objectType": "annotation",
        "classification": {
          "name": "vessel_h",
          "color": [
            128,
            0,
            128
          ]
        },
        "isLocked": false
      }
    },
    {
      "type": "Feature",
      "id": "patch_24713_43723",
      "geometry": {
        "type": "Polygon",
        "coordinates": [
          [
            [
              24713,
              43723
            ],
            [
              26614,
              43723
            ],
            [
              26614,
              45624
            ],
            [
              24713,
              45624
            ],
            [
              24713,
              43723
            ]
          ]
        ]
      },
      "properties": {
        "objectType": "annotation",
        "classification": {
          "name": "background_h",
          "color": [
            0,
            0,
            255
          ]
        },
        "isLocked": false
      }
    },
    {
      "type": "Feature",
      "id": "patch_26614_43723",
      "geometry": {
        "type": "Polygon",
        "coordinates": [
          [
            [
              26614,
              43723
            ],
            [
              28515,
              43723
            ],
            [
              28515,
              45624
            ],
            [
              26614,
              45624
            ],
            [
              26614,
              43723
            ]
          ]
        ]
      },
      "properties": {
        "objectType": "annotation",
        "classification": {
          "name": "background_h",
          "color": [
            0,
            0,
            255
          ]
        },
        "isLocked": false
      }
    },
    {
      "type": "Feature",
      "id": "patch_28515_43723",
      "geometry": {
        "type": "Polygon",
        "coordinates": [
          [
            [
              28515,
              43723
            ],
            [
              30416,
              43723
            ],
            [
              30416,
              45624
            ],
            [
              28515,
              45624
            ],
            [
              28515,
              43723
            ]
          ]
        ]
      },
      "properties": {
        "objectType": "annotation",
        "classification": {
          "name": "background_h",
          "color": [
            0,
            0,
            255
          ]
        },
        "isLocked": false
      }
    },
    {
      "type": "Feature",
      "id": "patch_30416_43723",
      "geometry": {
        "type": "Polygon",
        "coordinates": [
          [
            [
              30416,
              43723
            ],
            [
              32317,
              43723
            ],
            [
              32317,
              45624
            ],
            [
              30416,
              45624
            ],
            [
              30416,
              43723
            ]
          ]
        ]
      },
      "properties": {
        "objectType": "annotation",
        "classification": {
          "name": "background_h",
          "color": [
            0,
            0,
            255
          ]
        },
        "isLocked": false
      }
    },
    {
      "type": "Feature",
      "id": "patch_32317_43723",
      "geometry": {
        "type": "Polygon",
        "coordinates": [
          [
            [
              32317,
              43723
            ],
            [
              34218,
              43723
            ],
            [
              34218,
              45624
            ],
            [
              32317,
              45624
            ],
            [
              32317,
              43723
            ]
          ]
        ]
      },
      "properties": {
        "objectType": "annotation",
        "classification": {
          "name": "vessel_h",
          "color": [
            128,
            0,
            128
          ]
        },
        "isLocked": false
      }
    },
    {
      "type": "Feature",
      "id": "patch_34218_43723",
      "geometry": {
        "type": "Polygon",
        "coordinates": [
          [
            [
              34218,
              43723
            ],
            [
              36119,
              43723
            ],
            [
              36119,
              45624
            ],
            [
              34218,
              45624
            ],
            [
              34218,
              43723
            ]
          ]
        ]
      },
      "properties": {
        "objectType": "annotation",
        "classification": {
          "name": "background_e",
          "color": [
            255,
            182,
            193
          ]
        },
        "isLocked": false
      }
    },
    {
      "type": "Feature",
      "id": "patch_36119_43723",
      "geometry": {
        "type": "Polygon",
        "coordinates": [
          [
            [
              36119,
              43723
            ],
            [
              38020,
              43723
            ],
            [
              38020,
              45624
            ],
            [
              36119,
              45624
            ],
            [
              36119,
              43723
            ]
          ]
        ]
      },
      "properties": {
        "objectType": "annotation",
        "classification": {
          "name": "background_e",
          "color": [
            255,
            182,
            193
          ]
        },
        "isLocked": false
      }
    },
    {
      "type": "Feature",
      "id": "patch_38020_43723",
      "geometry": {
        "type": "Polygon",
        "coordinates": [
          [
            [
              38020,
              43723
            ],
            [
              39921,
              43723
            ],
            [
              39921,
              45624
            ],
            [
              38020,
              45624
            ],
            [
              38020,
              43723
            ]
          ]
        ]
      },
      "properties": {
        "objectType": "annotation",
        "classification": {
          "name": "background_e",
          "color": [
            255,
            182,
            193
          ]
        },
        "isLocked": false
      }
    },
    {
      "type": "Feature",
      "id": "patch_39921_43723",
      "geometry": {
        "type": "Polygon",
        "coordinates": [
          [
            [
              39921,
              43723
            ],
            [
              41822,
              43723
            ],
            [
              41822,
              45624
            ],
            [
              39921,
              45624
            ],
            [
              39921,
              43723
            ]
          ]
        ]
      },
      "properties": {
        "objectType": "annotation",
        "classification": {
          "name": "background_e",
          "color": [
            255,
            182,
            193
          ]
        },
        "isLocked": false
      }
    },
    {
      "type": "Feature",
      "id": "patch_41822_43723",
      "geometry": {
        "type": "Polygon",
        "coordinates": [
          [
            [
              41822,
              43723
            ],
            [
              43723,
              43723
            ],
            [
              43723,
              45624
            ],
            [
              41822,
              45624
            ],
            [
              41822,
              43723
            ]
          ]
        ]
      },
      "properties": {
        "objectType": "annotation",
        "classification": {
          "name": "background_e",
          "color": [
            255,
            182,
            193
          ]
        },
        "isLocked": false
      }
    },
    {
      "type": "Feature",
      "id": "patch_43723_43723",
      "geometry": {
        "type": "Polygon",
        "coordinates": [
          [
            [
              43723,
              43723
            ],
            [
              45624,
              43723
            ],
            [
              45624,
              45624
            ],
            [
              43723,
              45624
            ],
            [
              43723,
              43723
            ]
          ]
        ]
      },
      "properties": {
        "objectType": "annotation",
        "classification": {
          "name": "background_e",
          "color": [
            255,
            182,
            193
          ]
        },
        "isLocked": false
      }
    },
    {
      "type": "Feature",
      "id": "patch_45624_43723",
      "geometry": {
        "type": "Polygon",
        "coordinates": [
          [
            [
              45624,
              43723
            ],
            [
              47525,
              43723
            ],
            [
              47525,
              45624
            ],
            [
              45624,
              45624
            ],
            [
              45624,
              43723
            ]
          ]
        ]
      },
      "properties": {
        "objectType": "annotation",
        "classification": {
          "name": "background_e",
          "color": [
            255,
            182,
            193
          ]
        },
        "isLocked": false
      }
    },
    {
      "type": "Feature",
      "id": "patch_47525_43723",
      "geometry": {
        "type": "Polygon",
        "coordinates": [
          [
            [
              47525,
              43723
            ],
            [
              49426,
              43723
            ],
            [
              49426,
              45624
            ],
            [
              47525,
              45624
            ],
            [
              47525,
              43723
            ]
          ]
        ]
      },
      "properties": {
        "objectType": "annotation",
        "classification": {
          "name": "vessel_h",
          "color": [
            128,
            0,
            128
          ]
        },
        "isLocked": false
      }
    },
    {
      "type": "Feature",
      "id": "patch_49426_43723",
      "geometry": {
        "type": "Polygon",
        "coordinates": [
          [
            [
              49426,
              43723
            ],
            [
              51327,
              43723
            ],
            [
              51327,
              45624
            ],
            [
              49426,
              45624
            ],
            [
              49426,
              43723
            ]
          ]
        ]
      },
      "properties": {
        "objectType": "annotation",
        "classification": {
          "name": "background_e",
          "color": [
            255,
            182,
            193
          ]
        },
        "isLocked": false
      }
    },
    {
      "type": "Feature",
      "id": "patch_51327_43723",
      "geometry": {
        "type": "Polygon",
        "coordinates": [
          [
            [
              51327,
              43723
            ],
            [
              53228,
              43723
            ],
            [
              53228,
              45624
            ],
            [
              51327,
              45624
            ],
            [
              51327,
              43723
            ]
          ]
        ]
      },
      "properties": {
        "objectType": "annotation",
        "classification": {
          "name": "background_e",
          "color": [
            255,
            182,
            193
          ]
        },
        "isLocked": false
      }
    },
    {
      "type": "Feature",
      "id": "patch_55129_43723",
      "geometry": {
        "type": "Polygon",
        "coordinates": [
          [
            [
              55129,
              43723
            ],
            [
              57030,
              43723
            ],
            [
              57030,
              45624
            ],
            [
              55129,
              45624
            ],
            [
              55129,
              43723
            ]
          ]
        ]
      },
      "properties": {
        "objectType": "annotation",
        "classification": {
          "name": "background_e",
          "color": [
            255,
            182,
            193
          ]
        },
        "isLocked": false
      }
    },
    {
      "type": "Feature",
      "id": "patch_58931_43723",
      "geometry": {
        "type": "Polygon",
        "coordinates": [
          [
            [
              58931,
              43723
            ],
            [
              60832,
              43723
            ],
            [
              60832,
              45624
            ],
            [
              58931,
              45624
            ],
            [
              58931,
              43723
            ]
          ]
        ]
      },
      "properties": {
        "objectType": "annotation",
        "classification": {
          "name": "background_e",
          "color": [
            255,
            182,
            193
          ]
        },
        "isLocked": false
      }
    },
    {
      "type": "Feature",
      "id": "patch_60832_43723",
      "geometry": {
        "type": "Polygon",
        "coordinates": [
          [
            [
              60832,
              43723
            ],
            [
              62733,
              43723
            ],
            [
              62733,
              45624
            ],
            [
              60832,
              45624
            ],
            [
              60832,
              43723
            ]
          ]
        ]
      },
      "properties": {
        "objectType": "annotation",
        "classification": {
          "name": "background_e",
          "color": [
            255,
            182,
            193
          ]
        },
        "isLocked": false
      }
    },
    {
      "type": "Feature",
      "id": "patch_62733_43723",
      "geometry": {
        "type": "Polygon",
        "coordinates": [
          [
            [
              62733,
              43723
            ],
            [
              64634,
              43723
            ],
            [
              64634,
              45624
            ],
            [
              62733,
              45624
            ],
            [
              62733,
              43723
            ]
          ]
        ]
      },
      "properties": {
        "objectType": "annotation",
        "classification": {
          "name": "background_e",
          "color": [
            255,
            182,
            193
          ]
        },
        "isLocked": false
      }
    },
    {
      "type": "Feature",
      "id": "patch_64634_43723",
      "geometry": {
        "type": "Polygon",
        "coordinates": [
          [
            [
              64634,
              43723
            ],
            [
              66535,
              43723
            ],
            [
              66535,
              45624
            ],
            [
              64634,
              45624
            ],
            [
              64634,
              43723
            ]
          ]
        ]
      },
      "properties": {
        "objectType": "annotation",
        "classification": {
          "name": "background_e",
          "color": [
            255,
            182,
            193
          ]
        },
        "isLocked": false
      }
    },
    {
      "type": "Feature",
      "id": "patch_66535_43723",
      "geometry": {
        "type": "Polygon",
        "coordinates": [
          [
            [
              66535,
              43723
            ],
            [
              68436,
              43723
            ],
            [
              68436,
              45624
            ],
            [
              66535,
              45624
            ],
            [
              66535,
              43723
            ]
          ]
        ]
      },
      "properties": {
        "objectType": "annotation",
        "classification": {
          "name": "vessel_h",
          "color": [
            128,
            0,
            128
          ]
        },
        "isLocked": false
      }
    },
    {
      "type": "Feature",
      "id": "patch_68436_43723",
      "geometry": {
        "type": "Polygon",
        "coordinates": [
          [
            [
              68436,
              43723
            ],
            [
              70337,
              43723
            ],
            [
              70337,
              45624
            ],
            [
              68436,
              45624
            ],
            [
              68436,
              43723
            ]
          ]
        ]
      },
      "properties": {
        "objectType": "annotation",
        "classification": {
          "name": "vessel_h",
          "color": [
            128,
            0,
            128
          ]
        },
        "isLocked": false
      }
    },
    {
      "type": "Feature",
      "id": "patch_70337_43723",
      "geometry": {
        "type": "Polygon",
        "coordinates": [
          [
            [
              70337,
              43723
            ],
            [
              72238,
              43723
            ],
            [
              72238,
              45624
            ],
            [
              70337,
              45624
            ],
            [
              70337,
              43723
            ]
          ]
        ]
      },
      "properties": {
        "objectType": "annotation",
        "classification": {
          "name": "background_e",
          "color": [
            255,
            182,
            193
          ]
        },
        "isLocked": false
      }
    },
    {
      "type": "Feature",
      "id": "patch_72238_43723",
      "geometry": {
        "type": "Polygon",
        "coordinates": [
          [
            [
              72238,
              43723
            ],
            [
              74139,
              43723
            ],
            [
              74139,
              45624
            ],
            [
              72238,
              45624
            ],
            [
              72238,
              43723
            ]
          ]
        ]
      },
      "properties": {
        "objectType": "annotation",
        "classification": {
          "name": "background_e",
          "color": [
            255,
            182,
            193
          ]
        },
        "isLocked": false
      }
    },
    {
      "type": "Feature",
      "id": "patch_74139_43723",
      "geometry": {
        "type": "Polygon",
        "coordinates": [
          [
            [
              74139,
              43723
            ],
            [
              76040,
              43723
            ],
            [
              76040,
              45624
            ],
            [
              74139,
              45624
            ],
            [
              74139,
              43723
            ]
          ]
        ]
      },
      "properties": {
        "objectType": "annotation",
        "classification": {
          "name": "background_e",
          "color": [
            255,
            182,
            193
          ]
        },
        "isLocked": false
      }
    },
    {
      "type": "Feature",
      "id": "patch_76040_43723",
      "geometry": {
        "type": "Polygon",
        "coordinates": [
          [
            [
              76040,
              43723
            ],
            [
              77941,
              43723
            ],
            [
              77941,
              45624
            ],
            [
              76040,
              45624
            ],
            [
              76040,
              43723
            ]
          ]
        ]
      },
      "properties": {
        "objectType": "annotation",
        "classification": {
          "name": "background_e",
          "color": [
            255,
            182,
            193
          ]
        },
        "isLocked": false
      }
    },
    {
      "type": "Feature",
      "id": "patch_81743_43723",
      "geometry": {
        "type": "Polygon",
        "coordinates": [
          [
            [
              81743,
              43723
            ],
            [
              83644,
              43723
            ],
            [
              83644,
              45624
            ],
            [
              81743,
              45624
            ],
            [
              81743,
              43723
            ]
          ]
        ]
      },
      "properties": {
        "objectType": "annotation",
        "classification": {
          "name": "background_e",
          "color": [
            255,
            182,
            193
          ]
        },
        "isLocked": false
      }
    },
    {
      "type": "Feature",
      "id": "patch_83644_43723",
      "geometry": {
        "type": "Polygon",
        "coordinates": [
          [
            [
              83644,
              43723
            ],
            [
              85545,
              43723
            ],
            [
              85545,
              45624
            ],
            [
              83644,
              45624
            ],
            [
              83644,
              43723
            ]
          ]
        ]
      },
      "properties": {
        "objectType": "annotation",
        "classification": {
          "name": "background_e",
          "color": [
            255,
            182,
            193
          ]
        },
        "isLocked": false
      }
    },
    {
      "type": "Feature",
      "id": "patch_85545_43723",
      "geometry": {
        "type": "Polygon",
        "coordinates": [
          [
            [
              85545,
              43723
            ],
            [
              87446,
              43723
            ],
            [
              87446,
              45624
            ],
            [
              85545,
              45624
            ],
            [
              85545,
              43723
            ]
          ]
        ]
      },
      "properties": {
        "objectType": "annotation",
        "classification": {
          "name": "background_e",
          "color": [
            255,
            182,
            193
          ]
        },
        "isLocked": false
      }
    },
    {
      "type": "Feature",
      "id": "patch_87446_43723",
      "geometry": {
        "type": "Polygon",
        "coordinates": [
          [
            [
              87446,
              43723
            ],
            [
              89347,
              43723
            ],
            [
              89347,
              45624
            ],
            [
              87446,
              45624
            ],
            [
              87446,
              43723
            ]
          ]
        ]
      },
      "properties": {
        "objectType": "annotation",
        "classification": {
          "name": "background_e",
          "color": [
            255,
            182,
            193
          ]
        },
        "isLocked": false
      }
    },
    {
      "type": "Feature",
      "id": "patch_89347_43723",
      "geometry": {
        "type": "Polygon",
        "coordinates": [
          [
            [
              89347,
              43723
            ],
            [
              91248,
              43723
            ],
            [
              91248,
              45624
            ],
            [
              89347,
              45624
            ],
            [
              89347,
              43723
            ]
          ]
        ]
      },
      "properties": {
        "objectType": "annotation",
        "classification": {
          "name": "background_h",
          "color": [
            0,
            0,
            255
          ]
        },
        "isLocked": false
      }
    },
    {
      "type": "Feature",
      "id": "patch_11406_45624",
      "geometry": {
        "type": "Polygon",
        "coordinates": [
          [
            [
              11406,
              45624
            ],
            [
              13307,
              45624
            ],
            [
              13307,
              47525
            ],
            [
              11406,
              47525
            ],
            [
              11406,
              45624
            ]
          ]
        ]
      },
      "properties": {
        "objectType": "annotation",
        "classification": {
          "name": "background_e",
          "color": [
            255,
            182,
            193
          ]
        },
        "isLocked": false
      }
    },
    {
      "type": "Feature",
      "id": "patch_13307_45624",
      "geometry": {
        "type": "Polygon",
        "coordinates": [
          [
            [
              13307,
              45624
            ],
            [
              15208,
              45624
            ],
            [
              15208,
              47525
            ],
            [
              13307,
              47525
            ],
            [
              13307,
              45624
            ]
          ]
        ]
      },
      "properties": {
        "objectType": "annotation",
        "classification": {
          "name": "background_e",
          "color": [
            255,
            182,
            193
          ]
        },
        "isLocked": false
      }
    },
    {
      "type": "Feature",
      "id": "patch_15208_45624",
      "geometry": {
        "type": "Polygon",
        "coordinates": [
          [
            [
              15208,
              45624
            ],
            [
              17109,
              45624
            ],
            [
              17109,
              47525
            ],
            [
              15208,
              47525
            ],
            [
              15208,
              45624
            ]
          ]
        ]
      },
      "properties": {
        "objectType": "annotation",
        "classification": {
          "name": "background_e",
          "color": [
            255,
            182,
            193
          ]
        },
        "isLocked": false
      }
    },
    {
      "type": "Feature",
      "id": "patch_17109_45624",
      "geometry": {
        "type": "Polygon",
        "coordinates": [
          [
            [
              17109,
              45624
            ],
            [
              19010,
              45624
            ],
            [
              19010,
              47525
            ],
            [
              17109,
              47525
            ],
            [
              17109,
              45624
            ]
          ]
        ]
      },
      "properties": {
        "objectType": "annotation",
        "classification": {
          "name": "background_e",
          "color": [
            255,
            182,
            193
          ]
        },
        "isLocked": false
      }
    },
    {
      "type": "Feature",
      "id": "patch_19010_45624",
      "geometry": {
        "type": "Polygon",
        "coordinates": [
          [
            [
              19010,
              45624
            ],
            [
              20911,
              45624
            ],
            [
              20911,
              47525
            ],
            [
              19010,
              47525
            ],
            [
              19010,
              45624
            ]
          ]
        ]
      },
      "properties": {
        "objectType": "annotation",
        "classification": {
          "name": "background_e",
          "color": [
            255,
            182,
            193
          ]
        },
        "isLocked": false
      }
    },
    {
      "type": "Feature",
      "id": "patch_41822_45624",
      "geometry": {
        "type": "Polygon",
        "coordinates": [
          [
            [
              41822,
              45624
            ],
            [
              43723,
              45624
            ],
            [
              43723,
              47525
            ],
            [
              41822,
              47525
            ],
            [
              41822,
              45624
            ]
          ]
        ]
      },
      "properties": {
        "objectType": "annotation",
        "classification": {
          "name": "background_e",
          "color": [
            255,
            182,
            193
          ]
        },
        "isLocked": false
      }
    },
    {
      "type": "Feature",
      "id": "patch_43723_45624",
      "geometry": {
        "type": "Polygon",
        "coordinates": [
          [
            [
              43723,
              45624
            ],
            [
              45624,
              45624
            ],
            [
              45624,
              47525
            ],
            [
              43723,
              47525
            ],
            [
              43723,
              45624
            ]
          ]
        ]
      },
      "properties": {
        "objectType": "annotation",
        "classification": {
          "name": "background_e",
          "color": [
            255,
            182,
            193
          ]
        },
        "isLocked": false
      }
    },
    {
      "type": "Feature",
      "id": "patch_45624_45624",
      "geometry": {
        "type": "Polygon",
        "coordinates": [
          [
            [
              45624,
              45624
            ],
            [
              47525,
              45624
            ],
            [
              47525,
              47525
            ],
            [
              45624,
              47525
            ],
            [
              45624,
              45624
            ]
          ]
        ]
      },
      "properties": {
        "objectType": "annotation",
        "classification": {
          "name": "background_e",
          "color": [
            255,
            182,
            193
          ]
        },
        "isLocked": false
      }
    },
    {
      "type": "Feature",
      "id": "patch_47525_45624",
      "geometry": {
        "type": "Polygon",
        "coordinates": [
          [
            [
              47525,
              45624
            ],
            [
              49426,
              45624
            ],
            [
              49426,
              47525
            ],
            [
              47525,
              47525
            ],
            [
              47525,
              45624
            ]
          ]
        ]
      },
      "properties": {
        "objectType": "annotation",
        "classification": {
          "name": "vessel_h",
          "color": [
            128,
            0,
            128
          ]
        },
        "isLocked": false
      }
    },
    {
      "type": "Feature",
      "id": "patch_49426_45624",
      "geometry": {
        "type": "Polygon",
        "coordinates": [
          [
            [
              49426,
              45624
            ],
            [
              51327,
              45624
            ],
            [
              51327,
              47525
            ],
            [
              49426,
              47525
            ],
            [
              49426,
              45624
            ]
          ]
        ]
      },
      "properties": {
        "objectType": "annotation",
        "classification": {
          "name": "background_e",
          "color": [
            255,
            182,
            193
          ]
        },
        "isLocked": false
      }
    },
    {
      "type": "Feature",
      "id": "patch_51327_45624",
      "geometry": {
        "type": "Polygon",
        "coordinates": [
          [
            [
              51327,
              45624
            ],
            [
              53228,
              45624
            ],
            [
              53228,
              47525
            ],
            [
              51327,
              47525
            ],
            [
              51327,
              45624
            ]
          ]
        ]
      },
      "properties": {
        "objectType": "annotation",
        "classification": {
          "name": "background_e",
          "color": [
            255,
            182,
            193
          ]
        },
        "isLocked": false
      }
    },
    {
      "type": "Feature",
      "id": "patch_55129_45624",
      "geometry": {
        "type": "Polygon",
        "coordinates": [
          [
            [
              55129,
              45624
            ],
            [
              57030,
              45624
            ],
            [
              57030,
              47525
            ],
            [
              55129,
              47525
            ],
            [
              55129,
              45624
            ]
          ]
        ]
      },
      "properties": {
        "objectType": "annotation",
        "classification": {
          "name": "vessel_e",
          "color": [
            255,
            0,
            0
          ]
        },
        "isLocked": false
      }
    },
    {
      "type": "Feature",
      "id": "patch_58931_45624",
      "geometry": {
        "type": "Polygon",
        "coordinates": [
          [
            [
              58931,
              45624
            ],
            [
              60832,
              45624
            ],
            [
              60832,
              47525
            ],
            [
              58931,
              47525
            ],
            [
              58931,
              45624
            ]
          ]
        ]
      },
      "properties": {
        "objectType": "annotation",
        "classification": {
          "name": "background_e",
          "color": [
            255,
            182,
            193
          ]
        },
        "isLocked": false
      }
    },
    {
      "type": "Feature",
      "id": "patch_60832_45624",
      "geometry": {
        "type": "Polygon",
        "coordinates": [
          [
            [
              60832,
              45624
            ],
            [
              62733,
              45624
            ],
            [
              62733,
              47525
            ],
            [
              60832,
              47525
            ],
            [
              60832,
              45624
            ]
          ]
        ]
      },
      "properties": {
        "objectType": "annotation",
        "classification": {
          "name": "background_e",
          "color": [
            255,
            182,
            193
          ]
        },
        "isLocked": false
      }
    },
    {
      "type": "Feature",
      "id": "patch_62733_45624",
      "geometry": {
        "type": "Polygon",
        "coordinates": [
          [
            [
              62733,
              45624
            ],
            [
              64634,
              45624
            ],
            [
              64634,
              47525
            ],
            [
              62733,
              47525
            ],
            [
              62733,
              45624
            ]
          ]
        ]
      },
      "properties": {
        "objectType": "annotation",
        "classification": {
          "name": "background_e",
          "color": [
            255,
            182,
            193
          ]
        },
        "isLocked": false
      }
    },
    {
      "type": "Feature",
      "id": "patch_64634_45624",
      "geometry": {
        "type": "Polygon",
        "coordinates": [
          [
            [
              64634,
              45624
            ],
            [
              66535,
              45624
            ],
            [
              66535,
              47525
            ],
            [
              64634,
              47525
            ],
            [
              64634,
              45624
            ]
          ]
        ]
      },
      "properties": {
        "objectType": "annotation",
        "classification": {
          "name": "background_e",
          "color": [
            255,
            182,
            193
          ]
        },
        "isLocked": false
      }
    },
    {
      "type": "Feature",
      "id": "patch_66535_45624",
      "geometry": {
        "type": "Polygon",
        "coordinates": [
          [
            [
              66535,
              45624
            ],
            [
              68436,
              45624
            ],
            [
              68436,
              47525
            ],
            [
              66535,
              47525
            ],
            [
              66535,
              45624
            ]
          ]
        ]
      },
      "properties": {
        "objectType": "annotation",
        "classification": {
          "name": "background_h",
          "color": [
            0,
            0,
            255
          ]
        },
        "isLocked": false
      }
    },
    {
      "type": "Feature",
      "id": "patch_68436_45624",
      "geometry": {
        "type": "Polygon",
        "coordinates": [
          [
            [
              68436,
              45624
            ],
            [
              70337,
              45624
            ],
            [
              70337,
              47525
            ],
            [
              68436,
              47525
            ],
            [
              68436,
              45624
            ]
          ]
        ]
      },
      "properties": {
        "objectType": "annotation",
        "classification": {
          "name": "vessel_h",
          "color": [
            128,
            0,
            128
          ]
        },
        "isLocked": false
      }
    },
    {
      "type": "Feature",
      "id": "patch_70337_45624",
      "geometry": {
        "type": "Polygon",
        "coordinates": [
          [
            [
              70337,
              45624
            ],
            [
              72238,
              45624
            ],
            [
              72238,
              47525
            ],
            [
              70337,
              47525
            ],
            [
              70337,
              45624
            ]
          ]
        ]
      },
      "properties": {
        "objectType": "annotation",
        "classification": {
          "name": "background_e",
          "color": [
            255,
            182,
            193
          ]
        },
        "isLocked": false
      }
    },
    {
      "type": "Feature",
      "id": "patch_72238_45624",
      "geometry": {
        "type": "Polygon",
        "coordinates": [
          [
            [
              72238,
              45624
            ],
            [
              74139,
              45624
            ],
            [
              74139,
              47525
            ],
            [
              72238,
              47525
            ],
            [
              72238,
              45624
            ]
          ]
        ]
      },
      "properties": {
        "objectType": "annotation",
        "classification": {
          "name": "background_e",
          "color": [
            255,
            182,
            193
          ]
        },
        "isLocked": false
      }
    },
    {
      "type": "Feature",
      "id": "patch_74139_45624",
      "geometry": {
        "type": "Polygon",
        "coordinates": [
          [
            [
              74139,
              45624
            ],
            [
              76040,
              45624
            ],
            [
              76040,
              47525
            ],
            [
              74139,
              47525
            ],
            [
              74139,
              45624
            ]
          ]
        ]
      },
      "properties": {
        "objectType": "annotation",
        "classification": {
          "name": "background_e",
          "color": [
            255,
            182,
            193
          ]
        },
        "isLocked": false
      }
    },
    {
      "type": "Feature",
      "id": "patch_76040_45624",
      "geometry": {
        "type": "Polygon",
        "coordinates": [
          [
            [
              76040,
              45624
            ],
            [
              77941,
              45624
            ],
            [
              77941,
              47525
            ],
            [
              76040,
              47525
            ],
            [
              76040,
              45624
            ]
          ]
        ]
      },
      "properties": {
        "objectType": "annotation",
        "classification": {
          "name": "background_e",
          "color": [
            255,
            182,
            193
          ]
        },
        "isLocked": false
      }
    },
    {
      "type": "Feature",
      "id": "patch_79842_45624",
      "geometry": {
        "type": "Polygon",
        "coordinates": [
          [
            [
              79842,
              45624
            ],
            [
              81743,
              45624
            ],
            [
              81743,
              47525
            ],
            [
              79842,
              47525
            ],
            [
              79842,
              45624
            ]
          ]
        ]
      },
      "properties": {
        "objectType": "annotation",
        "classification": {
          "name": "background_e",
          "color": [
            255,
            182,
            193
          ]
        },
        "isLocked": false
      }
    },
    {
      "type": "Feature",
      "id": "patch_81743_45624",
      "geometry": {
        "type": "Polygon",
        "coordinates": [
          [
            [
              81743,
              45624
            ],
            [
              83644,
              45624
            ],
            [
              83644,
              47525
            ],
            [
              81743,
              47525
            ],
            [
              81743,
              45624
            ]
          ]
        ]
      },
      "properties": {
        "objectType": "annotation",
        "classification": {
          "name": "background_e",
          "color": [
            255,
            182,
            193
          ]
        },
        "isLocked": false
      }
    },
    {
      "type": "Feature",
      "id": "patch_83644_45624",
      "geometry": {
        "type": "Polygon",
        "coordinates": [
          [
            [
              83644,
              45624
            ],
            [
              85545,
              45624
            ],
            [
              85545,
              47525
            ],
            [
              83644,
              47525
            ],
            [
              83644,
              45624
            ]
          ]
        ]
      },
      "properties": {
        "objectType": "annotation",
        "classification": {
          "name": "background_e",
          "color": [
            255,
            182,
            193
          ]
        },
        "isLocked": false
      }
    },
    {
      "type": "Feature",
      "id": "patch_85545_45624",
      "geometry": {
        "type": "Polygon",
        "coordinates": [
          [
            [
              85545,
              45624
            ],
            [
              87446,
              45624
            ],
            [
              87446,
              47525
            ],
            [
              85545,
              47525
            ],
            [
              85545,
              45624
            ]
          ]
        ]
      },
      "properties": {
        "objectType": "annotation",
        "classification": {
          "name": "background_e",
          "color": [
            255,
            182,
            193
          ]
        },
        "isLocked": false
      }
    },
    {
      "type": "Feature",
      "id": "patch_87446_45624",
      "geometry": {
        "type": "Polygon",
        "coordinates": [
          [
            [
              87446,
              45624
            ],
            [
              89347,
              45624
            ],
            [
              89347,
              47525
            ],
            [
              87446,
              47525
            ],
            [
              87446,
              45624
            ]
          ]
        ]
      },
      "properties": {
        "objectType": "annotation",
        "classification": {
          "name": "background_h",
          "color": [
            0,
            0,
            255
          ]
        },
        "isLocked": false
      }
    },
    {
      "type": "Feature",
      "id": "patch_89347_45624",
      "geometry": {
        "type": "Polygon",
        "coordinates": [
          [
            [
              89347,
              45624
            ],
            [
              91248,
              45624
            ],
            [
              91248,
              47525
            ],
            [
              89347,
              47525
            ],
            [
              89347,
              45624
            ]
          ]
        ]
      },
      "properties": {
        "objectType": "annotation",
        "classification": {
          "name": "background_h",
          "color": [
            0,
            0,
            255
          ]
        },
        "isLocked": false
      }
    },
    {
      "type": "Feature",
      "id": "patch_13307_47525",
      "geometry": {
        "type": "Polygon",
        "coordinates": [
          [
            [
              13307,
              47525
            ],
            [
              15208,
              47525
            ],
            [
              15208,
              49426
            ],
            [
              13307,
              49426
            ],
            [
              13307,
              47525
            ]
          ]
        ]
      },
      "properties": {
        "objectType": "annotation",
        "classification": {
          "name": "background_e",
          "color": [
            255,
            182,
            193
          ]
        },
        "isLocked": false
      }
    },
    {
      "type": "Feature",
      "id": "patch_15208_47525",
      "geometry": {
        "type": "Polygon",
        "coordinates": [
          [
            [
              15208,
              47525
            ],
            [
              17109,
              47525
            ],
            [
              17109,
              49426
            ],
            [
              15208,
              49426
            ],
            [
              15208,
              47525
            ]
          ]
        ]
      },
      "properties": {
        "objectType": "annotation",
        "classification": {
          "name": "background_e",
          "color": [
            255,
            182,
            193
          ]
        },
        "isLocked": false
      }
    },
    {
      "type": "Feature",
      "id": "patch_17109_47525",
      "geometry": {
        "type": "Polygon",
        "coordinates": [
          [
            [
              17109,
              47525
            ],
            [
              19010,
              47525
            ],
            [
              19010,
              49426
            ],
            [
              17109,
              49426
            ],
            [
              17109,
              47525
            ]
          ]
        ]
      },
      "properties": {
        "objectType": "annotation",
        "classification": {
          "name": "background_e",
          "color": [
            255,
            182,
            193
          ]
        },
        "isLocked": false
      }
    },
    {
      "type": "Feature",
      "id": "patch_19010_47525",
      "geometry": {
        "type": "Polygon",
        "coordinates": [
          [
            [
              19010,
              47525
            ],
            [
              20911,
              47525
            ],
            [
              20911,
              49426
            ],
            [
              19010,
              49426
            ],
            [
              19010,
              47525
            ]
          ]
        ]
      },
      "properties": {
        "objectType": "annotation",
        "classification": {
          "name": "background_e",
          "color": [
            255,
            182,
            193
          ]
        },
        "isLocked": false
      }
    },
    {
      "type": "Feature",
      "id": "patch_41822_47525",
      "geometry": {
        "type": "Polygon",
        "coordinates": [
          [
            [
              41822,
              47525
            ],
            [
              43723,
              47525
            ],
            [
              43723,
              49426
            ],
            [
              41822,
              49426
            ],
            [
              41822,
              47525
            ]
          ]
        ]
      },
      "properties": {
        "objectType": "annotation",
        "classification": {
          "name": "background_e",
          "color": [
            255,
            182,
            193
          ]
        },
        "isLocked": false
      }
    },
    {
      "type": "Feature",
      "id": "patch_43723_47525",
      "geometry": {
        "type": "Polygon",
        "coordinates": [
          [
            [
              43723,
              47525
            ],
            [
              45624,
              47525
            ],
            [
              45624,
              49426
            ],
            [
              43723,
              49426
            ],
            [
              43723,
              47525
            ]
          ]
        ]
      },
      "properties": {
        "objectType": "annotation",
        "classification": {
          "name": "background_e",
          "color": [
            255,
            182,
            193
          ]
        },
        "isLocked": false
      }
    },
    {
      "type": "Feature",
      "id": "patch_45624_47525",
      "geometry": {
        "type": "Polygon",
        "coordinates": [
          [
            [
              45624,
              47525
            ],
            [
              47525,
              47525
            ],
            [
              47525,
              49426
            ],
            [
              45624,
              49426
            ],
            [
              45624,
              47525
            ]
          ]
        ]
      },
      "properties": {
        "objectType": "annotation",
        "classification": {
          "name": "background_e",
          "color": [
            255,
            182,
            193
          ]
        },
        "isLocked": false
      }
    },
    {
      "type": "Feature",
      "id": "patch_47525_47525",
      "geometry": {
        "type": "Polygon",
        "coordinates": [
          [
            [
              47525,
              47525
            ],
            [
              49426,
              47525
            ],
            [
              49426,
              49426
            ],
            [
              47525,
              49426
            ],
            [
              47525,
              47525
            ]
          ]
        ]
      },
      "properties": {
        "objectType": "annotation",
        "classification": {
          "name": "background_h",
          "color": [
            0,
            0,
            255
          ]
        },
        "isLocked": false
      }
    },
    {
      "type": "Feature",
      "id": "patch_49426_47525",
      "geometry": {
        "type": "Polygon",
        "coordinates": [
          [
            [
              49426,
              47525
            ],
            [
              51327,
              47525
            ],
            [
              51327,
              49426
            ],
            [
              49426,
              49426
            ],
            [
              49426,
              47525
            ]
          ]
        ]
      },
      "properties": {
        "objectType": "annotation",
        "classification": {
          "name": "background_e",
          "color": [
            255,
            182,
            193
          ]
        },
        "isLocked": false
      }
    },
    {
      "type": "Feature",
      "id": "patch_51327_47525",
      "geometry": {
        "type": "Polygon",
        "coordinates": [
          [
            [
              51327,
              47525
            ],
            [
              53228,
              47525
            ],
            [
              53228,
              49426
            ],
            [
              51327,
              49426
            ],
            [
              51327,
              47525
            ]
          ]
        ]
      },
      "properties": {
        "objectType": "annotation",
        "classification": {
          "name": "background_e",
          "color": [
            255,
            182,
            193
          ]
        },
        "isLocked": false
      }
    },
    {
      "type": "Feature",
      "id": "patch_58931_47525",
      "geometry": {
        "type": "Polygon",
        "coordinates": [
          [
            [
              58931,
              47525
            ],
            [
              60832,
              47525
            ],
            [
              60832,
              49426
            ],
            [
              58931,
              49426
            ],
            [
              58931,
              47525
            ]
          ]
        ]
      },
      "properties": {
        "objectType": "annotation",
        "classification": {
          "name": "background_e",
          "color": [
            255,
            182,
            193
          ]
        },
        "isLocked": false
      }
    },
    {
      "type": "Feature",
      "id": "patch_60832_47525",
      "geometry": {
        "type": "Polygon",
        "coordinates": [
          [
            [
              60832,
              47525
            ],
            [
              62733,
              47525
            ],
            [
              62733,
              49426
            ],
            [
              60832,
              49426
            ],
            [
              60832,
              47525
            ]
          ]
        ]
      },
      "properties": {
        "objectType": "annotation",
        "classification": {
          "name": "background_e",
          "color": [
            255,
            182,
            193
          ]
        },
        "isLocked": false
      }
    },
    {
      "type": "Feature",
      "id": "patch_62733_47525",
      "geometry": {
        "type": "Polygon",
        "coordinates": [
          [
            [
              62733,
              47525
            ],
            [
              64634,
              47525
            ],
            [
              64634,
              49426
            ],
            [
              62733,
              49426
            ],
            [
              62733,
              47525
            ]
          ]
        ]
      },
      "properties": {
        "objectType": "annotation",
        "classification": {
          "name": "background_e",
          "color": [
            255,
            182,
            193
          ]
        },
        "isLocked": false
      }
    },
    {
      "type": "Feature",
      "id": "patch_64634_47525",
      "geometry": {
        "type": "Polygon",
        "coordinates": [
          [
            [
              64634,
              47525
            ],
            [
              66535,
              47525
            ],
            [
              66535,
              49426
            ],
            [
              64634,
              49426
            ],
            [
              64634,
              47525
            ]
          ]
        ]
      },
      "properties": {
        "objectType": "annotation",
        "classification": {
          "name": "background_e",
          "color": [
            255,
            182,
            193
          ]
        },
        "isLocked": false
      }
    },
    {
      "type": "Feature",
      "id": "patch_66535_47525",
      "geometry": {
        "type": "Polygon",
        "coordinates": [
          [
            [
              66535,
              47525
            ],
            [
              68436,
              47525
            ],
            [
              68436,
              49426
            ],
            [
              66535,
              49426
            ],
            [
              66535,
              47525
            ]
          ]
        ]
      },
      "properties": {
        "objectType": "annotation",
        "classification": {
          "name": "background_h",
          "color": [
            0,
            0,
            255
          ]
        },
        "isLocked": false
      }
    },
    {
      "type": "Feature",
      "id": "patch_68436_47525",
      "geometry": {
        "type": "Polygon",
        "coordinates": [
          [
            [
              68436,
              47525
            ],
            [
              70337,
              47525
            ],
            [
              70337,
              49426
            ],
            [
              68436,
              49426
            ],
            [
              68436,
              47525
            ]
          ]
        ]
      },
      "properties": {
        "objectType": "annotation",
        "classification": {
          "name": "background_e",
          "color": [
            255,
            182,
            193
          ]
        },
        "isLocked": false
      }
    },
    {
      "type": "Feature",
      "id": "patch_70337_47525",
      "geometry": {
        "type": "Polygon",
        "coordinates": [
          [
            [
              70337,
              47525
            ],
            [
              72238,
              47525
            ],
            [
              72238,
              49426
            ],
            [
              70337,
              49426
            ],
            [
              70337,
              47525
            ]
          ]
        ]
      },
      "properties": {
        "objectType": "annotation",
        "classification": {
          "name": "background_e",
          "color": [
            255,
            182,
            193
          ]
        },
        "isLocked": false
      }
    },
    {
      "type": "Feature",
      "id": "patch_72238_47525",
      "geometry": {
        "type": "Polygon",
        "coordinates": [
          [
            [
              72238,
              47525
            ],
            [
              74139,
              47525
            ],
            [
              74139,
              49426
            ],
            [
              72238,
              49426
            ],
            [
              72238,
              47525
            ]
          ]
        ]
      },
      "properties": {
        "objectType": "annotation",
        "classification": {
          "name": "background_e",
          "color": [
            255,
            182,
            193
          ]
        },
        "isLocked": false
      }
    },
    {
      "type": "Feature",
      "id": "patch_74139_47525",
      "geometry": {
        "type": "Polygon",
        "coordinates": [
          [
            [
              74139,
              47525
            ],
            [
              76040,
              47525
            ],
            [
              76040,
              49426
            ],
            [
              74139,
              49426
            ],
            [
              74139,
              47525
            ]
          ]
        ]
      },
      "properties": {
        "objectType": "annotation",
        "classification": {
          "name": "background_e",
          "color": [
            255,
            182,
            193
          ]
        },
        "isLocked": false
      }
    },
    {
      "type": "Feature",
      "id": "patch_76040_47525",
      "geometry": {
        "type": "Polygon",
        "coordinates": [
          [
            [
              76040,
              47525
            ],
            [
              77941,
              47525
            ],
            [
              77941,
              49426
            ],
            [
              76040,
              49426
            ],
            [
              76040,
              47525
            ]
          ]
        ]
      },
      "properties": {
        "objectType": "annotation",
        "classification": {
          "name": "background_e",
          "color": [
            255,
            182,
            193
          ]
        },
        "isLocked": false
      }
    },
    {
      "type": "Feature",
      "id": "patch_79842_47525",
      "geometry": {
        "type": "Polygon",
        "coordinates": [
          [
            [
              79842,
              47525
            ],
            [
              81743,
              47525
            ],
            [
              81743,
              49426
            ],
            [
              79842,
              49426
            ],
            [
              79842,
              47525
            ]
          ]
        ]
      },
      "properties": {
        "objectType": "annotation",
        "classification": {
          "name": "background_e",
          "color": [
            255,
            182,
            193
          ]
        },
        "isLocked": false
      }
    },
    {
      "type": "Feature",
      "id": "patch_81743_47525",
      "geometry": {
        "type": "Polygon",
        "coordinates": [
          [
            [
              81743,
              47525
            ],
            [
              83644,
              47525
            ],
            [
              83644,
              49426
            ],
            [
              81743,
              49426
            ],
            [
              81743,
              47525
            ]
          ]
        ]
      },
      "properties": {
        "objectType": "annotation",
        "classification": {
          "name": "background_e",
          "color": [
            255,
            182,
            193
          ]
        },
        "isLocked": false
      }
    },
    {
      "type": "Feature",
      "id": "patch_83644_47525",
      "geometry": {
        "type": "Polygon",
        "coordinates": [
          [
            [
              83644,
              47525
            ],
            [
              85545,
              47525
            ],
            [
              85545,
              49426
            ],
            [
              83644,
              49426
            ],
            [
              83644,
              47525
            ]
          ]
        ]
      },
      "properties": {
        "objectType": "annotation",
        "classification": {
          "name": "background_e",
          "color": [
            255,
            182,
            193
          ]
        },
        "isLocked": false
      }
    },
    {
      "type": "Feature",
      "id": "patch_85545_47525",
      "geometry": {
        "type": "Polygon",
        "coordinates": [
          [
            [
              85545,
              47525
            ],
            [
              87446,
              47525
            ],
            [
              87446,
              49426
            ],
            [
              85545,
              49426
            ],
            [
              85545,
              47525
            ]
          ]
        ]
      },
      "properties": {
        "objectType": "annotation",
        "classification": {
          "name": "background_e",
          "color": [
            255,
            182,
            193
          ]
        },
        "isLocked": false
      }
    },
    {
      "type": "Feature",
      "id": "patch_87446_47525",
      "geometry": {
        "type": "Polygon",
        "coordinates": [
          [
            [
              87446,
              47525
            ],
            [
              89347,
              47525
            ],
            [
              89347,
              49426
            ],
            [
              87446,
              49426
            ],
            [
              87446,
              47525
            ]
          ]
        ]
      },
      "properties": {
        "objectType": "annotation",
        "classification": {
          "name": "background_h",
          "color": [
            0,
            0,
            255
          ]
        },
        "isLocked": false
      }
    },
    {
      "type": "Feature",
      "id": "patch_89347_47525",
      "geometry": {
        "type": "Polygon",
        "coordinates": [
          [
            [
              89347,
              47525
            ],
            [
              91248,
              47525
            ],
            [
              91248,
              49426
            ],
            [
              89347,
              49426
            ],
            [
              89347,
              47525
            ]
          ]
        ]
      },
      "properties": {
        "objectType": "annotation",
        "classification": {
          "name": "vessel_h",
          "color": [
            128,
            0,
            128
          ]
        },
        "isLocked": false
      }
    },
    {
      "type": "Feature",
      "id": "patch_13307_49426",
      "geometry": {
        "type": "Polygon",
        "coordinates": [
          [
            [
              13307,
              49426
            ],
            [
              15208,
              49426
            ],
            [
              15208,
              51327
            ],
            [
              13307,
              51327
            ],
            [
              13307,
              49426
            ]
          ]
        ]
      },
      "properties": {
        "objectType": "annotation",
        "classification": {
          "name": "background_e",
          "color": [
            255,
            182,
            193
          ]
        },
        "isLocked": false
      }
    },
    {
      "type": "Feature",
      "id": "patch_15208_49426",
      "geometry": {
        "type": "Polygon",
        "coordinates": [
          [
            [
              15208,
              49426
            ],
            [
              17109,
              49426
            ],
            [
              17109,
              51327
            ],
            [
              15208,
              51327
            ],
            [
              15208,
              49426
            ]
          ]
        ]
      },
      "properties": {
        "objectType": "annotation",
        "classification": {
          "name": "background_e",
          "color": [
            255,
            182,
            193
          ]
        },
        "isLocked": false
      }
    },
    {
      "type": "Feature",
      "id": "patch_17109_49426",
      "geometry": {
        "type": "Polygon",
        "coordinates": [
          [
            [
              17109,
              49426
            ],
            [
              19010,
              49426
            ],
            [
              19010,
              51327
            ],
            [
              17109,
              51327
            ],
            [
              17109,
              49426
            ]
          ]
        ]
      },
      "properties": {
        "objectType": "annotation",
        "classification": {
          "name": "background_e",
          "color": [
            255,
            182,
            193
          ]
        },
        "isLocked": false
      }
    },
    {
      "type": "Feature",
      "id": "patch_41822_49426",
      "geometry": {
        "type": "Polygon",
        "coordinates": [
          [
            [
              41822,
              49426
            ],
            [
              43723,
              49426
            ],
            [
              43723,
              51327
            ],
            [
              41822,
              51327
            ],
            [
              41822,
              49426
            ]
          ]
        ]
      },
      "properties": {
        "objectType": "annotation",
        "classification": {
          "name": "background_e",
          "color": [
            255,
            182,
            193
          ]
        },
        "isLocked": false
      }
    },
    {
      "type": "Feature",
      "id": "patch_43723_49426",
      "geometry": {
        "type": "Polygon",
        "coordinates": [
          [
            [
              43723,
              49426
            ],
            [
              45624,
              49426
            ],
            [
              45624,
              51327
            ],
            [
              43723,
              51327
            ],
            [
              43723,
              49426
            ]
          ]
        ]
      },
      "properties": {
        "objectType": "annotation",
        "classification": {
          "name": "background_e",
          "color": [
            255,
            182,
            193
          ]
        },
        "isLocked": false
      }
    },
    {
      "type": "Feature",
      "id": "patch_45624_49426",
      "geometry": {
        "type": "Polygon",
        "coordinates": [
          [
            [
              45624,
              49426
            ],
            [
              47525,
              49426
            ],
            [
              47525,
              51327
            ],
            [
              45624,
              51327
            ],
            [
              45624,
              49426
            ]
          ]
        ]
      },
      "properties": {
        "objectType": "annotation",
        "classification": {
          "name": "background_e",
          "color": [
            255,
            182,
            193
          ]
        },
        "isLocked": false
      }
    },
    {
      "type": "Feature",
      "id": "patch_47525_49426",
      "geometry": {
        "type": "Polygon",
        "coordinates": [
          [
            [
              47525,
              49426
            ],
            [
              49426,
              49426
            ],
            [
              49426,
              51327
            ],
            [
              47525,
              51327
            ],
            [
              47525,
              49426
            ]
          ]
        ]
      },
      "properties": {
        "objectType": "annotation",
        "classification": {
          "name": "background_e",
          "color": [
            255,
            182,
            193
          ]
        },
        "isLocked": false
      }
    },
    {
      "type": "Feature",
      "id": "patch_49426_49426",
      "geometry": {
        "type": "Polygon",
        "coordinates": [
          [
            [
              49426,
              49426
            ],
            [
              51327,
              49426
            ],
            [
              51327,
              51327
            ],
            [
              49426,
              51327
            ],
            [
              49426,
              49426
            ]
          ]
        ]
      },
      "properties": {
        "objectType": "annotation",
        "classification": {
          "name": "background_e",
          "color": [
            255,
            182,
            193
          ]
        },
        "isLocked": false
      }
    },
    {
      "type": "Feature",
      "id": "patch_51327_49426",
      "geometry": {
        "type": "Polygon",
        "coordinates": [
          [
            [
              51327,
              49426
            ],
            [
              53228,
              49426
            ],
            [
              53228,
              51327
            ],
            [
              51327,
              51327
            ],
            [
              51327,
              49426
            ]
          ]
        ]
      },
      "properties": {
        "objectType": "annotation",
        "classification": {
          "name": "background_e",
          "color": [
            255,
            182,
            193
          ]
        },
        "isLocked": false
      }
    },
    {
      "type": "Feature",
      "id": "patch_58931_49426",
      "geometry": {
        "type": "Polygon",
        "coordinates": [
          [
            [
              58931,
              49426
            ],
            [
              60832,
              49426
            ],
            [
              60832,
              51327
            ],
            [
              58931,
              51327
            ],
            [
              58931,
              49426
            ]
          ]
        ]
      },
      "properties": {
        "objectType": "annotation",
        "classification": {
          "name": "background_e",
          "color": [
            255,
            182,
            193
          ]
        },
        "isLocked": false
      }
    },
    {
      "type": "Feature",
      "id": "patch_60832_49426",
      "geometry": {
        "type": "Polygon",
        "coordinates": [
          [
            [
              60832,
              49426
            ],
            [
              62733,
              49426
            ],
            [
              62733,
              51327
            ],
            [
              60832,
              51327
            ],
            [
              60832,
              49426
            ]
          ]
        ]
      },
      "properties": {
        "objectType": "annotation",
        "classification": {
          "name": "background_e",
          "color": [
            255,
            182,
            193
          ]
        },
        "isLocked": false
      }
    },
    {
      "type": "Feature",
      "id": "patch_62733_49426",
      "geometry": {
        "type": "Polygon",
        "coordinates": [
          [
            [
              62733,
              49426
            ],
            [
              64634,
              49426
            ],
            [
              64634,
              51327
            ],
            [
              62733,
              51327
            ],
            [
              62733,
              49426
            ]
          ]
        ]
      },
      "properties": {
        "objectType": "annotation",
        "classification": {
          "name": "background_e",
          "color": [
            255,
            182,
            193
          ]
        },
        "isLocked": false
      }
    },
    {
      "type": "Feature",
      "id": "patch_64634_49426",
      "geometry": {
        "type": "Polygon",
        "coordinates": [
          [
            [
              64634,
              49426
            ],
            [
              66535,
              49426
            ],
            [
              66535,
              51327
            ],
            [
              64634,
              51327
            ],
            [
              64634,
              49426
            ]
          ]
        ]
      },
      "properties": {
        "objectType": "annotation",
        "classification": {
          "name": "background_h",
          "color": [
            0,
            0,
            255
          ]
        },
        "isLocked": false
      }
    },
    {
      "type": "Feature",
      "id": "patch_66535_49426",
      "geometry": {
        "type": "Polygon",
        "coordinates": [
          [
            [
              66535,
              49426
            ],
            [
              68436,
              49426
            ],
            [
              68436,
              51327
            ],
            [
              66535,
              51327
            ],
            [
              66535,
              49426
            ]
          ]
        ]
      },
      "properties": {
        "objectType": "annotation",
        "classification": {
          "name": "vessel_h",
          "color": [
            128,
            0,
            128
          ]
        },
        "isLocked": false
      }
    },
    {
      "type": "Feature",
      "id": "patch_68436_49426",
      "geometry": {
        "type": "Polygon",
        "coordinates": [
          [
            [
              68436,
              49426
            ],
            [
              70337,
              49426
            ],
            [
              70337,
              51327
            ],
            [
              68436,
              51327
            ],
            [
              68436,
              49426
            ]
          ]
        ]
      },
      "properties": {
        "objectType": "annotation",
        "classification": {
          "name": "background_e",
          "color": [
            255,
            182,
            193
          ]
        },
        "isLocked": false
      }
    },
    {
      "type": "Feature",
      "id": "patch_70337_49426",
      "geometry": {
        "type": "Polygon",
        "coordinates": [
          [
            [
              70337,
              49426
            ],
            [
              72238,
              49426
            ],
            [
              72238,
              51327
            ],
            [
              70337,
              51327
            ],
            [
              70337,
              49426
            ]
          ]
        ]
      },
      "properties": {
        "objectType": "annotation",
        "classification": {
          "name": "background_e",
          "color": [
            255,
            182,
            193
          ]
        },
        "isLocked": false
      }
    },
    {
      "type": "Feature",
      "id": "patch_72238_49426",
      "geometry": {
        "type": "Polygon",
        "coordinates": [
          [
            [
              72238,
              49426
            ],
            [
              74139,
              49426
            ],
            [
              74139,
              51327
            ],
            [
              72238,
              51327
            ],
            [
              72238,
              49426
            ]
          ]
        ]
      },
      "properties": {
        "objectType": "annotation",
        "classification": {
          "name": "background_e",
          "color": [
            255,
            182,
            193
          ]
        },
        "isLocked": false
      }
    },
    {
      "type": "Feature",
      "id": "patch_74139_49426",
      "geometry": {
        "type": "Polygon",
        "coordinates": [
          [
            [
              74139,
              49426
            ],
            [
              76040,
              49426
            ],
            [
              76040,
              51327
            ],
            [
              74139,
              51327
            ],
            [
              74139,
              49426
            ]
          ]
        ]
      },
      "properties": {
        "objectType": "annotation",
        "classification": {
          "name": "background_e",
          "color": [
            255,
            182,
            193
          ]
        },
        "isLocked": false
      }
    },
    {
      "type": "Feature",
      "id": "patch_79842_49426",
      "geometry": {
        "type": "Polygon",
        "coordinates": [
          [
            [
              79842,
              49426
            ],
            [
              81743,
              49426
            ],
            [
              81743,
              51327
            ],
            [
              79842,
              51327
            ],
            [
              79842,
              49426
            ]
          ]
        ]
      },
      "properties": {
        "objectType": "annotation",
        "classification": {
          "name": "background_e",
          "color": [
            255,
            182,
            193
          ]
        },
        "isLocked": false
      }
    },
    {
      "type": "Feature",
      "id": "patch_81743_49426",
      "geometry": {
        "type": "Polygon",
        "coordinates": [
          [
            [
              81743,
              49426
            ],
            [
              83644,
              49426
            ],
            [
              83644,
              51327
            ],
            [
              81743,
              51327
            ],
            [
              81743,
              49426
            ]
          ]
        ]
      },
      "properties": {
        "objectType": "annotation",
        "classification": {
          "name": "background_e",
          "color": [
            255,
            182,
            193
          ]
        },
        "isLocked": false
      }
    },
    {
      "type": "Feature",
      "id": "patch_83644_49426",
      "geometry": {
        "type": "Polygon",
        "coordinates": [
          [
            [
              83644,
              49426
            ],
            [
              85545,
              49426
            ],
            [
              85545,
              51327
            ],
            [
              83644,
              51327
            ],
            [
              83644,
              49426
            ]
          ]
        ]
      },
      "properties": {
        "objectType": "annotation",
        "classification": {
          "name": "background_e",
          "color": [
            255,
            182,
            193
          ]
        },
        "isLocked": false
      }
    },
    {
      "type": "Feature",
      "id": "patch_85545_49426",
      "geometry": {
        "type": "Polygon",
        "coordinates": [
          [
            [
              85545,
              49426
            ],
            [
              87446,
              49426
            ],
            [
              87446,
              51327
            ],
            [
              85545,
              51327
            ],
            [
              85545,
              49426
            ]
          ]
        ]
      },
      "properties": {
        "objectType": "annotation",
        "classification": {
          "name": "background_e",
          "color": [
            255,
            182,
            193
          ]
        },
        "isLocked": false
      }
    },
    {
      "type": "Feature",
      "id": "patch_87446_49426",
      "geometry": {
        "type": "Polygon",
        "coordinates": [
          [
            [
              87446,
              49426
            ],
            [
              89347,
              49426
            ],
            [
              89347,
              51327
            ],
            [
              87446,
              51327
            ],
            [
              87446,
              49426
            ]
          ]
        ]
      },
      "properties": {
        "objectType": "annotation",
        "classification": {
          "name": "background_h",
          "color": [
            0,
            0,
            255
          ]
        },
        "isLocked": false
      }
    },
    {
      "type": "Feature",
      "id": "patch_89347_49426",
      "geometry": {
        "type": "Polygon",
        "coordinates": [
          [
            [
              89347,
              49426
            ],
            [
              91248,
              49426
            ],
            [
              91248,
              51327
            ],
            [
              89347,
              51327
            ],
            [
              89347,
              49426
            ]
          ]
        ]
      },
      "properties": {
        "objectType": "annotation",
        "classification": {
          "name": "background_e",
          "color": [
            255,
            182,
            193
          ]
        },
        "isLocked": false
      }
    },
    {
      "type": "Feature",
      "id": "patch_15208_51327",
      "geometry": {
        "type": "Polygon",
        "coordinates": [
          [
            [
              15208,
              51327
            ],
            [
              17109,
              51327
            ],
            [
              17109,
              53228
            ],
            [
              15208,
              53228
            ],
            [
              15208,
              51327
            ]
          ]
        ]
      },
      "properties": {
        "objectType": "annotation",
        "classification": {
          "name": "background_e",
          "color": [
            255,
            182,
            193
          ]
        },
        "isLocked": false
      }
    },
    {
      "type": "Feature",
      "id": "patch_17109_51327",
      "geometry": {
        "type": "Polygon",
        "coordinates": [
          [
            [
              17109,
              51327
            ],
            [
              19010,
              51327
            ],
            [
              19010,
              53228
            ],
            [
              17109,
              53228
            ],
            [
              17109,
              51327
            ]
          ]
        ]
      },
      "properties": {
        "objectType": "annotation",
        "classification": {
          "name": "background_e",
          "color": [
            255,
            182,
            193
          ]
        },
        "isLocked": false
      }
    },
    {
      "type": "Feature",
      "id": "patch_43723_51327",
      "geometry": {
        "type": "Polygon",
        "coordinates": [
          [
            [
              43723,
              51327
            ],
            [
              45624,
              51327
            ],
            [
              45624,
              53228
            ],
            [
              43723,
              53228
            ],
            [
              43723,
              51327
            ]
          ]
        ]
      },
      "properties": {
        "objectType": "annotation",
        "classification": {
          "name": "background_e",
          "color": [
            255,
            182,
            193
          ]
        },
        "isLocked": false
      }
    },
    {
      "type": "Feature",
      "id": "patch_45624_51327",
      "geometry": {
        "type": "Polygon",
        "coordinates": [
          [
            [
              45624,
              51327
            ],
            [
              47525,
              51327
            ],
            [
              47525,
              53228
            ],
            [
              45624,
              53228
            ],
            [
              45624,
              51327
            ]
          ]
        ]
      },
      "properties": {
        "objectType": "annotation",
        "classification": {
          "name": "background_e",
          "color": [
            255,
            182,
            193
          ]
        },
        "isLocked": false
      }
    },
    {
      "type": "Feature",
      "id": "patch_47525_51327",
      "geometry": {
        "type": "Polygon",
        "coordinates": [
          [
            [
              47525,
              51327
            ],
            [
              49426,
              51327
            ],
            [
              49426,
              53228
            ],
            [
              47525,
              53228
            ],
            [
              47525,
              51327
            ]
          ]
        ]
      },
      "properties": {
        "objectType": "annotation",
        "classification": {
          "name": "background_e",
          "color": [
            255,
            182,
            193
          ]
        },
        "isLocked": false
      }
    },
    {
      "type": "Feature",
      "id": "patch_49426_51327",
      "geometry": {
        "type": "Polygon",
        "coordinates": [
          [
            [
              49426,
              51327
            ],
            [
              51327,
              51327
            ],
            [
              51327,
              53228
            ],
            [
              49426,
              53228
            ],
            [
              49426,
              51327
            ]
          ]
        ]
      },
      "properties": {
        "objectType": "annotation",
        "classification": {
          "name": "background_e",
          "color": [
            255,
            182,
            193
          ]
        },
        "isLocked": false
      }
    },
    {
      "type": "Feature",
      "id": "patch_51327_51327",
      "geometry": {
        "type": "Polygon",
        "coordinates": [
          [
            [
              51327,
              51327
            ],
            [
              53228,
              51327
            ],
            [
              53228,
              53228
            ],
            [
              51327,
              53228
            ],
            [
              51327,
              51327
            ]
          ]
        ]
      },
      "properties": {
        "objectType": "annotation",
        "classification": {
          "name": "background_e",
          "color": [
            255,
            182,
            193
          ]
        },
        "isLocked": false
      }
    },
    {
      "type": "Feature",
      "id": "patch_57030_51327",
      "geometry": {
        "type": "Polygon",
        "coordinates": [
          [
            [
              57030,
              51327
            ],
            [
              58931,
              51327
            ],
            [
              58931,
              53228
            ],
            [
              57030,
              53228
            ],
            [
              57030,
              51327
            ]
          ]
        ]
      },
      "properties": {
        "objectType": "annotation",
        "classification": {
          "name": "background_e",
          "color": [
            255,
            182,
            193
          ]
        },
        "isLocked": false
      }
    },
    {
      "type": "Feature",
      "id": "patch_58931_51327",
      "geometry": {
        "type": "Polygon",
        "coordinates": [
          [
            [
              58931,
              51327
            ],
            [
              60832,
              51327
            ],
            [
              60832,
              53228
            ],
            [
              58931,
              53228
            ],
            [
              58931,
              51327
            ]
          ]
        ]
      },
      "properties": {
        "objectType": "annotation",
        "classification": {
          "name": "background_e",
          "color": [
            255,
            182,
            193
          ]
        },
        "isLocked": false
      }
    },
    {
      "type": "Feature",
      "id": "patch_60832_51327",
      "geometry": {
        "type": "Polygon",
        "coordinates": [
          [
            [
              60832,
              51327
            ],
            [
              62733,
              51327
            ],
            [
              62733,
              53228
            ],
            [
              60832,
              53228
            ],
            [
              60832,
              51327
            ]
          ]
        ]
      },
      "properties": {
        "objectType": "annotation",
        "classification": {
          "name": "background_e",
          "color": [
            255,
            182,
            193
          ]
        },
        "isLocked": false
      }
    },
    {
      "type": "Feature",
      "id": "patch_62733_51327",
      "geometry": {
        "type": "Polygon",
        "coordinates": [
          [
            [
              62733,
              51327
            ],
            [
              64634,
              51327
            ],
            [
              64634,
              53228
            ],
            [
              62733,
              53228
            ],
            [
              62733,
              51327
            ]
          ]
        ]
      },
      "properties": {
        "objectType": "annotation",
        "classification": {
          "name": "background_e",
          "color": [
            255,
            182,
            193
          ]
        },
        "isLocked": false
      }
    },
    {
      "type": "Feature",
      "id": "patch_64634_51327",
      "geometry": {
        "type": "Polygon",
        "coordinates": [
          [
            [
              64634,
              51327
            ],
            [
              66535,
              51327
            ],
            [
              66535,
              53228
            ],
            [
              64634,
              53228
            ],
            [
              64634,
              51327
            ]
          ]
        ]
      },
      "properties": {
        "objectType": "annotation",
        "classification": {
          "name": "vessel_e",
          "color": [
            255,
            0,
            0
          ]
        },
        "isLocked": false
      }
    },
    {
      "type": "Feature",
      "id": "patch_66535_51327",
      "geometry": {
        "type": "Polygon",
        "coordinates": [
          [
            [
              66535,
              51327
            ],
            [
              68436,
              51327
            ],
            [
              68436,
              53228
            ],
            [
              66535,
              53228
            ],
            [
              66535,
              51327
            ]
          ]
        ]
      },
      "properties": {
        "objectType": "annotation",
        "classification": {
          "name": "background_e",
          "color": [
            255,
            182,
            193
          ]
        },
        "isLocked": false
      }
    },
    {
      "type": "Feature",
      "id": "patch_68436_51327",
      "geometry": {
        "type": "Polygon",
        "coordinates": [
          [
            [
              68436,
              51327
            ],
            [
              70337,
              51327
            ],
            [
              70337,
              53228
            ],
            [
              68436,
              53228
            ],
            [
              68436,
              51327
            ]
          ]
        ]
      },
      "properties": {
        "objectType": "annotation",
        "classification": {
          "name": "background_e",
          "color": [
            255,
            182,
            193
          ]
        },
        "isLocked": false
      }
    },
    {
      "type": "Feature",
      "id": "patch_70337_51327",
      "geometry": {
        "type": "Polygon",
        "coordinates": [
          [
            [
              70337,
              51327
            ],
            [
              72238,
              51327
            ],
            [
              72238,
              53228
            ],
            [
              70337,
              53228
            ],
            [
              70337,
              51327
            ]
          ]
        ]
      },
      "properties": {
        "objectType": "annotation",
        "classification": {
          "name": "background_e",
          "color": [
            255,
            182,
            193
          ]
        },
        "isLocked": false
      }
    },
    {
      "type": "Feature",
      "id": "patch_72238_51327",
      "geometry": {
        "type": "Polygon",
        "coordinates": [
          [
            [
              72238,
              51327
            ],
            [
              74139,
              51327
            ],
            [
              74139,
              53228
            ],
            [
              72238,
              53228
            ],
            [
              72238,
              51327
            ]
          ]
        ]
      },
      "properties": {
        "objectType": "annotation",
        "classification": {
          "name": "background_e",
          "color": [
            255,
            182,
            193
          ]
        },
        "isLocked": false
      }
    },
    {
      "type": "Feature",
      "id": "patch_74139_51327",
      "geometry": {
        "type": "Polygon",
        "coordinates": [
          [
            [
              74139,
              51327
            ],
            [
              76040,
              51327
            ],
            [
              76040,
              53228
            ],
            [
              74139,
              53228
            ],
            [
              74139,
              51327
            ]
          ]
        ]
      },
      "properties": {
        "objectType": "annotation",
        "classification": {
          "name": "background_e",
          "color": [
            255,
            182,
            193
          ]
        },
        "isLocked": false
      }
    },
    {
      "type": "Feature",
      "id": "patch_77941_51327",
      "geometry": {
        "type": "Polygon",
        "coordinates": [
          [
            [
              77941,
              51327
            ],
            [
              79842,
              51327
            ],
            [
              79842,
              53228
            ],
            [
              77941,
              53228
            ],
            [
              77941,
              51327
            ]
          ]
        ]
      },
      "properties": {
        "objectType": "annotation",
        "classification": {
          "name": "background_e",
          "color": [
            255,
            182,
            193
          ]
        },
        "isLocked": false
      }
    },
    {
      "type": "Feature",
      "id": "patch_79842_51327",
      "geometry": {
        "type": "Polygon",
        "coordinates": [
          [
            [
              79842,
              51327
            ],
            [
              81743,
              51327
            ],
            [
              81743,
              53228
            ],
            [
              79842,
              53228
            ],
            [
              79842,
              51327
            ]
          ]
        ]
      },
      "properties": {
        "objectType": "annotation",
        "classification": {
          "name": "background_e",
          "color": [
            255,
            182,
            193
          ]
        },
        "isLocked": false
      }
    },
    {
      "type": "Feature",
      "id": "patch_81743_51327",
      "geometry": {
        "type": "Polygon",
        "coordinates": [
          [
            [
              81743,
              51327
            ],
            [
              83644,
              51327
            ],
            [
              83644,
              53228
            ],
            [
              81743,
              53228
            ],
            [
              81743,
              51327
            ]
          ]
        ]
      },
      "properties": {
        "objectType": "annotation",
        "classification": {
          "name": "background_e",
          "color": [
            255,
            182,
            193
          ]
        },
        "isLocked": false
      }
    },
    {
      "type": "Feature",
      "id": "patch_83644_51327",
      "geometry": {
        "type": "Polygon",
        "coordinates": [
          [
            [
              83644,
              51327
            ],
            [
              85545,
              51327
            ],
            [
              85545,
              53228
            ],
            [
              83644,
              53228
            ],
            [
              83644,
              51327
            ]
          ]
        ]
      },
      "properties": {
        "objectType": "annotation",
        "classification": {
          "name": "background_e",
          "color": [
            255,
            182,
            193
          ]
        },
        "isLocked": false
      }
    },
    {
      "type": "Feature",
      "id": "patch_85545_51327",
      "geometry": {
        "type": "Polygon",
        "coordinates": [
          [
            [
              85545,
              51327
            ],
            [
              87446,
              51327
            ],
            [
              87446,
              53228
            ],
            [
              85545,
              53228
            ],
            [
              85545,
              51327
            ]
          ]
        ]
      },
      "properties": {
        "objectType": "annotation",
        "classification": {
          "name": "background_e",
          "color": [
            255,
            182,
            193
          ]
        },
        "isLocked": false
      }
    },
    {
      "type": "Feature",
      "id": "patch_87446_51327",
      "geometry": {
        "type": "Polygon",
        "coordinates": [
          [
            [
              87446,
              51327
            ],
            [
              89347,
              51327
            ],
            [
              89347,
              53228
            ],
            [
              87446,
              53228
            ],
            [
              87446,
              51327
            ]
          ]
        ]
      },
      "properties": {
        "objectType": "annotation",
        "classification": {
          "name": "background_h",
          "color": [
            0,
            0,
            255
          ]
        },
        "isLocked": false
      }
    },
    {
      "type": "Feature",
      "id": "patch_89347_51327",
      "geometry": {
        "type": "Polygon",
        "coordinates": [
          [
            [
              89347,
              51327
            ],
            [
              91248,
              51327
            ],
            [
              91248,
              53228
            ],
            [
              89347,
              53228
            ],
            [
              89347,
              51327
            ]
          ]
        ]
      },
      "properties": {
        "objectType": "annotation",
        "classification": {
          "name": "background_e",
          "color": [
            255,
            182,
            193
          ]
        },
        "isLocked": false
      }
    },
    {
      "type": "Feature",
      "id": "patch_91248_51327",
      "geometry": {
        "type": "Polygon",
        "coordinates": [
          [
            [
              91248,
              51327
            ],
            [
              93149,
              51327
            ],
            [
              93149,
              53228
            ],
            [
              91248,
              53228
            ],
            [
              91248,
              51327
            ]
          ]
        ]
      },
      "properties": {
        "objectType": "annotation",
        "classification": {
          "name": "background_e",
          "color": [
            255,
            182,
            193
          ]
        },
        "isLocked": false
      }
    },
    {
      "type": "Feature",
      "id": "patch_43723_53228",
      "geometry": {
        "type": "Polygon",
        "coordinates": [
          [
            [
              43723,
              53228
            ],
            [
              45624,
              53228
            ],
            [
              45624,
              55129
            ],
            [
              43723,
              55129
            ],
            [
              43723,
              53228
            ]
          ]
        ]
      },
      "properties": {
        "objectType": "annotation",
        "classification": {
          "name": "background_e",
          "color": [
            255,
            182,
            193
          ]
        },
        "isLocked": false
      }
    },
    {
      "type": "Feature",
      "id": "patch_45624_53228",
      "geometry": {
        "type": "Polygon",
        "coordinates": [
          [
            [
              45624,
              53228
            ],
            [
              47525,
              53228
            ],
            [
              47525,
              55129
            ],
            [
              45624,
              55129
            ],
            [
              45624,
              53228
            ]
          ]
        ]
      },
      "properties": {
        "objectType": "annotation",
        "classification": {
          "name": "background_e",
          "color": [
            255,
            182,
            193
          ]
        },
        "isLocked": false
      }
    },
    {
      "type": "Feature",
      "id": "patch_47525_53228",
      "geometry": {
        "type": "Polygon",
        "coordinates": [
          [
            [
              47525,
              53228
            ],
            [
              49426,
              53228
            ],
            [
              49426,
              55129
            ],
            [
              47525,
              55129
            ],
            [
              47525,
              53228
            ]
          ]
        ]
      },
      "properties": {
        "objectType": "annotation",
        "classification": {
          "name": "background_e",
          "color": [
            255,
            182,
            193
          ]
        },
        "isLocked": false
      }
    },
    {
      "type": "Feature",
      "id": "patch_49426_53228",
      "geometry": {
        "type": "Polygon",
        "coordinates": [
          [
            [
              49426,
              53228
            ],
            [
              51327,
              53228
            ],
            [
              51327,
              55129
            ],
            [
              49426,
              55129
            ],
            [
              49426,
              53228
            ]
          ]
        ]
      },
      "properties": {
        "objectType": "annotation",
        "classification": {
          "name": "background_e",
          "color": [
            255,
            182,
            193
          ]
        },
        "isLocked": false
      }
    },
    {
      "type": "Feature",
      "id": "patch_51327_53228",
      "geometry": {
        "type": "Polygon",
        "coordinates": [
          [
            [
              51327,
              53228
            ],
            [
              53228,
              53228
            ],
            [
              53228,
              55129
            ],
            [
              51327,
              55129
            ],
            [
              51327,
              53228
            ]
          ]
        ]
      },
      "properties": {
        "objectType": "annotation",
        "classification": {
          "name": "background_e",
          "color": [
            255,
            182,
            193
          ]
        },
        "isLocked": false
      }
    },
    {
      "type": "Feature",
      "id": "patch_57030_53228",
      "geometry": {
        "type": "Polygon",
        "coordinates": [
          [
            [
              57030,
              53228
            ],
            [
              58931,
              53228
            ],
            [
              58931,
              55129
            ],
            [
              57030,
              55129
            ],
            [
              57030,
              53228
            ]
          ]
        ]
      },
      "properties": {
        "objectType": "annotation",
        "classification": {
          "name": "background_e",
          "color": [
            255,
            182,
            193
          ]
        },
        "isLocked": false
      }
    },
    {
      "type": "Feature",
      "id": "patch_58931_53228",
      "geometry": {
        "type": "Polygon",
        "coordinates": [
          [
            [
              58931,
              53228
            ],
            [
              60832,
              53228
            ],
            [
              60832,
              55129
            ],
            [
              58931,
              55129
            ],
            [
              58931,
              53228
            ]
          ]
        ]
      },
      "properties": {
        "objectType": "annotation",
        "classification": {
          "name": "background_e",
          "color": [
            255,
            182,
            193
          ]
        },
        "isLocked": false
      }
    },
    {
      "type": "Feature",
      "id": "patch_60832_53228",
      "geometry": {
        "type": "Polygon",
        "coordinates": [
          [
            [
              60832,
              53228
            ],
            [
              62733,
              53228
            ],
            [
              62733,
              55129
            ],
            [
              60832,
              55129
            ],
            [
              60832,
              53228
            ]
          ]
        ]
      },
      "properties": {
        "objectType": "annotation",
        "classification": {
          "name": "background_e",
          "color": [
            255,
            182,
            193
          ]
        },
        "isLocked": false
      }
    },
    {
      "type": "Feature",
      "id": "patch_62733_53228",
      "geometry": {
        "type": "Polygon",
        "coordinates": [
          [
            [
              62733,
              53228
            ],
            [
              64634,
              53228
            ],
            [
              64634,
              55129
            ],
            [
              62733,
              55129
            ],
            [
              62733,
              53228
            ]
          ]
        ]
      },
      "properties": {
        "objectType": "annotation",
        "classification": {
          "name": "background_e",
          "color": [
            255,
            182,
            193
          ]
        },
        "isLocked": false
      }
    },
    {
      "type": "Feature",
      "id": "patch_64634_53228",
      "geometry": {
        "type": "Polygon",
        "coordinates": [
          [
            [
              64634,
              53228
            ],
            [
              66535,
              53228
            ],
            [
              66535,
              55129
            ],
            [
              64634,
              55129
            ],
            [
              64634,
              53228
            ]
          ]
        ]
      },
      "properties": {
        "objectType": "annotation",
        "classification": {
          "name": "background_e",
          "color": [
            255,
            182,
            193
          ]
        },
        "isLocked": false
      }
    },
    {
      "type": "Feature",
      "id": "patch_66535_53228",
      "geometry": {
        "type": "Polygon",
        "coordinates": [
          [
            [
              66535,
              53228
            ],
            [
              68436,
              53228
            ],
            [
              68436,
              55129
            ],
            [
              66535,
              55129
            ],
            [
              66535,
              53228
            ]
          ]
        ]
      },
      "properties": {
        "objectType": "annotation",
        "classification": {
          "name": "background_e",
          "color": [
            255,
            182,
            193
          ]
        },
        "isLocked": false
      }
    },
    {
      "type": "Feature",
      "id": "patch_68436_53228",
      "geometry": {
        "type": "Polygon",
        "coordinates": [
          [
            [
              68436,
              53228
            ],
            [
              70337,
              53228
            ],
            [
              70337,
              55129
            ],
            [
              68436,
              55129
            ],
            [
              68436,
              53228
            ]
          ]
        ]
      },
      "properties": {
        "objectType": "annotation",
        "classification": {
          "name": "background_e",
          "color": [
            255,
            182,
            193
          ]
        },
        "isLocked": false
      }
    },
    {
      "type": "Feature",
      "id": "patch_70337_53228",
      "geometry": {
        "type": "Polygon",
        "coordinates": [
          [
            [
              70337,
              53228
            ],
            [
              72238,
              53228
            ],
            [
              72238,
              55129
            ],
            [
              70337,
              55129
            ],
            [
              70337,
              53228
            ]
          ]
        ]
      },
      "properties": {
        "objectType": "annotation",
        "classification": {
          "name": "background_e",
          "color": [
            255,
            182,
            193
          ]
        },
        "isLocked": false
      }
    },
    {
      "type": "Feature",
      "id": "patch_72238_53228",
      "geometry": {
        "type": "Polygon",
        "coordinates": [
          [
            [
              72238,
              53228
            ],
            [
              74139,
              53228
            ],
            [
              74139,
              55129
            ],
            [
              72238,
              55129
            ],
            [
              72238,
              53228
            ]
          ]
        ]
      },
      "properties": {
        "objectType": "annotation",
        "classification": {
          "name": "background_e",
          "color": [
            255,
            182,
            193
          ]
        },
        "isLocked": false
      }
    },
    {
      "type": "Feature",
      "id": "patch_74139_53228",
      "geometry": {
        "type": "Polygon",
        "coordinates": [
          [
            [
              74139,
              53228
            ],
            [
              76040,
              53228
            ],
            [
              76040,
              55129
            ],
            [
              74139,
              55129
            ],
            [
              74139,
              53228
            ]
          ]
        ]
      },
      "properties": {
        "objectType": "annotation",
        "classification": {
          "name": "background_e",
          "color": [
            255,
            182,
            193
          ]
        },
        "isLocked": false
      }
    },
    {
      "type": "Feature",
      "id": "patch_77941_53228",
      "geometry": {
        "type": "Polygon",
        "coordinates": [
          [
            [
              77941,
              53228
            ],
            [
              79842,
              53228
            ],
            [
              79842,
              55129
            ],
            [
              77941,
              55129
            ],
            [
              77941,
              53228
            ]
          ]
        ]
      },
      "properties": {
        "objectType": "annotation",
        "classification": {
          "name": "vessel_e",
          "color": [
            255,
            0,
            0
          ]
        },
        "isLocked": false
      }
    },
    {
      "type": "Feature",
      "id": "patch_79842_53228",
      "geometry": {
        "type": "Polygon",
        "coordinates": [
          [
            [
              79842,
              53228
            ],
            [
              81743,
              53228
            ],
            [
              81743,
              55129
            ],
            [
              79842,
              55129
            ],
            [
              79842,
              53228
            ]
          ]
        ]
      },
      "properties": {
        "objectType": "annotation",
        "classification": {
          "name": "background_e",
          "color": [
            255,
            182,
            193
          ]
        },
        "isLocked": false
      }
    },
    {
      "type": "Feature",
      "id": "patch_81743_53228",
      "geometry": {
        "type": "Polygon",
        "coordinates": [
          [
            [
              81743,
              53228
            ],
            [
              83644,
              53228
            ],
            [
              83644,
              55129
            ],
            [
              81743,
              55129
            ],
            [
              81743,
              53228
            ]
          ]
        ]
      },
      "properties": {
        "objectType": "annotation",
        "classification": {
          "name": "background_e",
          "color": [
            255,
            182,
            193
          ]
        },
        "isLocked": false
      }
    },
    {
      "type": "Feature",
      "id": "patch_83644_53228",
      "geometry": {
        "type": "Polygon",
        "coordinates": [
          [
            [
              83644,
              53228
            ],
            [
              85545,
              53228
            ],
            [
              85545,
              55129
            ],
            [
              83644,
              55129
            ],
            [
              83644,
              53228
            ]
          ]
        ]
      },
      "properties": {
        "objectType": "annotation",
        "classification": {
          "name": "background_e",
          "color": [
            255,
            182,
            193
          ]
        },
        "isLocked": false
      }
    },
    {
      "type": "Feature",
      "id": "patch_85545_53228",
      "geometry": {
        "type": "Polygon",
        "coordinates": [
          [
            [
              85545,
              53228
            ],
            [
              87446,
              53228
            ],
            [
              87446,
              55129
            ],
            [
              85545,
              55129
            ],
            [
              85545,
              53228
            ]
          ]
        ]
      },
      "properties": {
        "objectType": "annotation",
        "classification": {
          "name": "background_e",
          "color": [
            255,
            182,
            193
          ]
        },
        "isLocked": false
      }
    },
    {
      "type": "Feature",
      "id": "patch_87446_53228",
      "geometry": {
        "type": "Polygon",
        "coordinates": [
          [
            [
              87446,
              53228
            ],
            [
              89347,
              53228
            ],
            [
              89347,
              55129
            ],
            [
              87446,
              55129
            ],
            [
              87446,
              53228
            ]
          ]
        ]
      },
      "properties": {
        "objectType": "annotation",
        "classification": {
          "name": "background_e",
          "color": [
            255,
            182,
            193
          ]
        },
        "isLocked": false
      }
    },
    {
      "type": "Feature",
      "id": "patch_89347_53228",
      "geometry": {
        "type": "Polygon",
        "coordinates": [
          [
            [
              89347,
              53228
            ],
            [
              91248,
              53228
            ],
            [
              91248,
              55129
            ],
            [
              89347,
              55129
            ],
            [
              89347,
              53228
            ]
          ]
        ]
      },
      "properties": {
        "objectType": "annotation",
        "classification": {
          "name": "background_e",
          "color": [
            255,
            182,
            193
          ]
        },
        "isLocked": false
      }
    },
    {
      "type": "Feature",
      "id": "patch_91248_53228",
      "geometry": {
        "type": "Polygon",
        "coordinates": [
          [
            [
              91248,
              53228
            ],
            [
              93149,
              53228
            ],
            [
              93149,
              55129
            ],
            [
              91248,
              55129
            ],
            [
              91248,
              53228
            ]
          ]
        ]
      },
      "properties": {
        "objectType": "annotation",
        "classification": {
          "name": "background_e",
          "color": [
            255,
            182,
            193
          ]
        },
        "isLocked": false
      }
    },
    {
      "type": "Feature",
      "id": "patch_45624_55129",
      "geometry": {
        "type": "Polygon",
        "coordinates": [
          [
            [
              45624,
              55129
            ],
            [
              47525,
              55129
            ],
            [
              47525,
              57030
            ],
            [
              45624,
              57030
            ],
            [
              45624,
              55129
            ]
          ]
        ]
      },
      "properties": {
        "objectType": "annotation",
        "classification": {
          "name": "background_e",
          "color": [
            255,
            182,
            193
          ]
        },
        "isLocked": false
      }
    },
    {
      "type": "Feature",
      "id": "patch_47525_55129",
      "geometry": {
        "type": "Polygon",
        "coordinates": [
          [
            [
              47525,
              55129
            ],
            [
              49426,
              55129
            ],
            [
              49426,
              57030
            ],
            [
              47525,
              57030
            ],
            [
              47525,
              55129
            ]
          ]
        ]
      },
      "properties": {
        "objectType": "annotation",
        "classification": {
          "name": "background_e",
          "color": [
            255,
            182,
            193
          ]
        },
        "isLocked": false
      }
    },
    {
      "type": "Feature",
      "id": "patch_49426_55129",
      "geometry": {
        "type": "Polygon",
        "coordinates": [
          [
            [
              49426,
              55129
            ],
            [
              51327,
              55129
            ],
            [
              51327,
              57030
            ],
            [
              49426,
              57030
            ],
            [
              49426,
              55129
            ]
          ]
        ]
      },
      "properties": {
        "objectType": "annotation",
        "classification": {
          "name": "background_e",
          "color": [
            255,
            182,
            193
          ]
        },
        "isLocked": false
      }
    },
    {
      "type": "Feature",
      "id": "patch_51327_55129",
      "geometry": {
        "type": "Polygon",
        "coordinates": [
          [
            [
              51327,
              55129
            ],
            [
              53228,
              55129
            ],
            [
              53228,
              57030
            ],
            [
              51327,
              57030
            ],
            [
              51327,
              55129
            ]
          ]
        ]
      },
      "properties": {
        "objectType": "annotation",
        "classification": {
          "name": "background_e",
          "color": [
            255,
            182,
            193
          ]
        },
        "isLocked": false
      }
    },
    {
      "type": "Feature",
      "id": "patch_57030_55129",
      "geometry": {
        "type": "Polygon",
        "coordinates": [
          [
            [
              57030,
              55129
            ],
            [
              58931,
              55129
            ],
            [
              58931,
              57030
            ],
            [
              57030,
              57030
            ],
            [
              57030,
              55129
            ]
          ]
        ]
      },
      "properties": {
        "objectType": "annotation",
        "classification": {
          "name": "background_e",
          "color": [
            255,
            182,
            193
          ]
        },
        "isLocked": false
      }
    },
    {
      "type": "Feature",
      "id": "patch_58931_55129",
      "geometry": {
        "type": "Polygon",
        "coordinates": [
          [
            [
              58931,
              55129
            ],
            [
              60832,
              55129
            ],
            [
              60832,
              57030
            ],
            [
              58931,
              57030
            ],
            [
              58931,
              55129
            ]
          ]
        ]
      },
      "properties": {
        "objectType": "annotation",
        "classification": {
          "name": "background_e",
          "color": [
            255,
            182,
            193
          ]
        },
        "isLocked": false
      }
    },
    {
      "type": "Feature",
      "id": "patch_60832_55129",
      "geometry": {
        "type": "Polygon",
        "coordinates": [
          [
            [
              60832,
              55129
            ],
            [
              62733,
              55129
            ],
            [
              62733,
              57030
            ],
            [
              60832,
              57030
            ],
            [
              60832,
              55129
            ]
          ]
        ]
      },
      "properties": {
        "objectType": "annotation",
        "classification": {
          "name": "background_e",
          "color": [
            255,
            182,
            193
          ]
        },
        "isLocked": false
      }
    },
    {
      "type": "Feature",
      "id": "patch_62733_55129",
      "geometry": {
        "type": "Polygon",
        "coordinates": [
          [
            [
              62733,
              55129
            ],
            [
              64634,
              55129
            ],
            [
              64634,
              57030
            ],
            [
              62733,
              57030
            ],
            [
              62733,
              55129
            ]
          ]
        ]
      },
      "properties": {
        "objectType": "annotation",
        "classification": {
          "name": "background_e",
          "color": [
            255,
            182,
            193
          ]
        },
        "isLocked": false
      }
    },
    {
      "type": "Feature",
      "id": "patch_64634_55129",
      "geometry": {
        "type": "Polygon",
        "coordinates": [
          [
            [
              64634,
              55129
            ],
            [
              66535,
              55129
            ],
            [
              66535,
              57030
            ],
            [
              64634,
              57030
            ],
            [
              64634,
              55129
            ]
          ]
        ]
      },
      "properties": {
        "objectType": "annotation",
        "classification": {
          "name": "background_e",
          "color": [
            255,
            182,
            193
          ]
        },
        "isLocked": false
      }
    },
    {
      "type": "Feature",
      "id": "patch_66535_55129",
      "geometry": {
        "type": "Polygon",
        "coordinates": [
          [
            [
              66535,
              55129
            ],
            [
              68436,
              55129
            ],
            [
              68436,
              57030
            ],
            [
              66535,
              57030
            ],
            [
              66535,
              55129
            ]
          ]
        ]
      },
      "properties": {
        "objectType": "annotation",
        "classification": {
          "name": "background_e",
          "color": [
            255,
            182,
            193
          ]
        },
        "isLocked": false
      }
    },
    {
      "type": "Feature",
      "id": "patch_68436_55129",
      "geometry": {
        "type": "Polygon",
        "coordinates": [
          [
            [
              68436,
              55129
            ],
            [
              70337,
              55129
            ],
            [
              70337,
              57030
            ],
            [
              68436,
              57030
            ],
            [
              68436,
              55129
            ]
          ]
        ]
      },
      "properties": {
        "objectType": "annotation",
        "classification": {
          "name": "background_e",
          "color": [
            255,
            182,
            193
          ]
        },
        "isLocked": false
      }
    },
    {
      "type": "Feature",
      "id": "patch_70337_55129",
      "geometry": {
        "type": "Polygon",
        "coordinates": [
          [
            [
              70337,
              55129
            ],
            [
              72238,
              55129
            ],
            [
              72238,
              57030
            ],
            [
              70337,
              57030
            ],
            [
              70337,
              55129
            ]
          ]
        ]
      },
      "properties": {
        "objectType": "annotation",
        "classification": {
          "name": "background_e",
          "color": [
            255,
            182,
            193
          ]
        },
        "isLocked": false
      }
    },
    {
      "type": "Feature",
      "id": "patch_72238_55129",
      "geometry": {
        "type": "Polygon",
        "coordinates": [
          [
            [
              72238,
              55129
            ],
            [
              74139,
              55129
            ],
            [
              74139,
              57030
            ],
            [
              72238,
              57030
            ],
            [
              72238,
              55129
            ]
          ]
        ]
      },
      "properties": {
        "objectType": "annotation",
        "classification": {
          "name": "background_e",
          "color": [
            255,
            182,
            193
          ]
        },
        "isLocked": false
      }
    },
    {
      "type": "Feature",
      "id": "patch_77941_55129",
      "geometry": {
        "type": "Polygon",
        "coordinates": [
          [
            [
              77941,
              55129
            ],
            [
              79842,
              55129
            ],
            [
              79842,
              57030
            ],
            [
              77941,
              57030
            ],
            [
              77941,
              55129
            ]
          ]
        ]
      },
      "properties": {
        "objectType": "annotation",
        "classification": {
          "name": "background_e",
          "color": [
            255,
            182,
            193
          ]
        },
        "isLocked": false
      }
    },
    {
      "type": "Feature",
      "id": "patch_79842_55129",
      "geometry": {
        "type": "Polygon",
        "coordinates": [
          [
            [
              79842,
              55129
            ],
            [
              81743,
              55129
            ],
            [
              81743,
              57030
            ],
            [
              79842,
              57030
            ],
            [
              79842,
              55129
            ]
          ]
        ]
      },
      "properties": {
        "objectType": "annotation",
        "classification": {
          "name": "background_e",
          "color": [
            255,
            182,
            193
          ]
        },
        "isLocked": false
      }
    },
    {
      "type": "Feature",
      "id": "patch_81743_55129",
      "geometry": {
        "type": "Polygon",
        "coordinates": [
          [
            [
              81743,
              55129
            ],
            [
              83644,
              55129
            ],
            [
              83644,
              57030
            ],
            [
              81743,
              57030
            ],
            [
              81743,
              55129
            ]
          ]
        ]
      },
      "properties": {
        "objectType": "annotation",
        "classification": {
          "name": "background_e",
          "color": [
            255,
            182,
            193
          ]
        },
        "isLocked": false
      }
    },
    {
      "type": "Feature",
      "id": "patch_83644_55129",
      "geometry": {
        "type": "Polygon",
        "coordinates": [
          [
            [
              83644,
              55129
            ],
            [
              85545,
              55129
            ],
            [
              85545,
              57030
            ],
            [
              83644,
              57030
            ],
            [
              83644,
              55129
            ]
          ]
        ]
      },
      "properties": {
        "objectType": "annotation",
        "classification": {
          "name": "background_e",
          "color": [
            255,
            182,
            193
          ]
        },
        "isLocked": false
      }
    },
    {
      "type": "Feature",
      "id": "patch_85545_55129",
      "geometry": {
        "type": "Polygon",
        "coordinates": [
          [
            [
              85545,
              55129
            ],
            [
              87446,
              55129
            ],
            [
              87446,
              57030
            ],
            [
              85545,
              57030
            ],
            [
              85545,
              55129
            ]
          ]
        ]
      },
      "properties": {
        "objectType": "annotation",
        "classification": {
          "name": "background_e",
          "color": [
            255,
            182,
            193
          ]
        },
        "isLocked": false
      }
    },
    {
      "type": "Feature",
      "id": "patch_87446_55129",
      "geometry": {
        "type": "Polygon",
        "coordinates": [
          [
            [
              87446,
              55129
            ],
            [
              89347,
              55129
            ],
            [
              89347,
              57030
            ],
            [
              87446,
              57030
            ],
            [
              87446,
              55129
            ]
          ]
        ]
      },
      "properties": {
        "objectType": "annotation",
        "classification": {
          "name": "background_e",
          "color": [
            255,
            182,
            193
          ]
        },
        "isLocked": false
      }
    },
    {
      "type": "Feature",
      "id": "patch_89347_55129",
      "geometry": {
        "type": "Polygon",
        "coordinates": [
          [
            [
              89347,
              55129
            ],
            [
              91248,
              55129
            ],
            [
              91248,
              57030
            ],
            [
              89347,
              57030
            ],
            [
              89347,
              55129
            ]
          ]
        ]
      },
      "properties": {
        "objectType": "annotation",
        "classification": {
          "name": "background_e",
          "color": [
            255,
            182,
            193
          ]
        },
        "isLocked": false
      }
    },
    {
      "type": "Feature",
      "id": "patch_91248_55129",
      "geometry": {
        "type": "Polygon",
        "coordinates": [
          [
            [
              91248,
              55129
            ],
            [
              93149,
              55129
            ],
            [
              93149,
              57030
            ],
            [
              91248,
              57030
            ],
            [
              91248,
              55129
            ]
          ]
        ]
      },
      "properties": {
        "objectType": "annotation",
        "classification": {
          "name": "background_e",
          "color": [
            255,
            182,
            193
          ]
        },
        "isLocked": false
      }
    },
    {
      "type": "Feature",
      "id": "patch_55129_57030",
      "geometry": {
        "type": "Polygon",
        "coordinates": [
          [
            [
              55129,
              57030
            ],
            [
              57030,
              57030
            ],
            [
              57030,
              58931
            ],
            [
              55129,
              58931
            ],
            [
              55129,
              57030
            ]
          ]
        ]
      },
      "properties": {
        "objectType": "annotation",
        "classification": {
          "name": "white",
          "color": [
            200,
            200,
            200
          ]
        },
        "isLocked": false
      }
    },
    {
      "type": "Feature",
      "id": "patch_58931_57030",
      "geometry": {
        "type": "Polygon",
        "coordinates": [
          [
            [
              58931,
              57030
            ],
            [
              60832,
              57030
            ],
            [
              60832,
              58931
            ],
            [
              58931,
              58931
            ],
            [
              58931,
              57030
            ]
          ]
        ]
      },
      "properties": {
        "objectType": "annotation",
        "classification": {
          "name": "background_e",
          "color": [
            255,
            182,
            193
          ]
        },
        "isLocked": false
      }
    },
    {
      "type": "Feature",
      "id": "patch_60832_57030",
      "geometry": {
        "type": "Polygon",
        "coordinates": [
          [
            [
              60832,
              57030
            ],
            [
              62733,
              57030
            ],
            [
              62733,
              58931
            ],
            [
              60832,
              58931
            ],
            [
              60832,
              57030
            ]
          ]
        ]
      },
      "properties": {
        "objectType": "annotation",
        "classification": {
          "name": "background_e",
          "color": [
            255,
            182,
            193
          ]
        },
        "isLocked": false
      }
    },
    {
      "type": "Feature",
      "id": "patch_62733_57030",
      "geometry": {
        "type": "Polygon",
        "coordinates": [
          [
            [
              62733,
              57030
            ],
            [
              64634,
              57030
            ],
            [
              64634,
              58931
            ],
            [
              62733,
              58931
            ],
            [
              62733,
              57030
            ]
          ]
        ]
      },
      "properties": {
        "objectType": "annotation",
        "classification": {
          "name": "vessel_e",
          "color": [
            255,
            0,
            0
          ]
        },
        "isLocked": false
      }
    },
    {
      "type": "Feature",
      "id": "patch_64634_57030",
      "geometry": {
        "type": "Polygon",
        "coordinates": [
          [
            [
              64634,
              57030
            ],
            [
              66535,
              57030
            ],
            [
              66535,
              58931
            ],
            [
              64634,
              58931
            ],
            [
              64634,
              57030
            ]
          ]
        ]
      },
      "properties": {
        "objectType": "annotation",
        "classification": {
          "name": "background_e",
          "color": [
            255,
            182,
            193
          ]
        },
        "isLocked": false
      }
    },
    {
      "type": "Feature",
      "id": "patch_66535_57030",
      "geometry": {
        "type": "Polygon",
        "coordinates": [
          [
            [
              66535,
              57030
            ],
            [
              68436,
              57030
            ],
            [
              68436,
              58931
            ],
            [
              66535,
              58931
            ],
            [
              66535,
              57030
            ]
          ]
        ]
      },
      "properties": {
        "objectType": "annotation",
        "classification": {
          "name": "background_e",
          "color": [
            255,
            182,
            193
          ]
        },
        "isLocked": false
      }
    },
    {
      "type": "Feature",
      "id": "patch_68436_57030",
      "geometry": {
        "type": "Polygon",
        "coordinates": [
          [
            [
              68436,
              57030
            ],
            [
              70337,
              57030
            ],
            [
              70337,
              58931
            ],
            [
              68436,
              58931
            ],
            [
              68436,
              57030
            ]
          ]
        ]
      },
      "properties": {
        "objectType": "annotation",
        "classification": {
          "name": "background_e",
          "color": [
            255,
            182,
            193
          ]
        },
        "isLocked": false
      }
    },
    {
      "type": "Feature",
      "id": "patch_70337_57030",
      "geometry": {
        "type": "Polygon",
        "coordinates": [
          [
            [
              70337,
              57030
            ],
            [
              72238,
              57030
            ],
            [
              72238,
              58931
            ],
            [
              70337,
              58931
            ],
            [
              70337,
              57030
            ]
          ]
        ]
      },
      "properties": {
        "objectType": "annotation",
        "classification": {
          "name": "background_e",
          "color": [
            255,
            182,
            193
          ]
        },
        "isLocked": false
      }
    },
    {
      "type": "Feature",
      "id": "patch_77941_57030",
      "geometry": {
        "type": "Polygon",
        "coordinates": [
          [
            [
              77941,
              57030
            ],
            [
              79842,
              57030
            ],
            [
              79842,
              58931
            ],
            [
              77941,
              58931
            ],
            [
              77941,
              57030
            ]
          ]
        ]
      },
      "properties": {
        "objectType": "annotation",
        "classification": {
          "name": "white",
          "color": [
            200,
            200,
            200
          ]
        },
        "isLocked": false
      }
    },
    {
      "type": "Feature",
      "id": "patch_79842_57030",
      "geometry": {
        "type": "Polygon",
        "coordinates": [
          [
            [
              79842,
              57030
            ],
            [
              81743,
              57030
            ],
            [
              81743,
              58931
            ],
            [
              79842,
              58931
            ],
            [
              79842,
              57030
            ]
          ]
        ]
      },
      "properties": {
        "objectType": "annotation",
        "classification": {
          "name": "background_e",
          "color": [
            255,
            182,
            193
          ]
        },
        "isLocked": false
      }
    },
    {
      "type": "Feature",
      "id": "patch_81743_57030",
      "geometry": {
        "type": "Polygon",
        "coordinates": [
          [
            [
              81743,
              57030
            ],
            [
              83644,
              57030
            ],
            [
              83644,
              58931
            ],
            [
              81743,
              58931
            ],
            [
              81743,
              57030
            ]
          ]
        ]
      },
      "properties": {
        "objectType": "annotation",
        "classification": {
          "name": "background_e",
          "color": [
            255,
            182,
            193
          ]
        },
        "isLocked": false
      }
    },
    {
      "type": "Feature",
      "id": "patch_83644_57030",
      "geometry": {
        "type": "Polygon",
        "coordinates": [
          [
            [
              83644,
              57030
            ],
            [
              85545,
              57030
            ],
            [
              85545,
              58931
            ],
            [
              83644,
              58931
            ],
            [
              83644,
              57030
            ]
          ]
        ]
      },
      "properties": {
        "objectType": "annotation",
        "classification": {
          "name": "background_e",
          "color": [
            255,
            182,
            193
          ]
        },
        "isLocked": false
      }
    },
    {
      "type": "Feature",
      "id": "patch_85545_57030",
      "geometry": {
        "type": "Polygon",
        "coordinates": [
          [
            [
              85545,
              57030
            ],
            [
              87446,
              57030
            ],
            [
              87446,
              58931
            ],
            [
              85545,
              58931
            ],
            [
              85545,
              57030
            ]
          ]
        ]
      },
      "properties": {
        "objectType": "annotation",
        "classification": {
          "name": "background_e",
          "color": [
            255,
            182,
            193
          ]
        },
        "isLocked": false
      }
    },
    {
      "type": "Feature",
      "id": "patch_87446_57030",
      "geometry": {
        "type": "Polygon",
        "coordinates": [
          [
            [
              87446,
              57030
            ],
            [
              89347,
              57030
            ],
            [
              89347,
              58931
            ],
            [
              87446,
              58931
            ],
            [
              87446,
              57030
            ]
          ]
        ]
      },
      "properties": {
        "objectType": "annotation",
        "classification": {
          "name": "background_e",
          "color": [
            255,
            182,
            193
          ]
        },
        "isLocked": false
      }
    },
    {
      "type": "Feature",
      "id": "patch_89347_57030",
      "geometry": {
        "type": "Polygon",
        "coordinates": [
          [
            [
              89347,
              57030
            ],
            [
              91248,
              57030
            ],
            [
              91248,
              58931
            ],
            [
              89347,
              58931
            ],
            [
              89347,
              57030
            ]
          ]
        ]
      },
      "properties": {
        "objectType": "annotation",
        "classification": {
          "name": "background_e",
          "color": [
            255,
            182,
            193
          ]
        },
        "isLocked": false
      }
    },
    {
      "type": "Feature",
      "id": "patch_58931_58931",
      "geometry": {
        "type": "Polygon",
        "coordinates": [
          [
            [
              58931,
              58931
            ],
            [
              60832,
              58931
            ],
            [
              60832,
              60832
            ],
            [
              58931,
              60832
            ],
            [
              58931,
              58931
            ]
          ]
        ]
      },
      "properties": {
        "objectType": "annotation",
        "classification": {
          "name": "background_e",
          "color": [
            255,
            182,
            193
          ]
        },
        "isLocked": false
      }
    },
    {
      "type": "Feature",
      "id": "patch_60832_58931",
      "geometry": {
        "type": "Polygon",
        "coordinates": [
          [
            [
              60832,
              58931
            ],
            [
              62733,
              58931
            ],
            [
              62733,
              60832
            ],
            [
              60832,
              60832
            ],
            [
              60832,
              58931
            ]
          ]
        ]
      },
      "properties": {
        "objectType": "annotation",
        "classification": {
          "name": "background_e",
          "color": [
            255,
            182,
            193
          ]
        },
        "isLocked": false
      }
    },
    {
      "type": "Feature",
      "id": "patch_62733_58931",
      "geometry": {
        "type": "Polygon",
        "coordinates": [
          [
            [
              62733,
              58931
            ],
            [
              64634,
              58931
            ],
            [
              64634,
              60832
            ],
            [
              62733,
              60832
            ],
            [
              62733,
              58931
            ]
          ]
        ]
      },
      "properties": {
        "objectType": "annotation",
        "classification": {
          "name": "background_e",
          "color": [
            255,
            182,
            193
          ]
        },
        "isLocked": false
      }
    },
    {
      "type": "Feature",
      "id": "patch_64634_58931",
      "geometry": {
        "type": "Polygon",
        "coordinates": [
          [
            [
              64634,
              58931
            ],
            [
              66535,
              58931
            ],
            [
              66535,
              60832
            ],
            [
              64634,
              60832
            ],
            [
              64634,
              58931
            ]
          ]
        ]
      },
      "properties": {
        "objectType": "annotation",
        "classification": {
          "name": "background_e",
          "color": [
            255,
            182,
            193
          ]
        },
        "isLocked": false
      }
    },
    {
      "type": "Feature",
      "id": "patch_66535_58931",
      "geometry": {
        "type": "Polygon",
        "coordinates": [
          [
            [
              66535,
              58931
            ],
            [
              68436,
              58931
            ],
            [
              68436,
              60832
            ],
            [
              66535,
              60832
            ],
            [
              66535,
              58931
            ]
          ]
        ]
      },
      "properties": {
        "objectType": "annotation",
        "classification": {
          "name": "background_e",
          "color": [
            255,
            182,
            193
          ]
        },
        "isLocked": false
      }
    },
    {
      "type": "Feature",
      "id": "patch_79842_58931",
      "geometry": {
        "type": "Polygon",
        "coordinates": [
          [
            [
              79842,
              58931
            ],
            [
              81743,
              58931
            ],
            [
              81743,
              60832
            ],
            [
              79842,
              60832
            ],
            [
              79842,
              58931
            ]
          ]
        ]
      },
      "properties": {
        "objectType": "annotation",
        "classification": {
          "name": "background_e",
          "color": [
            255,
            182,
            193
          ]
        },
        "isLocked": false
      }
    },
    {
      "type": "Feature",
      "id": "patch_81743_58931",
      "geometry": {
        "type": "Polygon",
        "coordinates": [
          [
            [
              81743,
              58931
            ],
            [
              83644,
              58931
            ],
            [
              83644,
              60832
            ],
            [
              81743,
              60832
            ],
            [
              81743,
              58931
            ]
          ]
        ]
      },
      "properties": {
        "objectType": "annotation",
        "classification": {
          "name": "background_e",
          "color": [
            255,
            182,
            193
          ]
        },
        "isLocked": false
      }
    },
    {
      "type": "Feature",
      "id": "patch_83644_58931",
      "geometry": {
        "type": "Polygon",
        "coordinates": [
          [
            [
              83644,
              58931
            ],
            [
              85545,
              58931
            ],
            [
              85545,
              60832
            ],
            [
              83644,
              60832
            ],
            [
              83644,
              58931
            ]
          ]
        ]
      },
      "properties": {
        "objectType": "annotation",
        "classification": {
          "name": "background_e",
          "color": [
            255,
            182,
            193
          ]
        },
        "isLocked": false
      }
    },
    {
      "type": "Feature",
      "id": "patch_85545_58931",
      "geometry": {
        "type": "Polygon",
        "coordinates": [
          [
            [
              85545,
              58931
            ],
            [
              87446,
              58931
            ],
            [
              87446,
              60832
            ],
            [
              85545,
              60832
            ],
            [
              85545,
              58931
            ]
          ]
        ]
      },
      "properties": {
        "objectType": "annotation",
        "classification": {
          "name": "background_e",
          "color": [
            255,
            182,
            193
          ]
        },
        "isLocked": false
      }
    },
    {
      "type": "Feature",
      "id": "patch_87446_58931",
      "geometry": {
        "type": "Polygon",
        "coordinates": [
          [
            [
              87446,
              58931
            ],
            [
              89347,
              58931
            ],
            [
              89347,
              60832
            ],
            [
              87446,
              60832
            ],
            [
              87446,
              58931
            ]
          ]
        ]
      },
      "properties": {
        "objectType": "annotation",
        "classification": {
          "name": "background_e",
          "color": [
            255,
            182,
            193
          ]
        },
        "isLocked": false
      }
    },
    {
      "type": "Feature",
      "id": "patch_89347_58931",
      "geometry": {
        "type": "Polygon",
        "coordinates": [
          [
            [
              89347,
              58931
            ],
            [
              91248,
              58931
            ],
            [
              91248,
              60832
            ],
            [
              89347,
              60832
            ],
            [
              89347,
              58931
            ]
          ]
        ]
      },
      "properties": {
        "objectType": "annotation",
        "classification": {
          "name": "background_e",
          "color": [
            255,
            182,
            193
          ]
        },
        "isLocked": false
      }
    },
    {
      "type": "Feature",
      "id": "patch_91248_58931",
      "geometry": {
        "type": "Polygon",
        "coordinates": [
          [
            [
              91248,
              58931
            ],
            [
              93149,
              58931
            ],
            [
              93149,
              60832
            ],
            [
              91248,
              60832
            ],
            [
              91248,
              58931
            ]
          ]
        ]
      },
      "properties": {
        "objectType": "annotation",
        "classification": {
          "name": "background_e",
          "color": [
            255,
            182,
            193
          ]
        },
        "isLocked": false
      }
    },
    {
      "type": "Feature",
      "id": "patch_57030_60832",
      "geometry": {
        "type": "Polygon",
        "coordinates": [
          [
            [
              57030,
              60832
            ],
            [
              58931,
              60832
            ],
            [
              58931,
              62733
            ],
            [
              57030,
              62733
            ],
            [
              57030,
              60832
            ]
          ]
        ]
      },
      "properties": {
        "objectType": "annotation",
        "classification": {
          "name": "white",
          "color": [
            200,
            200,
            200
          ]
        },
        "isLocked": false
      }
    },
    {
      "type": "Feature",
      "id": "patch_83644_60832",
      "geometry": {
        "type": "Polygon",
        "coordinates": [
          [
            [
              83644,
              60832
            ],
            [
              85545,
              60832
            ],
            [
              85545,
              62733
            ],
            [
              83644,
              62733
            ],
            [
              83644,
              60832
            ]
          ]
        ]
      },
      "properties": {
        "objectType": "annotation",
        "classification": {
          "name": "background_e",
          "color": [
            255,
            182,
            193
          ]
        },
        "isLocked": false
      }
    },
    {
      "type": "Feature",
      "id": "patch_85545_60832",
      "geometry": {
        "type": "Polygon",
        "coordinates": [
          [
            [
              85545,
              60832
            ],
            [
              87446,
              60832
            ],
            [
              87446,
              62733
            ],
            [
              85545,
              62733
            ],
            [
              85545,
              60832
            ]
          ]
        ]
      },
      "properties": {
        "objectType": "annotation",
        "classification": {
          "name": "background_e",
          "color": [
            255,
            182,
            193
          ]
        },
        "isLocked": false
      }
    },
    {
      "type": "Feature",
      "id": "patch_87446_60832",
      "geometry": {
        "type": "Polygon",
        "coordinates": [
          [
            [
              87446,
              60832
            ],
            [
              89347,
              60832
            ],
            [
              89347,
              62733
            ],
            [
              87446,
              62733
            ],
            [
              87446,
              60832
            ]
          ]
        ]
      },
      "properties": {
        "objectType": "annotation",
        "classification": {
          "name": "background_e",
          "color": [
            255,
            182,
            193
          ]
        },
        "isLocked": false
      }
    },
    {
      "type": "Feature",
      "id": "patch_89347_60832",
      "geometry": {
        "type": "Polygon",
        "coordinates": [
          [
            [
              89347,
              60832
            ],
            [
              91248,
              60832
            ],
            [
              91248,
              62733
            ],
            [
              89347,
              62733
            ],
            [
              89347,
              60832
            ]
          ]
        ]
      },
      "properties": {
        "objectType": "annotation",
        "classification": {
          "name": "background_e",
          "color": [
            255,
            182,
            193
          ]
        },
        "isLocked": false
      }
    },
    {
      "type": "Feature",
      "id": "patch_91248_60832",
      "geometry": {
        "type": "Polygon",
        "coordinates": [
          [
            [
              91248,
              60832
            ],
            [
              93149,
              60832
            ],
            [
              93149,
              62733
            ],
            [
              91248,
              62733
            ],
            [
              91248,
              60832
            ]
          ]
        ]
      },
      "properties": {
        "objectType": "annotation",
        "classification": {
          "name": "background_e",
          "color": [
            255,
            182,
            193
          ]
        },
        "isLocked": false
      }
    },
    {
      "type": "Feature",
      "id": "patch_81743_72238",
      "geometry": {
        "type": "Polygon",
        "coordinates": [
          [
            [
              81743,
              72238
            ],
            [
              83644,
              72238
            ],
            [
              83644,
              74139
            ],
            [
              81743,
              74139
            ],
            [
              81743,
              72238
            ]
          ]
        ]
      },
      "properties": {
        "objectType": "annotation",
        "classification": {
          "name": "white",
          "color": [
            200,
            200,
            200
          ]
        },
        "isLocked": false
      }
    },
    {
      "type": "Feature",
      "id": "patch_32317_74139",
      "geometry": {
        "type": "Polygon",
        "coordinates": [
          [
            [
              32317,
              74139
            ],
            [
              34218,
              74139
            ],
            [
              34218,
              76040
            ],
            [
              32317,
              76040
            ],
            [
              32317,
              74139
            ]
          ]
        ]
      },
      "properties": {
        "objectType": "annotation",
        "classification": {
          "name": "white",
          "color": [
            200,
            200,
            200
          ]
        },
        "isLocked": false
      }
    }
  ]
}