{
  "type": "FeatureCollection",
  "features": [
    {
      "type": "Feature",
      "id": "patch_24739_13321",
      "geometry": {
        "type": "Polygon",
        "coordinates": [
          [
            [
              24739,
              13321
            ],
            [
              26642,
              13321
            ],
            [
              26642,
              15224
            ],
            [
              24739,
              15224
            ],
            [
              24739,
              13321
            ]
          ]
        ]
      },
      "properties": {
        "objectType": "annotation",
        "classification": {
          "name": "background_e",
          "color": [
            255,
            182,
            193
          ]
        },
        "isLocked": false
      }
    },
    {
      "type": "Feature",
      "id": "patch_26642_13321",
      "geometry": {
        "type": "Polygon",
        "coordinates": [
          [
            [
              26642,
              13321
            ],
            [
              28545,
              13321
            ],
            [
              28545,
              15224
            ],
            [
              26642,
              15224
            ],
            [
              26642,
              13321
            ]
          ]
        ]
      },
      "properties": {
        "objectType": "annotation",
        "classification": {
          "name": "background_e",
          "color": [
            255,
            182,
            193
          ]
        },
        "isLocked": false
      }
    },
    {
      "type": "Feature",
      "id": "patch_28545_13321",
      "geometry": {
        "type": "Polygon",
        "coordinates": [
          [
            [
              28545,
              13321
            ],
            [
              30448,
              13321
            ],
            [
              30448,
              15224
            ],
            [
              28545,
              15224
            ],
            [
              28545,
              13321
            ]
          ]
        ]
      },
      "properties": {
        "objectType": "annotation",
        "classification": {
          "name": "background_e",
          "color": [
            255,
            182,
            193
          ]
        },
        "isLocked": false
      }
    },
    {
      "type": "Feature",
      "id": "patch_30448_13321",
      "geometry": {
        "type": "Polygon",
        "coordinates": [
          [
            [
              30448,
              13321
            ],
            [
              32351,
              13321
            ],
            [
              32351,
              15224
            ],
            [
              30448,
              15224
            ],
            [
              30448,
              13321
            ]
          ]
        ]
      },
      "properties": {
        "objectType": "annotation",
        "classification": {
          "name": "background_e",
          "color": [
            255,
            182,
            193
          ]
        },
        "isLocked": false
      }
    },
    {
      "type": "Feature",
      "id": "patch_32351_13321",
      "geometry": {
        "type": "Polygon",
        "coordinates": [
          [
            [
              32351,
              13321
            ],
            [
              34254,
              13321
            ],
            [
              34254,
              15224
            ],
            [
              32351,
              15224
            ],
            [
              32351,
              13321
            ]
          ]
        ]
      },
      "properties": {
        "objectType": "annotation",
        "classification": {
          "name": "background_e",
          "color": [
            255,
            182,
            193
          ]
        },
        "isLocked": false
      }
    },
    {
      "type": "Feature",
      "id": "patch_34254_13321",
      "geometry": {
        "type": "Polygon",
        "coordinates": [
          [
            [
              34254,
              13321
            ],
            [
              36157,
              13321
            ],
            [
              36157,
              15224
            ],
            [
              34254,
              15224
            ],
            [
              34254,
              13321
            ]
          ]
        ]
      },
      "properties": {
        "objectType": "annotation",
        "classification": {
          "name": "background_e",
          "color": [
            255,
            182,
            193
          ]
        },
        "isLocked": false
      }
    },
    {
      "type": "Feature",
      "id": "patch_20933_15224",
      "geometry": {
        "type": "Polygon",
        "coordinates": [
          [
            [
              20933,
              15224
            ],
            [
              22836,
              15224
            ],
            [
              22836,
              17127
            ],
            [
              20933,
              17127
            ],
            [
              20933,
              15224
            ]
          ]
        ]
      },
      "properties": {
        "objectType": "annotation",
        "classification": {
          "name": "background_h",
          "color": [
            0,
            0,
            255
          ]
        },
        "isLocked": false
      }
    },
    {
      "type": "Feature",
      "id": "patch_22836_15224",
      "geometry": {
        "type": "Polygon",
        "coordinates": [
          [
            [
              22836,
              15224
            ],
            [
              24739,
              15224
            ],
            [
              24739,
              17127
            ],
            [
              22836,
              17127
            ],
            [
              22836,
              15224
            ]
          ]
        ]
      },
      "properties": {
        "objectType": "annotation",
        "classification": {
          "name": "background_e",
          "color": [
            255,
            182,
            193
          ]
        },
        "isLocked": false
      }
    },
    {
      "type": "Feature",
      "id": "patch_24739_15224",
      "geometry": {
        "type": "Polygon",
        "coordinates": [
          [
            [
              24739,
              15224
            ],
            [
              26642,
              15224
            ],
            [
              26642,
              17127
            ],
            [
              24739,
              17127
            ],
            [
              24739,
              15224
            ]
          ]
        ]
      },
      "properties": {
        "objectType": "annotation",
        "classification": {
          "name": "background_e",
          "color": [
            255,
            182,
            193
          ]
        },
        "isLocked": false
      }
    },
    {
      "type": "Feature",
      "id": "patch_26642_15224",
      "geometry": {
        "type": "Polygon",
        "coordinates": [
          [
            [
              26642,
              15224
            ],
            [
              28545,
              15224
            ],
            [
              28545,
              17127
            ],
            [
              26642,
              17127
            ],
            [
              26642,
              15224
            ]
          ]
        ]
      },
      "properties": {
        "objectType": "annotation",
        "classification": {
          "name": "background_e",
          "color": [
            255,
            182,
            193
          ]
        },
        "isLocked": false
      }
    },
    {
      "type": "Feature",
      "id": "patch_28545_15224",
      "geometry": {
        "type": "Polygon",
        "coordinates": [
          [
            [
              28545,
              15224
            ],
            [
              30448,
              15224
            ],
            [
              30448,
              17127
            ],
            [
              28545,
              17127
            ],
            [
              28545,
              15224
            ]
          ]
        ]
      },
      "properties": {
        "objectType": "annotation",
        "classification": {
          "name": "background_e",
          "color": [
            255,
            182,
            193
          ]
        },
        "isLocked": false
      }
    },
    {
      "type": "Feature",
      "id": "patch_30448_15224",
      "geometry": {
        "type": "Polygon",
        "coordinates": [
          [
            [
              30448,
              15224
            ],
            [
              32351,
              15224
            ],
            [
              32351,
              17127
            ],
            [
              30448,
              17127
            ],
            [
              30448,
              15224
            ]
          ]
        ]
      },
      "properties": {
        "objectType": "annotation",
        "classification": {
          "name": "vessel_e",
          "color": [
            255,
            0,
            0
          ]
        },
        "isLocked": false
      }
    },
    {
      "type": "Feature",
      "id": "patch_32351_15224",
      "geometry": {
        "type": "Polygon",
        "coordinates": [
          [
            [
              32351,
              15224
            ],
            [
              34254,
              15224
            ],
            [
              34254,
              17127
            ],
            [
              32351,
              17127
            ],
            [
              32351,
              15224
            ]
          ]
        ]
      },
      "properties": {
        "objectType": "annotation",
        "classification": {
          "name": "vessel_e",
          "color": [
            255,
            0,
            0
          ]
        },
        "isLocked": false
      }
    },
    {
      "type": "Feature",
      "id": "patch_34254_15224",
      "geometry": {
        "type": "Polygon",
        "coordinates": [
          [
            [
              34254,
              15224
            ],
            [
              36157,
              15224
            ],
            [
              36157,
              17127
            ],
            [
              34254,
              17127
            ],
            [
              34254,
              15224
            ]
          ]
        ]
      },
      "properties": {
        "objectType": "annotation",
        "classification": {
          "name": "background_e",
          "color": [
            255,
            182,
            193
          ]
        },
        "isLocked": false
      }
    },
    {
      "type": "Feature",
      "id": "patch_36157_15224",
      "geometry": {
        "type": "Polygon",
        "coordinates": [
          [
            [
              36157,
              15224
            ],
            [
              38060,
              15224
            ],
            [
              38060,
              17127
            ],
            [
              36157,
              17127
            ],
            [
              36157,
              15224
            ]
          ]
        ]
      },
      "properties": {
        "objectType": "annotation",
        "classification": {
          "name": "background_e",
          "color": [
            255,
            182,
            193
          ]
        },
        "isLocked": false
      }
    },
    {
      "type": "Feature",
      "id": "patch_38060_15224",
      "geometry": {
        "type": "Polygon",
        "coordinates": [
          [
            [
              38060,
              15224
            ],
            [
              39963,
              15224
            ],
            [
              39963,
              17127
            ],
            [
              38060,
              17127
            ],
            [
              38060,
              15224
            ]
          ]
        ]
      },
      "properties": {
        "objectType": "annotation",
        "classification": {
          "name": "background_e",
          "color": [
            255,
            182,
            193
          ]
        },
        "isLocked": false
      }
    },
    {
      "type": "Feature",
      "id": "patch_39963_15224",
      "geometry": {
        "type": "Polygon",
        "coordinates": [
          [
            [
              39963,
              15224
            ],
            [
              41866,
              15224
            ],
            [
              41866,
              17127
            ],
            [
              39963,
              17127
            ],
            [
              39963,
              15224
            ]
          ]
        ]
      },
      "properties": {
        "objectType": "annotation",
        "classification": {
          "name": "background_e",
          "color": [
            255,
            182,
            193
          ]
        },
        "isLocked": false
      }
    },
    {
      "type": "Feature",
      "id": "patch_41866_15224",
      "geometry": {
        "type": "Polygon",
        "coordinates": [
          [
            [
              41866,
              15224
            ],
            [
              43769,
              15224
            ],
            [
              43769,
              17127
            ],
            [
              41866,
              17127
            ],
            [
              41866,
              15224
            ]
          ]
        ]
      },
      "properties": {
        "objectType": "annotation",
        "classification": {
          "name": "background_e",
          "color": [
            255,
            182,
            193
          ]
        },
        "isLocked": false
      }
    },
    {
      "type": "Feature",
      "id": "patch_17127_17127",
      "geometry": {
        "type": "Polygon",
        "coordinates": [
          [
            [
              17127,
              17127
            ],
            [
              19030,
              17127
            ],
            [
              19030,
              19030
            ],
            [
              17127,
              19030
            ],
            [
              17127,
              17127
            ]
          ]
        ]
      },
      "properties": {
        "objectType": "annotation",
        "classification": {
          "name": "background_h",
          "color": [
            0,
            0,
            255
          ]
        },
        "isLocked": false
      }
    },
    {
      "type": "Feature",
      "id": "patch_19030_17127",
      "geometry": {
        "type": "Polygon",
        "coordinates": [
          [
            [
              19030,
              17127
            ],
            [
              20933,
              17127
            ],
            [
              20933,
              19030
            ],
            [
              19030,
              19030
            ],
            [
              19030,
              17127
            ]
          ]
        ]
      },
      "properties": {
        "objectType": "annotation",
        "classification": {
          "name": "vessel_h",
          "color": [
            128,
            0,
            128
          ]
        },
        "isLocked": false
      }
    },
    {
      "type": "Feature",
      "id": "patch_20933_17127",
      "geometry": {
        "type": "Polygon",
        "coordinates": [
          [
            [
              20933,
              17127
            ],
            [
              22836,
              17127
            ],
            [
              22836,
              19030
            ],
            [
              20933,
              19030
            ],
            [
              20933,
              17127
            ]
          ]
        ]
      },
      "properties": {
        "objectType": "annotation",
        "classification": {
          "name": "background_h",
          "color": [
            0,
            0,
            255
          ]
        },
        "isLocked": false
      }
    },
    {
      "type": "Feature",
      "id": "patch_22836_17127",
      "geometry": {
        "type": "Polygon",
        "coordinates": [
          [
            [
              22836,
              17127
            ],
            [
              24739,
              17127
            ],
            [
              24739,
              19030
            ],
            [
              22836,
              19030
            ],
            [
              22836,
              17127
            ]
          ]
        ]
      },
      "properties": {
        "objectType": "annotation",
        "classification": {
          "name": "vessel_e",
          "color": [
            255,
            0,
            0
          ]
        },
        "isLocked": false
      }
    },
    {
      "type": "Feature",
      "id": "patch_24739_17127",
      "geometry": {
        "type": "Polygon",
        "coordinates": [
          [
            [
              24739,
              17127
            ],
            [
              26642,
              17127
            ],
            [
              26642,
              19030
            ],
            [
              24739,
              19030
            ],
            [
              24739,
              17127
            ]
          ]
        ]
      },
      "properties": {
        "objectType": "annotation",
        "classification": {
          "name": "background_e",
          "color": [
            255,
            182,
            193
          ]
        },
        "isLocked": false
      }
    },
    {
      "type": "Feature",
      "id": "patch_26642_17127",
      "geometry": {
        "type": "Polygon",
        "coordinates": [
          [
            [
              26642,
              17127
            ],
            [
              28545,
              17127
            ],
            [
              28545,
              19030
            ],
            [
              26642,
              19030
            ],
            [
              26642,
              17127
            ]
          ]
        ]
      },
      "properties": {
        "objectType": "annotation",
        "classification": {
          "name": "background_e",
          "color": [
            255,
            182,
            193
          ]
        },
        "isLocked": false
      }
    },
    {
      "type": "Feature",
      "id": "patch_28545_17127",
      "geometry": {
        "type": "Polygon",
        "coordinates": [
          [
            [
              28545,
              17127
            ],
            [
              30448,
              17127
            ],
            [
              30448,
              19030
            ],
            [
              28545,
              19030
            ],
            [
              28545,
              17127
            ]
          ]
        ]
      },
      "properties": {
        "objectType": "annotation",
        "classification": {
          "name": "vessel_e",
          "color": [
            255,
            0,
            0
          ]
        },
        "isLocked": false
      }
    },
    {
      "type": "Feature",
      "id": "patch_30448_17127",
      "geometry": {
        "type": "Polygon",
        "coordinates": [
          [
            [
              30448,
              17127
            ],
            [
              32351,
              17127
            ],
            [
              32351,
              19030
            ],
            [
              30448,
              19030
            ],
            [
              30448,
              17127
            ]
          ]
        ]
      },
      "properties": {
        "objectType": "annotation",
        "classification": {
          "name": "vessel_e",
          "color": [
            255,
            0,
            0
          ]
        },
        "isLocked": false
      }
    },
    {
      "type": "Feature",
      "id": "patch_32351_17127",
      "geometry": {
        "type": "Polygon",
        "coordinates": [
          [
            [
              32351,
              17127
            ],
            [
              34254,
              17127
            ],
            [
              34254,
              19030
            ],
            [
              32351,
              19030
            ],
            [
              32351,
              17127
            ]
          ]
        ]
      },
      "properties": {
        "objectType": "annotation",
        "classification": {
          "name": "background_e",
          "color": [
            255,
            182,
            193
          ]
        },
        "isLocked": false
      }
    },
    {
      "type": "Feature",
      "id": "patch_34254_17127",
      "geometry": {
        "type": "Polygon",
        "coordinates": [
          [
            [
              34254,
              17127
            ],
            [
              36157,
              17127
            ],
            [
              36157,
              19030
            ],
            [
              34254,
              19030
            ],
            [
              34254,
              17127
            ]
          ]
        ]
      },
      "properties": {
        "objectType": "annotation",
        "classification": {
          "name": "background_e",
          "color": [
            255,
            182,
            193
          ]
        },
        "isLocked": false
      }
    },
    {
      "type": "Feature",
      "id": "patch_36157_17127",
      "geometry": {
        "type": "Polygon",
        "coordinates": [
          [
            [
              36157,
              17127
            ],
            [
              38060,
              17127
            ],
            [
              38060,
              19030
            ],
            [
              36157,
              19030
            ],
            [
              36157,
              17127
            ]
          ]
        ]
      },
      "properties": {
        "objectType": "annotation",
        "classification": {
          "name": "background_e",
          "color": [
            255,
            182,
            193
          ]
        },
        "isLocked": false
      }
    },
    {
      "type": "Feature",
      "id": "patch_38060_17127",
      "geometry": {
        "type": "Polygon",
        "coordinates": [
          [
            [
              38060,
              17127
            ],
            [
              39963,
              17127
            ],
            [
              39963,
              19030
            ],
            [
              38060,
              19030
            ],
            [
              38060,
              17127
            ]
          ]
        ]
      },
      "properties": {
        "objectType": "annotation",
        "classification": {
          "name": "vessel_e",
          "color": [
            255,
            0,
            0
          ]
        },
        "isLocked": false
      }
    },
    {
      "type": "Feature",
      "id": "patch_39963_17127",
      "geometry": {
        "type": "Polygon",
        "coordinates": [
          [
            [
              39963,
              17127
            ],
            [
              41866,
              17127
            ],
            [
              41866,
              19030
            ],
            [
              39963,
              19030
            ],
            [
              39963,
              17127
            ]
          ]
        ]
      },
      "properties": {
        "objectType": "annotation",
        "classification": {
          "name": "background_e",
          "color": [
            255,
            182,
            193
          ]
        },
        "isLocked": false
      }
    },
    {
      "type": "Feature",
      "id": "patch_41866_17127",
      "geometry": {
        "type": "Polygon",
        "coordinates": [
          [
            [
              41866,
              17127
            ],
            [
              43769,
              17127
            ],
            [
              43769,
              19030
            ],
            [
              41866,
              19030
            ],
            [
              41866,
              17127
            ]
          ]
        ]
      },
      "properties": {
        "objectType": "annotation",
        "classification": {
          "name": "background_e",
          "color": [
            255,
            182,
            193
          ]
        },
        "isLocked": false
      }
    },
    {
      "type": "Feature",
      "id": "patch_43769_17127",
      "geometry": {
        "type": "Polygon",
        "coordinates": [
          [
            [
              43769,
              17127
            ],
            [
              45672,
              17127
            ],
            [
              45672,
              19030
            ],
            [
              43769,
              19030
            ],
            [
              43769,
              17127
            ]
          ]
        ]
      },
      "properties": {
        "objectType": "annotation",
        "classification": {
          "name": "background_e",
          "color": [
            255,
            182,
            193
          ]
        },
        "isLocked": false
      }
    },
    {
      "type": "Feature",
      "id": "patch_45672_17127",
      "geometry": {
        "type": "Polygon",
        "coordinates": [
          [
            [
              45672,
              17127
            ],
            [
              47575,
              17127
            ],
            [
              47575,
              19030
            ],
            [
              45672,
              19030
            ],
            [
              45672,
              17127
            ]
          ]
        ]
      },
      "properties": {
        "objectType": "annotation",
        "classification": {
          "name": "background_e",
          "color": [
            255,
            182,
            193
          ]
        },
        "isLocked": false
      }
    },
    {
      "type": "Feature",
      "id": "patch_47575_17127",
      "geometry": {
        "type": "Polygon",
        "coordinates": [
          [
            [
              47575,
              17127
            ],
            [
              49478,
              17127
            ],
            [
              49478,
              19030
            ],
            [
              47575,
              19030
            ],
            [
              47575,
              17127
            ]
          ]
        ]
      },
      "properties": {
        "objectType": "annotation",
        "classification": {
          "name": "background_e",
          "color": [
            255,
            182,
            193
          ]
        },
        "isLocked": false
      }
    },
    {
      "type": "Feature",
      "id": "patch_49478_17127",
      "geometry": {
        "type": "Polygon",
        "coordinates": [
          [
            [
              49478,
              17127
            ],
            [
              51381,
              17127
            ],
            [
              51381,
              19030
            ],
            [
              49478,
              19030
            ],
            [
              49478,
              17127
            ]
          ]
        ]
      },
      "properties": {
        "objectType": "annotation",
        "classification": {
          "name": "background_e",
          "color": [
            255,
            182,
            193
          ]
        },
        "isLocked": false
      }
    },
    {
      "type": "Feature",
      "id": "patch_51381_17127",
      "geometry": {
        "type": "Polygon",
        "coordinates": [
          [
            [
              51381,
              17127
            ],
            [
              53284,
              17127
            ],
            [
              53284,
              19030
            ],
            [
              51381,
              19030
            ],
            [
              51381,
              17127
            ]
          ]
        ]
      },
      "properties": {
        "objectType": "annotation",
        "classification": {
          "name": "background_e",
          "color": [
            255,
            182,
            193
          ]
        },
        "isLocked": false
      }
    },
    {
      "type": "Feature",
      "id": "patch_53284_17127",
      "geometry": {
        "type": "Polygon",
        "coordinates": [
          [
            [
              53284,
              17127
            ],
            [
              55187,
              17127
            ],
            [
              55187,
              19030
            ],
            [
              53284,
              19030
            ],
            [
              53284,
              17127
            ]
          ]
        ]
      },
      "properties": {
        "objectType": "annotation",
        "classification": {
          "name": "background_e",
          "color": [
            255,
            182,
            193
          ]
        },
        "isLocked": false
      }
    },
    {
      "type": "Feature",
      "id": "patch_55187_17127",
      "geometry": {
        "type": "Polygon",
        "coordinates": [
          [
            [
              55187,
              17127
            ],
            [
              57090,
              17127
            ],
            [
              57090,
              19030
            ],
            [
              55187,
              19030
            ],
            [
              55187,
              17127
            ]
          ]
        ]
      },
      "properties": {
        "objectType": "annotation",
        "classification": {
          "name": "background_e",
          "color": [
            255,
            182,
            193
          ]
        },
        "isLocked": false
      }
    },
    {
      "type": "Feature",
      "id": "patch_57090_17127",
      "geometry": {
        "type": "Polygon",
        "coordinates": [
          [
            [
              57090,
              17127
            ],
            [
              58993,
              17127
            ],
            [
              58993,
              19030
            ],
            [
              57090,
              19030
            ],
            [
              57090,
              17127
            ]
          ]
        ]
      },
      "properties": {
        "objectType": "annotation",
        "classification": {
          "name": "background_e",
          "color": [
            255,
            182,
            193
          ]
        },
        "isLocked": false
      }
    },
    {
      "type": "Feature",
      "id": "patch_58993_17127",
      "geometry": {
        "type": "Polygon",
        "coordinates": [
          [
            [
              58993,
              17127
            ],
            [
              60896,
              17127
            ],
            [
              60896,
              19030
            ],
            [
              58993,
              19030
            ],
            [
              58993,
              17127
            ]
          ]
        ]
      },
      "properties": {
        "objectType": "annotation",
        "classification": {
          "name": "background_e",
          "color": [
            255,
            182,
            193
          ]
        },
        "isLocked": false
      }
    },
    {
      "type": "Feature",
      "id": "patch_60896_17127",
      "geometry": {
        "type": "Polygon",
        "coordinates": [
          [
            [
              60896,
              17127
            ],
            [
              62799,
              17127
            ],
            [
              62799,
              19030
            ],
            [
              60896,
              19030
            ],
            [
              60896,
              17127
            ]
          ]
        ]
      },
      "properties": {
        "objectType": "annotation",
        "classification": {
          "name": "background_e",
          "color": [
            255,
            182,
            193
          ]
        },
        "isLocked": false
      }
    },
    {
      "type": "Feature",
      "id": "patch_62799_17127",
      "geometry": {
        "type": "Polygon",
        "coordinates": [
          [
            [
              62799,
              17127
            ],
            [
              64702,
              17127
            ],
            [
              64702,
              19030
            ],
            [
              62799,
              19030
            ],
            [
              62799,
              17127
            ]
          ]
        ]
      },
      "properties": {
        "objectType": "annotation",
        "classification": {
          "name": "background_e",
          "color": [
            255,
            182,
            193
          ]
        },
        "isLocked": false
      }
    },
    {
      "type": "Feature",
      "id": "patch_64702_17127",
      "geometry": {
        "type": "Polygon",
        "coordinates": [
          [
            [
              64702,
              17127
            ],
            [
              66605,
              17127
            ],
            [
              66605,
              19030
            ],
            [
              64702,
              19030
            ],
            [
              64702,
              17127
            ]
          ]
        ]
      },
      "properties": {
        "objectType": "annotation",
        "classification": {
          "name": "background_e",
          "color": [
            255,
            182,
            193
          ]
        },
        "isLocked": false
      }
    },
    {
      "type": "Feature",
      "id": "patch_66605_17127",
      "geometry": {
        "type": "Polygon",
        "coordinates": [
          [
            [
              66605,
              17127
            ],
            [
              68508,
              17127
            ],
            [
              68508,
              19030
            ],
            [
              66605,
              19030
            ],
            [
              66605,
              17127
            ]
          ]
        ]
      },
      "properties": {
        "objectType": "annotation",
        "classification": {
          "name": "background_e",
          "color": [
            255,
            182,
            193
          ]
        },
        "isLocked": false
      }
    },
    {
      "type": "Feature",
      "id": "patch_68508_17127",
      "geometry": {
        "type": "Polygon",
        "coordinates": [
          [
            [
              68508,
              17127
            ],
            [
              70411,
              17127
            ],
            [
              70411,
              19030
            ],
            [
              68508,
              19030
            ],
            [
              68508,
              17127
            ]
          ]
        ]
      },
      "properties": {
        "objectType": "annotation",
        "classification": {
          "name": "background_e",
          "color": [
            255,
            182,
            193
          ]
        },
        "isLocked": false
      }
    },
    {
      "type": "Feature",
      "id": "patch_70411_17127",
      "geometry": {
        "type": "Polygon",
        "coordinates": [
          [
            [
              70411,
              17127
            ],
            [
              72314,
              17127
            ],
            [
              72314,
              19030
            ],
            [
              70411,
              19030
            ],
            [
              70411,
              17127
            ]
          ]
        ]
      },
      "properties": {
        "objectType": "annotation",
        "classification": {
          "name": "background_e",
          "color": [
            255,
            182,
            193
          ]
        },
        "isLocked": false
      }
    },
    {
      "type": "Feature",
      "id": "patch_72314_17127",
      "geometry": {
        "type": "Polygon",
        "coordinates": [
          [
            [
              72314,
              17127
            ],
            [
              74217,
              17127
            ],
            [
              74217,
              19030
            ],
            [
              72314,
              19030
            ],
            [
              72314,
              17127
            ]
          ]
        ]
      },
      "properties": {
        "objectType": "annotation",
        "classification": {
          "name": "background_e",
          "color": [
            255,
            182,
            193
          ]
        },
        "isLocked": false
      }
    },
    {
      "type": "Feature",
      "id": "patch_74217_17127",
      "geometry": {
        "type": "Polygon",
        "coordinates": [
          [
            [
              74217,
              17127
            ],
            [
              76120,
              17127
            ],
            [
              76120,
              19030
            ],
            [
              74217,
              19030
            ],
            [
              74217,
              17127
            ]
          ]
        ]
      },
      "properties": {
        "objectType": "annotation",
        "classification": {
          "name": "background_e",
          "color": [
            255,
            182,
            193
          ]
        },
        "isLocked": false
      }
    },
    {
      "type": "Feature",
      "id": "patch_76120_17127",
      "geometry": {
        "type": "Polygon",
        "coordinates": [
          [
            [
              76120,
              17127
            ],
            [
              78023,
              17127
            ],
            [
              78023,
              19030
            ],
            [
              76120,
              19030
            ],
            [
              76120,
              17127
            ]
          ]
        ]
      },
      "properties": {
        "objectType": "annotation",
        "classification": {
          "name": "background_e",
          "color": [
            255,
            182,
            193
          ]
        },
        "isLocked": false
      }
    },
    {
      "type": "Feature",
      "id": "patch_78023_17127",
      "geometry": {
        "type": "Polygon",
        "coordinates": [
          [
            [
              78023,
              17127
            ],
            [
              79926,
              17127
            ],
            [
              79926,
              19030
            ],
            [
              78023,
              19030
            ],
            [
              78023,
              17127
            ]
          ]
        ]
      },
      "properties": {
        "objectType": "annotation",
        "classification": {
          "name": "background_e",
          "color": [
            255,
            182,
            193
          ]
        },
        "isLocked": false
      }
    },
    {
      "type": "Feature",
      "id": "patch_13321_19030",
      "geometry": {
        "type": "Polygon",
        "coordinates": [
          [
            [
              13321,
              19030
            ],
            [
              15224,
              19030
            ],
            [
              15224,
              20933
            ],
            [
              13321,
              20933
            ],
            [
              13321,
              19030
            ]
          ]
        ]
      },
      "properties": {
        "objectType": "annotation",
        "classification": {
          "name": "vessel_h",
          "color": [
            128,
            0,
            128
          ]
        },
        "isLocked": false
      }
    },
    {
      "type": "Feature",
      "id": "patch_15224_19030",
      "geometry": {
        "type": "Polygon",
        "coordinates": [
          [
            [
              15224,
              19030
            ],
            [
              17127,
              19030
            ],
            [
              17127,
              20933
            ],
            [
              15224,
              20933
            ],
            [
              15224,
              19030
            ]
          ]
        ]
      },
      "properties": {
        "objectType": "annotation",
        "classification": {
          "name": "background_h",
          "color": [
            0,
            0,
            255
          ]
        },
        "isLocked": false
      }
    },
    {
      "type": "Feature",
      "id": "patch_17127_19030",
      "geometry": {
        "type": "Polygon",
        "coordinates": [
          [
            [
              17127,
              19030
            ],
            [
              19030,
              19030
            ],
            [
              19030,
              20933
            ],
            [
              17127,
              20933
            ],
            [
              17127,
              19030
            ]
          ]
        ]
      },
      "properties": {
        "objectType": "annotation",
        "classification": {
          "name": "vessel_h",
          "color": [
            128,
            0,
            128
          ]
        },
        "isLocked": false
      }
    },
    {
      "type": "Feature",
      "id": "patch_19030_19030",
      "geometry": {
        "type": "Polygon",
        "coordinates": [
          [
            [
              19030,
              19030
            ],
            [
              20933,
              19030
            ],
            [
              20933,
              20933
            ],
            [
              19030,
              20933
            ],
            [
              19030,
              19030
            ]
          ]
        ]
      },
      "properties": {
        "objectType": "annotation",
        "classification": {
          "name": "background_h",
          "color": [
            0,
            0,
            255
          ]
        },
        "isLocked": false
      }
    },
    {
      "type": "Feature",
      "id": "patch_20933_19030",
      "geometry": {
        "type": "Polygon",
        "coordinates": [
          [
            [
              20933,
              19030
            ],
            [
              22836,
              19030
            ],
            [
              22836,
              20933
            ],
            [
              20933,
              20933
            ],
            [
              20933,
              19030
            ]
          ]
        ]
      },
      "properties": {
        "objectType": "annotation",
        "classification": {
          "name": "background_h",
          "color": [
            0,
            0,
            255
          ]
        },
        "isLocked": false
      }
    },
    {
      "type": "Feature",
      "id": "patch_22836_19030",
      "geometry": {
        "type": "Polygon",
        "coordinates": [
          [
            [
              22836,
              19030
            ],
            [
              24739,
              19030
            ],
            [
              24739,
              20933
            ],
            [
              22836,
              20933
            ],
            [
              22836,
              19030
            ]
          ]
        ]
      },
      "properties": {
        "objectType": "annotation",
        "classification": {
          "name": "vessel_e",
          "color": [
            255,
            0,
            0
          ]
        },
        "isLocked": false
      }
    },
    {
      "type": "Feature",
      "id": "patch_24739_19030",
      "geometry": {
        "type": "Polygon",
        "coordinates": [
          [
            [
              24739,
              19030
            ],
            [
              26642,
              19030
            ],
            [
              26642,
              20933
            ],
            [
              24739,
              20933
            ],
            [
              24739,
              19030
            ]
          ]
        ]
      },
      "properties": {
        "objectType": "annotation",
        "classification": {
          "name": "background_e",
          "color": [
            255,
            182,
            193
          ]
        },
        "isLocked": false
      }
    },
    {
      "type": "Feature",
      "id": "patch_26642_19030",
      "geometry": {
        "type": "Polygon",
        "coordinates": [
          [
            [
              26642,
              19030
            ],
            [
              28545,
              19030
            ],
            [
              28545,
              20933
            ],
            [
              26642,
              20933
            ],
            [
              26642,
              19030
            ]
          ]
        ]
      },
      "properties": {
        "objectType": "annotation",
        "classification": {
          "name": "background_e",
          "color": [
            255,
            182,
            193
          ]
        },
        "isLocked": false
      }
    },
    {
      "type": "Feature",
      "id": "patch_28545_19030",
      "geometry": {
        "type": "Polygon",
        "coordinates": [
          [
            [
              28545,
              19030
            ],
            [
              30448,
              19030
            ],
            [
              30448,
              20933
            ],
            [
              28545,
              20933
            ],
            [
              28545,
              19030
            ]
          ]
        ]
      },
      "properties": {
        "objectType": "annotation",
        "classification": {
          "name": "background_e",
          "color": [
            255,
            182,
            193
          ]
        },
        "isLocked": false
      }
    },
    {
      "type": "Feature",
      "id": "patch_30448_19030",
      "geometry": {
        "type": "Polygon",
        "coordinates": [
          [
            [
              30448,
              19030
            ],
            [
              32351,
              19030
            ],
            [
              32351,
              20933
            ],
            [
              30448,
              20933
            ],
            [
              30448,
              19030
            ]
          ]
        ]
      },
      "properties": {
        "objectType": "annotation",
        "classification": {
          "name": "background_e",
          "color": [
            255,
            182,
            193
          ]
        },
        "isLocked": false
      }
    },
    {
      "type": "Feature",
      "id": "patch_32351_19030",
      "geometry": {
        "type": "Polygon",
        "coordinates": [
          [
            [
              32351,
              19030
            ],
            [
              34254,
              19030
            ],
            [
              34254,
              20933
            ],
            [
              32351,
              20933
            ],
            [
              32351,
              19030
            ]
          ]
        ]
      },
      "properties": {
        "objectType": "annotation",
        "classification": {
          "name": "background_e",
          "color": [
            255,
            182,
            193
          ]
        },
        "isLocked": false
      }
    },
    {
      "type": "Feature",
      "id": "patch_34254_19030",
      "geometry": {
        "type": "Polygon",
        "coordinates": [
          [
            [
              34254,
              19030
            ],
            [
              36157,
              19030
            ],
            [
              36157,
              20933
            ],
            [
              34254,
              20933
            ],
            [
              34254,
              19030
            ]
          ]
        ]
      },
      "properties": {
        "objectType": "annotation",
        "classification": {
          "name": "background_e",
          "color": [
            255,
            182,
            193
          ]
        },
        "isLocked": false
      }
    },
    {
      "type": "Feature",
      "id": "patch_36157_19030",
      "geometry": {
        "type": "Polygon",
        "coordinates": [
          [
            [
              36157,
              19030
            ],
            [
              38060,
              19030
            ],
            [
              38060,
              20933
            ],
            [
              36157,
              20933
            ],
            [
              36157,
              19030
            ]
          ]
        ]
      },
      "properties": {
        "objectType": "annotation",
        "classification": {
          "name": "background_e",
          "color": [
            255,
            182,
            193
          ]
        },
        "isLocked": false
      }
    },
    {
      "type": "Feature",
      "id": "patch_38060_19030",
      "geometry": {
        "type": "Polygon",
        "coordinates": [
          [
            [
              38060,
              19030
            ],
            [
              39963,
              19030
            ],
            [
              39963,
              20933
            ],
            [
              38060,
              20933
            ],
            [
              38060,
              19030
            ]
          ]
        ]
      },
      "properties": {
        "objectType": "annotation",
        "classification": {
          "name": "vessel_e",
          "color": [
            255,
            0,
            0
          ]
        },
        "isLocked": false
      }
    },
    {
      "type": "Feature",
      "id": "patch_39963_19030",
      "geometry": {
        "type": "Polygon",
        "coordinates": [
          [
            [
              39963,
              19030
            ],
            [
              41866,
              19030
            ],
            [
              41866,
              20933
            ],
            [
              39963,
              20933
            ],
            [
              39963,
              19030
            ]
          ]
        ]
      },
      "properties": {
        "objectType": "annotation",
        "classification": {
          "name": "background_e",
          "color": [
            255,
            182,
            193
          ]
        },
        "isLocked": false
      }
    },
    {
      "type": "Feature",
      "id": "patch_41866_19030",
      "geometry": {
        "type": "Polygon",
        "coordinates": [
          [
            [
              41866,
              19030
            ],
            [
              43769,
              19030
            ],
            [
              43769,
              20933
            ],
            [
              41866,
              20933
            ],
            [
              41866,
              19030
            ]
          ]
        ]
      },
      "properties": {
        "objectType": "annotation",
        "classification": {
          "name": "background_e",
          "color": [
            255,
            182,
            193
          ]
        },
        "isLocked": false
      }
    },
    {
      "type": "Feature",
      "id": "patch_43769_19030",
      "geometry": {
        "type": "Polygon",
        "coordinates": [
          [
            [
              43769,
              19030
            ],
            [
              45672,
              19030
            ],
            [
              45672,
              20933
            ],
            [
              43769,
              20933
            ],
            [
              43769,
              19030
            ]
          ]
        ]
      },
      "properties": {
        "objectType": "annotation",
        "classification": {
          "name": "background_e",
          "color": [
            255,
            182,
            193
          ]
        },
        "isLocked": false
      }
    },
    {
      "type": "Feature",
      "id": "patch_45672_19030",
      "geometry": {
        "type": "Polygon",
        "coordinates": [
          [
            [
              45672,
              19030
            ],
            [
              47575,
              19030
            ],
            [
              47575,
              20933
            ],
            [
              45672,
              20933
            ],
            [
              45672,
              19030
            ]
          ]
        ]
      },
      "properties": {
        "objectType": "annotation",
        "classification": {
          "name": "background_e",
          "color": [
            255,
            182,
            193
          ]
        },
        "isLocked": false
      }
    },
    {
      "type": "Feature",
      "id": "patch_47575_19030",
      "geometry": {
        "type": "Polygon",
        "coordinates": [
          [
            [
              47575,
              19030
            ],
            [
              49478,
              19030
            ],
            [
              49478,
              20933
            ],
            [
              47575,
              20933
            ],
            [
              47575,
              19030
            ]
          ]
        ]
      },
      "properties": {
        "objectType": "annotation",
        "classification": {
          "name": "background_e",
          "color": [
            255,
            182,
            193
          ]
        },
        "isLocked": false
      }
    },
    {
      "type": "Feature",
      "id": "patch_49478_19030",
      "geometry": {
        "type": "Polygon",
        "coordinates": [
          [
            [
              49478,
              19030
            ],
            [
              51381,
              19030
            ],
            [
              51381,
              20933
            ],
            [
              49478,
              20933
            ],
            [
              49478,
              19030
            ]
          ]
        ]
      },
      "properties": {
        "objectType": "annotation",
        "classification": {
          "name": "background_e",
          "color": [
            255,
            182,
            193
          ]
        },
        "isLocked": false
      }
    },
    {
      "type": "Feature",
      "id": "patch_51381_19030",
      "geometry": {
        "type": "Polygon",
        "coordinates": [
          [
            [
              51381,
              19030
            ],
            [
              53284,
              19030
            ],
            [
              53284,
              20933
            ],
            [
              51381,
              20933
            ],
            [
              51381,
              19030
            ]
          ]
        ]
      },
      "properties": {
        "objectType": "annotation",
        "classification": {
          "name": "background_e",
          "color": [
            255,
            182,
            193
          ]
        },
        "isLocked": false
      }
    },
    {
      "type": "Feature",
      "id": "patch_53284_19030",
      "geometry": {
        "type": "Polygon",
        "coordinates": [
          [
            [
              53284,
              19030
            ],
            [
              55187,
              19030
            ],
            [
              55187,
              20933
            ],
            [
              53284,
              20933
            ],
            [
              53284,
              19030
            ]
          ]
        ]
      },
      "properties": {
        "objectType": "annotation",
        "classification": {
          "name": "background_e",
          "color": [
            255,
            182,
            193
          ]
        },
        "isLocked": false
      }
    },
    {
      "type": "Feature",
      "id": "patch_55187_19030",
      "geometry": {
        "type": "Polygon",
        "coordinates": [
          [
            [
              55187,
              19030
            ],
            [
              57090,
              19030
            ],
            [
              57090,
              20933
            ],
            [
              55187,
              20933
            ],
            [
              55187,
              19030
            ]
          ]
        ]
      },
      "properties": {
        "objectType": "annotation",
        "classification": {
          "name": "background_e",
          "color": [
            255,
            182,
            193
          ]
        },
        "isLocked": false
      }
    },
    {
      "type": "Feature",
      "id": "patch_57090_19030",
      "geometry": {
        "type": "Polygon",
        "coordinates": [
          [
            [
              57090,
              19030
            ],
            [
              58993,
              19030
            ],
            [
              58993,
              20933
            ],
            [
              57090,
              20933
            ],
            [
              57090,
              19030
            ]
          ]
        ]
      },
      "properties": {
        "objectType": "annotation",
        "classification": {
          "name": "background_e",
          "color": [
            255,
            182,
            193
          ]
        },
        "isLocked": false
      }
    },
    {
      "type": "Feature",
      "id": "patch_58993_19030",
      "geometry": {
        "type": "Polygon",
        "coordinates": [
          [
            [
              58993,
              19030
            ],
            [
              60896,
              19030
            ],
            [
              60896,
              20933
            ],
            [
              58993,
              20933
            ],
            [
              58993,
              19030
            ]
          ]
        ]
      },
      "properties": {
        "objectType": "annotation",
        "classification": {
          "name": "background_e",
          "color": [
            255,
            182,
            193
          ]
        },
        "isLocked": false
      }
    },
    {
      "type": "Feature",
      "id": "patch_60896_19030",
      "geometry": {
        "type": "Polygon",
        "coordinates": [
          [
            [
              60896,
              19030
            ],
            [
              62799,
              19030
            ],
            [
              62799,
              20933
            ],
            [
              60896,
              20933
            ],
            [
              60896,
              19030
            ]
          ]
        ]
      },
      "properties": {
        "objectType": "annotation",
        "classification": {
          "name": "background_e",
          "color": [
            255,
            182,
            193
          ]
        },
        "isLocked": false
      }
    },
    {
      "type": "Feature",
      "id": "patch_62799_19030",
      "geometry": {
        "type": "Polygon",
        "coordinates": [
          [
            [
              62799,
              19030
            ],
            [
              64702,
              19030
            ],
            [
              64702,
              20933
            ],
            [
              62799,
              20933
            ],
            [
              62799,
              19030
            ]
          ]
        ]
      },
      "properties": {
        "objectType": "annotation",
        "classification": {
          "name": "background_e",
          "color": [
            255,
            182,
            193
          ]
        },
        "isLocked": false
      }
    },
    {
      "type": "Feature",
      "id": "patch_64702_19030",
      "geometry": {
        "type": "Polygon",
        "coordinates": [
          [
            [
              64702,
              19030
            ],
            [
              66605,
              19030
            ],
            [
              66605,
              20933
            ],
            [
              64702,
              20933
            ],
            [
              64702,
              19030
            ]
          ]
        ]
      },
      "properties": {
        "objectType": "annotation",
        "classification": {
          "name": "background_e",
          "color": [
            255,
            182,
            193
          ]
        },
        "isLocked": false
      }
    },
    {
      "type": "Feature",
      "id": "patch_66605_19030",
      "geometry": {
        "type": "Polygon",
        "coordinates": [
          [
            [
              66605,
              19030
            ],
            [
              68508,
              19030
            ],
            [
              68508,
              20933
            ],
            [
              66605,
              20933
            ],
            [
              66605,
              19030
            ]
          ]
        ]
      },
      "properties": {
        "objectType": "annotation",
        "classification": {
          "name": "background_e",
          "color": [
            255,
            182,
            193
          ]
        },
        "isLocked": false
      }
    },
    {
      "type": "Feature",
      "id": "patch_68508_19030",
      "geometry": {
        "type": "Polygon",
        "coordinates": [
          [
            [
              68508,
              19030
            ],
            [
              70411,
              19030
            ],
            [
              70411,
              20933
            ],
            [
              68508,
              20933
            ],
            [
              68508,
              19030
            ]
          ]
        ]
      },
      "properties": {
        "objectType": "annotation",
        "classification": {
          "name": "background_e",
          "color": [
            255,
            182,
            193
          ]
        },
        "isLocked": false
      }
    },
    {
      "type": "Feature",
      "id": "patch_70411_19030",
      "geometry": {
        "type": "Polygon",
        "coordinates": [
          [
            [
              70411,
              19030
            ],
            [
              72314,
              19030
            ],
            [
              72314,
              20933
            ],
            [
              70411,
              20933
            ],
            [
              70411,
              19030
            ]
          ]
        ]
      },
      "properties": {
        "objectType": "annotation",
        "classification": {
          "name": "background_e",
          "color": [
            255,
            182,
            193
          ]
        },
        "isLocked": false
      }
    },
    {
      "type": "Feature",
      "id": "patch_72314_19030",
      "geometry": {
        "type": "Polygon",
        "coordinates": [
          [
            [
              72314,
              19030
            ],
            [
              74217,
              19030
            ],
            [
              74217,
              20933
            ],
            [
              72314,
              20933
            ],
            [
              72314,
              19030
            ]
          ]
        ]
      },
      "properties": {
        "objectType": "annotation",
        "classification": {
          "name": "background_e",
          "color": [
            255,
            182,
            193
          ]
        },
        "isLocked": false
      }
    },
    {
      "type": "Feature",
      "id": "patch_74217_19030",
      "geometry": {
        "type": "Polygon",
        "coordinates": [
          [
            [
              74217,
              19030
            ],
            [
              76120,
              19030
            ],
            [
              76120,
              20933
            ],
            [
              74217,
              20933
            ],
            [
              74217,
              19030
            ]
          ]
        ]
      },
      "properties": {
        "objectType": "annotation",
        "classification": {
          "name": "background_e",
          "color": [
            255,
            182,
            193
          ]
        },
        "isLocked": false
      }
    },
    {
      "type": "Feature",
      "id": "patch_76120_19030",
      "geometry": {
        "type": "Polygon",
        "coordinates": [
          [
            [
              76120,
              19030
            ],
            [
              78023,
              19030
            ],
            [
              78023,
              20933
            ],
            [
              76120,
              20933
            ],
            [
              76120,
              19030
            ]
          ]
        ]
      },
      "properties": {
        "objectType": "annotation",
        "classification": {
          "name": "background_e",
          "color": [
            255,
            182,
            193
          ]
        },
        "isLocked": false
      }
    },
    {
      "type": "Feature",
      "id": "patch_78023_19030",
      "geometry": {
        "type": "Polygon",
        "coordinates": [
          [
            [
              78023,
              19030
            ],
            [
              79926,
              19030
            ],
            [
              79926,
              20933
            ],
            [
              78023,
              20933
            ],
            [
              78023,
              19030
            ]
          ]
        ]
      },
      "properties": {
        "objectType": "annotation",
        "classification": {
          "name": "background_e",
          "color": [
            255,
            182,
            193
          ]
        },
        "isLocked": false
      }
    },
    {
      "type": "Feature",
      "id": "patch_79926_19030",
      "geometry": {
        "type": "Polygon",
        "coordinates": [
          [
            [
              79926,
              19030
            ],
            [
              81829,
              19030
            ],
            [
              81829,
              20933
            ],
            [
              79926,
              20933
            ],
            [
              79926,
              19030
            ]
          ]
        ]
      },
      "properties": {
        "objectType": "annotation",
        "classification": {
          "name": "background_e",
          "color": [
            255,
            182,
            193
          ]
        },
        "isLocked": false
      }
    },
    {
      "type": "Feature",
      "id": "patch_81829_19030",
      "geometry": {
        "type": "Polygon",
        "coordinates": [
          [
            [
              81829,
              19030
            ],
            [
              83732,
              19030
            ],
            [
              83732,
              20933
            ],
            [
              81829,
              20933
            ],
            [
              81829,
              19030
            ]
          ]
        ]
      },
      "properties": {
        "objectType": "annotation",
        "classification": {
          "name": "background_e",
          "color": [
            255,
            182,
            193
          ]
        },
        "isLocked": false
      }
    },
    {
      "type": "Feature",
      "id": "patch_11418_20933",
      "geometry": {
        "type": "Polygon",
        "coordinates": [
          [
            [
              11418,
              20933
            ],
            [
              13321,
              20933
            ],
            [
              13321,
              22836
            ],
            [
              11418,
              22836
            ],
            [
              11418,
              20933
            ]
          ]
        ]
      },
      "properties": {
        "objectType": "annotation",
        "classification": {
          "name": "vessel_h",
          "color": [
            128,
            0,
            128
          ]
        },
        "isLocked": false
      }
    },
    {
      "type": "Feature",
      "id": "patch_13321_20933",
      "geometry": {
        "type": "Polygon",
        "coordinates": [
          [
            [
              13321,
              20933
            ],
            [
              15224,
              20933
            ],
            [
              15224,
              22836
            ],
            [
              13321,
              22836
            ],
            [
              13321,
              20933
            ]
          ]
        ]
      },
      "properties": {
        "objectType": "annotation",
        "classification": {
          "name": "background_h",
          "color": [
            0,
            0,
            255
          ]
        },
        "isLocked": false
      }
    },
    {
      "type": "Feature",
      "id": "patch_15224_20933",
      "geometry": {
        "type": "Polygon",
        "coordinates": [
          [
            [
              15224,
              20933
            ],
            [
              17127,
              20933
            ],
            [
              17127,
              22836
            ],
            [
              15224,
              22836
            ],
            [
              15224,
              20933
            ]
          ]
        ]
      },
      "properties": {
        "objectType": "annotation",
        "classification": {
          "name": "background_h",
          "color": [
            0,
            0,
            255
          ]
        },
        "isLocked": false
      }
    },
    {
      "type": "Feature",
      "id": "patch_17127_20933",
      "geometry": {
        "type": "Polygon",
        "coordinates": [
          [
            [
              17127,
              20933
            ],
            [
              19030,
              20933
            ],
            [
              19030,
              22836
            ],
            [
              17127,
              22836
            ],
            [
              17127,
              20933
            ]
          ]
        ]
      },
      "properties": {
        "objectType": "annotation",
        "classification": {
          "name": "background_h",
          "color": [
            0,
            0,
            255
          ]
        },
        "isLocked": false
      }
    },
    {
      "type": "Feature",
      "id": "patch_19030_20933",
      "geometry": {
        "type": "Polygon",
        "coordinates": [
          [
            [
              19030,
              20933
            ],
            [
              20933,
              20933
            ],
            [
              20933,
              22836
            ],
            [
              19030,
              22836
            ],
            [
              19030,
              20933
            ]
          ]
        ]
      },
      "properties": {
        "objectType": "annotation",
        "classification": {
          "name": "background_h",
          "color": [
            0,
            0,
            255
          ]
        },
        "isLocked": false
      }
    },
    {
      "type": "Feature",
      "id": "patch_20933_20933",
      "geometry": {
        "type": "Polygon",
        "coordinates": [
          [
            [
              20933,
              20933
            ],
            [
              22836,
              20933
            ],
            [
              22836,
              22836
            ],
            [
              20933,
              22836
            ],
            [
              20933,
              20933
            ]
          ]
        ]
      },
      "properties": {
        "objectType": "annotation",
        "classification": {
          "name": "background_h",
          "color": [
            0,
            0,
            255
          ]
        },
        "isLocked": false
      }
    },
    {
      "type": "Feature",
      "id": "patch_22836_20933",
      "geometry": {
        "type": "Polygon",
        "coordinates": [
          [
            [
              22836,
              20933
            ],
            [
              24739,
              20933
            ],
            [
              24739,
              22836
            ],
            [
              22836,
              22836
            ],
            [
              22836,
              20933
            ]
          ]
        ]
      },
      "properties": {
        "objectType": "annotation",
        "classification": {
          "name": "vessel_h",
          "color": [
            128,
            0,
            128
          ]
        },
        "isLocked": false
      }
    },
    {
      "type": "Feature",
      "id": "patch_24739_20933",
      "geometry": {
        "type": "Polygon",
        "coordinates": [
          [
            [
              24739,
              20933
            ],
            [
              26642,
              20933
            ],
            [
              26642,
              22836
            ],
            [
              24739,
              22836
            ],
            [
              24739,
              20933
            ]
          ]
        ]
      },
      "properties": {
        "objectType": "annotation",
        "classification": {
          "name": "vessel_e",
          "color": [
            255,
            0,
            0
          ]
        },
        "isLocked": false
      }
    },
    {
      "type": "Feature",
      "id": "patch_26642_20933",
      "geometry": {
        "type": "Polygon",
        "coordinates": [
          [
            [
              26642,
              20933
            ],
            [
              28545,
              20933
            ],
            [
              28545,
              22836
            ],
            [
              26642,
              22836
            ],
            [
              26642,
              20933
            ]
          ]
        ]
      },
      "properties": {
        "objectType": "annotation",
        "classification": {
          "name": "vessel_e",
          "color": [
            255,
            0,
            0
          ]
        },
        "isLocked": false
      }
    },
    {
      "type": "Feature",
      "id": "patch_28545_20933",
      "geometry": {
        "type": "Polygon",
        "coordinates": [
          [
            [
              28545,
              20933
            ],
            [
              30448,
              20933
            ],
            [
              30448,
              22836
            ],
            [
              28545,
              22836
            ],
            [
              28545,
              20933
            ]
          ]
        ]
      },
      "properties": {
        "objectType": "annotation",
        "classification": {
          "name": "vessel_e",
          "color": [
            255,
            0,
            0
          ]
        },
        "isLocked": false
      }
    },
    {
      "type": "Feature",
      "id": "patch_30448_20933",
      "geometry": {
        "type": "Polygon",
        "coordinates": [
          [
            [
              30448,
              20933
            ],
            [
              32351,
              20933
            ],
            [
              32351,
              22836
            ],
            [
              30448,
              22836
            ],
            [
              30448,
              20933
            ]
          ]
        ]
      },
      "properties": {
        "objectType": "annotation",
        "classification": {
          "name": "background_e",
          "color": [
            255,
            182,
            193
          ]
        },
        "isLocked": false
      }
    },
    {
      "type": "Feature",
      "id": "patch_32351_20933",
      "geometry": {
        "type": "Polygon",
        "coordinates": [
          [
            [
              32351,
              20933
            ],
            [
              34254,
              20933
            ],
            [
              34254,
              22836
            ],
            [
              32351,
              22836
            ],
            [
              32351,
              20933
            ]
          ]
        ]
      },
      "properties": {
        "objectType": "annotation",
        "classification": {
          "name": "background_e",
          "color": [
            255,
            182,
            193
          ]
        },
        "isLocked": false
      }
    },
    {
      "type": "Feature",
      "id": "patch_34254_20933",
      "geometry": {
        "type": "Polygon",
        "coordinates": [
          [
            [
              34254,
              20933
            ],
            [
              36157,
              20933
            ],
            [
              36157,
              22836
            ],
            [
              34254,
              22836
            ],
            [
              34254,
              20933
            ]
          ]
        ]
      },
      "properties": {
        "objectType": "annotation",
        "classification": {
          "name": "background_e",
          "color": [
            255,
            182,
            193
          ]
        },
        "isLocked": false
      }
    },
    {
      "type": "Feature",
      "id": "patch_36157_20933",
      "geometry": {
        "type": "Polygon",
        "coordinates": [
          [
            [
              36157,
              20933
            ],
            [
              38060,
              20933
            ],
            [
              38060,
              22836
            ],
            [
              36157,
              22836
            ],
            [
              36157,
              20933
            ]
          ]
        ]
      },
      "properties": {
        "objectType": "annotation",
        "classification": {
          "name": "background_e",
          "color": [
            255,
            182,
            193
          ]
        },
        "isLocked": false
      }
    },
    {
      "type": "Feature",
      "id": "patch_38060_20933",
      "geometry": {
        "type": "Polygon",
        "coordinates": [
          [
            [
              38060,
              20933
            ],
            [
              39963,
              20933
            ],
            [
              39963,
              22836
            ],
            [
              38060,
              22836
            ],
            [
              38060,
              20933
            ]
          ]
        ]
      },
      "properties": {
        "objectType": "annotation",
        "classification": {
          "name": "vessel_e",
          "color": [
            255,
            0,
            0
          ]
        },
        "isLocked": false
      }
    },
    {
      "type": "Feature",
      "id": "patch_39963_20933",
      "geometry": {
        "type": "Polygon",
        "coordinates": [
          [
            [
              39963,
              20933
            ],
            [
              41866,
              20933
            ],
            [
              41866,
              22836
            ],
            [
              39963,
              22836
            ],
            [
              39963,
              20933
            ]
          ]
        ]
      },
      "properties": {
        "objectType": "annotation",
        "classification": {
          "name": "background_e",
          "color": [
            255,
            182,
            193
          ]
        },
        "isLocked": false
      }
    },
    {
      "type": "Feature",
      "id": "patch_41866_20933",
      "geometry": {
        "type": "Polygon",
        "coordinates": [
          [
            [
              41866,
              20933
            ],
            [
              43769,
              20933
            ],
            [
              43769,
              22836
            ],
            [
              41866,
              22836
            ],
            [
              41866,
              20933
            ]
          ]
        ]
      },
      "properties": {
        "objectType": "annotation",
        "classification": {
          "name": "background_e",
          "color": [
            255,
            182,
            193
          ]
        },
        "isLocked": false
      }
    },
    {
      "type": "Feature",
      "id": "patch_43769_20933",
      "geometry": {
        "type": "Polygon",
        "coordinates": [
          [
            [
              43769,
              20933
            ],
            [
              45672,
              20933
            ],
            [
              45672,
              22836
            ],
            [
              43769,
              22836
            ],
            [
              43769,
              20933
            ]
          ]
        ]
      },
      "properties": {
        "objectType": "annotation",
        "classification": {
          "name": "background_e",
          "color": [
            255,
            182,
            193
          ]
        },
        "isLocked": false
      }
    },
    {
      "type": "Feature",
      "id": "patch_45672_20933",
      "geometry": {
        "type": "Polygon",
        "coordinates": [
          [
            [
              45672,
              20933
            ],
            [
              47575,
              20933
            ],
            [
              47575,
              22836
            ],
            [
              45672,
              22836
            ],
            [
              45672,
              20933
            ]
          ]
        ]
      },
      "properties": {
        "objectType": "annotation",
        "classification": {
          "name": "background_e",
          "color": [
            255,
            182,
            193
          ]
        },
        "isLocked": false
      }
    },
    {
      "type": "Feature",
      "id": "patch_47575_20933",
      "geometry": {
        "type": "Polygon",
        "coordinates": [
          [
            [
              47575,
              20933
            ],
            [
              49478,
              20933
            ],
            [
              49478,
              22836
            ],
            [
              47575,
              22836
            ],
            [
              47575,
              20933
            ]
          ]
        ]
      },
      "properties": {
        "objectType": "annotation",
        "classification": {
          "name": "background_e",
          "color": [
            255,
            182,
            193
          ]
        },
        "isLocked": false
      }
    },
    {
      "type": "Feature",
      "id": "patch_49478_20933",
      "geometry": {
        "type": "Polygon",
        "coordinates": [
          [
            [
              49478,
              20933
            ],
            [
              51381,
              20933
            ],
            [
              51381,
              22836
            ],
            [
              49478,
              22836
            ],
            [
              49478,
              20933
            ]
          ]
        ]
      },
      "properties": {
        "objectType": "annotation",
        "classification": {
          "name": "background_e",
          "color": [
            255,
            182,
            193
          ]
        },
        "isLocked": false
      }
    },
    {
      "type": "Feature",
      "id": "patch_51381_20933",
      "geometry": {
        "type": "Polygon",
        "coordinates": [
          [
            [
              51381,
              20933
            ],
            [
              53284,
              20933
            ],
            [
              53284,
              22836
            ],
            [
              51381,
              22836
            ],
            [
              51381,
              20933
            ]
          ]
        ]
      },
      "properties": {
        "objectType": "annotation",
        "classification": {
          "name": "background_e",
          "color": [
            255,
            182,
            193
          ]
        },
        "isLocked": false
      }
    },
    {
      "type": "Feature",
      "id": "patch_53284_20933",
      "geometry": {
        "type": "Polygon",
        "coordinates": [
          [
            [
              53284,
              20933
            ],
            [
              55187,
              20933
            ],
            [
              55187,
              22836
            ],
            [
              53284,
              22836
            ],
            [
              53284,
              20933
            ]
          ]
        ]
      },
      "properties": {
        "objectType": "annotation",
        "classification": {
          "name": "vessel_e",
          "color": [
            255,
            0,
            0
          ]
        },
        "isLocked": false
      }
    },
    {
      "type": "Feature",
      "id": "patch_55187_20933",
      "geometry": {
        "type": "Polygon",
        "coordinates": [
          [
            [
              55187,
              20933
            ],
            [
              57090,
              20933
            ],
            [
              57090,
              22836
            ],
            [
              55187,
              22836
            ],
            [
              55187,
              20933
            ]
          ]
        ]
      },
      "properties": {
        "objectType": "annotation",
        "classification": {
          "name": "background_e",
          "color": [
            255,
            182,
            193
          ]
        },
        "isLocked": false
      }
    },
    {
      "type": "Feature",
      "id": "patch_57090_20933",
      "geometry": {
        "type": "Polygon",
        "coordinates": [
          [
            [
              57090,
              20933
            ],
            [
              58993,
              20933
            ],
            [
              58993,
              22836
            ],
            [
              57090,
              22836
            ],
            [
              57090,
              20933
            ]
          ]
        ]
      },
      "properties": {
        "objectType": "annotation",
        "classification": {
          "name": "background_e",
          "color": [
            255,
            182,
            193
          ]
        },
        "isLocked": false
      }
    },
    {
      "type": "Feature",
      "id": "patch_58993_20933",
      "geometry": {
        "type": "Polygon",
        "coordinates": [
          [
            [
              58993,
              20933
            ],
            [
              60896,
              20933
            ],
            [
              60896,
              22836
            ],
            [
              58993,
              22836
            ],
            [
              58993,
              20933
            ]
          ]
        ]
      },
      "properties": {
        "objectType": "annotation",
        "classification": {
          "name": "background_e",
          "color": [
            255,
            182,
            193
          ]
        },
        "isLocked": false
      }
    },
    {
      "type": "Feature",
      "id": "patch_60896_20933",
      "geometry": {
        "type": "Polygon",
        "coordinates": [
          [
            [
              60896,
              20933
            ],
            [
              62799,
              20933
            ],
            [
              62799,
              22836
            ],
            [
              60896,
              22836
            ],
            [
              60896,
              20933
            ]
          ]
        ]
      },
      "properties": {
        "objectType": "annotation",
        "classification": {
          "name": "background_e",
          "color": [
            255,
            182,
            193
          ]
        },
        "isLocked": false
      }
    },
    {
      "type": "Feature",
      "id": "patch_62799_20933",
      "geometry": {
        "type": "Polygon",
        "coordinates": [
          [
            [
              62799,
              20933
            ],
            [
              64702,
              20933
            ],
            [
              64702,
              22836
            ],
            [
              62799,
              22836
            ],
            [
              62799,
              20933
            ]
          ]
        ]
      },
      "properties": {
        "objectType": "annotation",
        "classification": {
          "name": "background_e",
          "color": [
            255,
            182,
            193
          ]
        },
        "isLocked": false
      }
    },
    {
      "type": "Feature",
      "id": "patch_64702_20933",
      "geometry": {
        "type": "Polygon",
        "coordinates": [
          [
            [
              64702,
              20933
            ],
            [
              66605,
              20933
            ],
            [
              66605,
              22836
            ],
            [
              64702,
              22836
            ],
            [
              64702,
              20933
            ]
          ]
        ]
      },
      "properties": {
        "objectType": "annotation",
        "classification": {
          "name": "background_e",
          "color": [
            255,
            182,
            193
          ]
        },
        "isLocked": false
      }
    },
    {
      "type": "Feature",
      "id": "patch_66605_20933",
      "geometry": {
        "type": "Polygon",
        "coordinates": [
          [
            [
              66605,
              20933
            ],
            [
              68508,
              20933
            ],
            [
              68508,
              22836
            ],
            [
              66605,
              22836
            ],
            [
              66605,
              20933
            ]
          ]
        ]
      },
      "properties": {
        "objectType": "annotation",
        "classification": {
          "name": "background_e",
          "color": [
            255,
            182,
            193
          ]
        },
        "isLocked": false
      }
    },
    {
      "type": "Feature",
      "id": "patch_68508_20933",
      "geometry": {
        "type": "Polygon",
        "coordinates": [
          [
            [
              68508,
              20933
            ],
            [
              70411,
              20933
            ],
            [
              70411,
              22836
            ],
            [
              68508,
              22836
            ],
            [
              68508,
              20933
            ]
          ]
        ]
      },
      "properties": {
        "objectType": "annotation",
        "classification": {
          "name": "background_e",
          "color": [
            255,
            182,
            193
          ]
        },
        "isLocked": false
      }
    },
    {
      "type": "Feature",
      "id": "patch_70411_20933",
      "geometry": {
        "type": "Polygon",
        "coordinates": [
          [
            [
              70411,
              20933
            ],
            [
              72314,
              20933
            ],
            [
              72314,
              22836
            ],
            [
              70411,
              22836
            ],
            [
              70411,
              20933
            ]
          ]
        ]
      },
      "properties": {
        "objectType": "annotation",
        "classification": {
          "name": "background_e",
          "color": [
            255,
            182,
            193
          ]
        },
        "isLocked": false
      }
    },
    {
      "type": "Feature",
      "id": "patch_72314_20933",
      "geometry": {
        "type": "Polygon",
        "coordinates": [
          [
            [
              72314,
              20933
            ],
            [
              74217,
              20933
            ],
            [
              74217,
              22836
            ],
            [
              72314,
              22836
            ],
            [
              72314,
              20933
            ]
          ]
        ]
      },
      "properties": {
        "objectType": "annotation",
        "classification": {
          "name": "background_e",
          "color": [
            255,
            182,
            193
          ]
        },
        "isLocked": false
      }
    },
    {
      "type": "Feature",
      "id": "patch_74217_20933",
      "geometry": {
        "type": "Polygon",
        "coordinates": [
          [
            [
              74217,
              20933
            ],
            [
              76120,
              20933
            ],
            [
              76120,
              22836
            ],
            [
              74217,
              22836
            ],
            [
              74217,
              20933
            ]
          ]
        ]
      },
      "properties": {
        "objectType": "annotation",
        "classification": {
          "name": "background_e",
          "color": [
            255,
            182,
            193
          ]
        },
        "isLocked": false
      }
    },
    {
      "type": "Feature",
      "id": "patch_76120_20933",
      "geometry": {
        "type": "Polygon",
        "coordinates": [
          [
            [
              76120,
              20933
            ],
            [
              78023,
              20933
            ],
            [
              78023,
              22836
            ],
            [
              76120,
              22836
            ],
            [
              76120,
              20933
            ]
          ]
        ]
      },
      "properties": {
        "objectType": "annotation",
        "classification": {
          "name": "background_e",
          "color": [
            255,
            182,
            193
          ]
        },
        "isLocked": false
      }
    },
    {
      "type": "Feature",
      "id": "patch_78023_20933",
      "geometry": {
        "type": "Polygon",
        "coordinates": [
          [
            [
              78023,
              20933
            ],
            [
              79926,
              20933
            ],
            [
              79926,
              22836
            ],
            [
              78023,
              22836
            ],
            [
              78023,
              20933
            ]
          ]
        ]
      },
      "properties": {
        "objectType": "annotation",
        "classification": {
          "name": "background_e",
          "color": [
            255,
            182,
            193
          ]
        },
        "isLocked": false
      }
    },
    {
      "type": "Feature",
      "id": "patch_79926_20933",
      "geometry": {
        "type": "Polygon",
        "coordinates": [
          [
            [
              79926,
              20933
            ],
            [
              81829,
              20933
            ],
            [
              81829,
              22836
            ],
            [
              79926,
              22836
            ],
            [
              79926,
              20933
            ]
          ]
        ]
      },
      "properties": {
        "objectType": "annotation",
        "classification": {
          "name": "background_e",
          "color": [
            255,
            182,
            193
          ]
        },
        "isLocked": false
      }
    },
    {
      "type": "Feature",
      "id": "patch_7612_22836",
      "geometry": {
        "type": "Polygon",
        "coordinates": [
          [
            [
              7612,
              22836
            ],
            [
              9515,
              22836
            ],
            [
              9515,
              24739
            ],
            [
              7612,
              24739
            ],
            [
              7612,
              22836
            ]
          ]
        ]
      },
      "properties": {
        "objectType": "annotation",
        "classification": {
          "name": "background_h",
          "color": [
            0,
            0,
            255
          ]
        },
        "isLocked": false
      }
    },
    {
      "type": "Feature",
      "id": "patch_9515_22836",
      "geometry": {
        "type": "Polygon",
        "coordinates": [
          [
            [
              9515,
              22836
            ],
            [
              11418,
              22836
            ],
            [
              11418,
              24739
            ],
            [
              9515,
              24739
            ],
            [
              9515,
              22836
            ]
          ]
        ]
      },
      "properties": {
        "objectType": "annotation",
        "classification": {
          "name": "background_h",
          "color": [
            0,
            0,
            255
          ]
        },
        "isLocked": false
      }
    },
    {
      "type": "Feature",
      "id": "patch_11418_22836",
      "geometry": {
        "type": "Polygon",
        "coordinates": [
          [
            [
              11418,
              22836
            ],
            [
              13321,
              22836
            ],
            [
              13321,
              24739
            ],
            [
              11418,
              24739
            ],
            [
              11418,
              22836
            ]
          ]
        ]
      },
      "properties": {
        "objectType": "annotation",
        "classification": {
          "name": "background_h",
          "color": [
            0,
            0,
            255
          ]
        },
        "isLocked": false
      }
    },
    {
      "type": "Feature",
      "id": "patch_13321_22836",
      "geometry": {
        "type": "Polygon",
        "coordinates": [
          [
            [
              13321,
              22836
            ],
            [
              15224,
              22836
            ],
            [
              15224,
              24739
            ],
            [
              13321,
              24739
            ],
            [
              13321,
              22836
            ]
          ]
        ]
      },
      "properties": {
        "objectType": "annotation",
        "classification": {
          "name": "background_h",
          "color": [
            0,
            0,
            255
          ]
        },
        "isLocked": false
      }
    },
    {
      "type": "Feature",
      "id": "patch_20933_22836",
      "geometry": {
        "type": "Polygon",
        "coordinates": [
          [
            [
              20933,
              22836
            ],
            [
              22836,
              22836
            ],
            [
              22836,
              24739
            ],
            [
              20933,
              24739
            ],
            [
              20933,
              22836
            ]
          ]
        ]
      },
      "properties": {
        "objectType": "annotation",
        "classification": {
          "name": "vessel_h",
          "color": [
            128,
            0,
            128
          ]
        },
        "isLocked": false
      }
    },
    {
      "type": "Feature",
      "id": "patch_22836_22836",
      "geometry": {
        "type": "Polygon",
        "coordinates": [
          [
            [
              22836,
              22836
            ],
            [
              24739,
              22836
            ],
            [
              24739,
              24739
            ],
            [
              22836,
              24739
            ],
            [
              22836,
              22836
            ]
          ]
        ]
      },
      "properties": {
        "objectType": "annotation",
        "classification": {
          "name": "background_h",
          "color": [
            0,
            0,
            255
          ]
        },
        "isLocked": false
      }
    },
    {
      "type": "Feature",
      "id": "patch_24739_22836",
      "geometry": {
        "type": "Polygon",
        "coordinates": [
          [
            [
              24739,
              22836
            ],
            [
              26642,
              22836
            ],
            [
              26642,
              24739
            ],
            [
              24739,
              24739
            ],
            [
              24739,
              22836
            ]
          ]
        ]
      },
      "properties": {
        "objectType": "annotation",
        "classification": {
          "name": "background_e",
          "color": [
            255,
            182,
            193
          ]
        },
        "isLocked": false
      }
    },
    {
      "type": "Feature",
      "id": "patch_26642_22836",
      "geometry": {
        "type": "Polygon",
        "coordinates": [
          [
            [
              26642,
              22836
            ],
            [
              28545,
              22836
            ],
            [
              28545,
              24739
            ],
            [
              26642,
              24739
            ],
            [
              26642,
              22836
            ]
          ]
        ]
      },
      "properties": {
        "objectType": "annotation",
        "classification": {
          "name": "background_e",
          "color": [
            255,
            182,
            193
          ]
        },
        "isLocked": false
      }
    },
    {
      "type": "Feature",
      "id": "patch_28545_22836",
      "geometry": {
        "type": "Polygon",
        "coordinates": [
          [
            [
              28545,
              22836
            ],
            [
              30448,
              22836
            ],
            [
              30448,
              24739
            ],
            [
              28545,
              24739
            ],
            [
              28545,
              22836
            ]
          ]
        ]
      },
      "properties": {
        "objectType": "annotation",
        "classification": {
          "name": "background_e",
          "color": [
            255,
            182,
            193
          ]
        },
        "isLocked": false
      }
    },
    {
      "type": "Feature",
      "id": "patch_30448_22836",
      "geometry": {
        "type": "Polygon",
        "coordinates": [
          [
            [
              30448,
              22836
            ],
            [
              32351,
              22836
            ],
            [
              32351,
              24739
            ],
            [
              30448,
              24739
            ],
            [
              30448,
              22836
            ]
          ]
        ]
      },
      "properties": {
        "objectType": "annotation",
        "classification": {
          "name": "background_e",
          "color": [
            255,
            182,
            193
          ]
        },
        "isLocked": false
      }
    },
    {
      "type": "Feature",
      "id": "patch_32351_22836",
      "geometry": {
        "type": "Polygon",
        "coordinates": [
          [
            [
              32351,
              22836
            ],
            [
              34254,
              22836
            ],
            [
              34254,
              24739
            ],
            [
              32351,
              24739
            ],
            [
              32351,
              22836
            ]
          ]
        ]
      },
      "properties": {
        "objectType": "annotation",
        "classification": {
          "name": "vessel_e",
          "color": [
            255,
            0,
            0
          ]
        },
        "isLocked": false
      }
    },
    {
      "type": "Feature",
      "id": "patch_34254_22836",
      "geometry": {
        "type": "Polygon",
        "coordinates": [
          [
            [
              34254,
              22836
            ],
            [
              36157,
              22836
            ],
            [
              36157,
              24739
            ],
            [
              34254,
              24739
            ],
            [
              34254,
              22836
            ]
          ]
        ]
      },
      "properties": {
        "objectType": "annotation",
        "classification": {
          "name": "vessel_e",
          "color": [
            255,
            0,
            0
          ]
        },
        "isLocked": false
      }
    },
    {
      "type": "Feature",
      "id": "patch_36157_22836",
      "geometry": {
        "type": "Polygon",
        "coordinates": [
          [
            [
              36157,
              22836
            ],
            [
              38060,
              22836
            ],
            [
              38060,
              24739
            ],
            [
              36157,
              24739
            ],
            [
              36157,
              22836
            ]
          ]
        ]
      },
      "properties": {
        "objectType": "annotation",
        "classification": {
          "name": "background_e",
          "color": [
            255,
            182,
            193
          ]
        },
        "isLocked": false
      }
    },
    {
      "type": "Feature",
      "id": "patch_38060_22836",
      "geometry": {
        "type": "Polygon",
        "coordinates": [
          [
            [
              38060,
              22836
            ],
            [
              39963,
              22836
            ],
            [
              39963,
              24739
            ],
            [
              38060,
              24739
            ],
            [
              38060,
              22836
            ]
          ]
        ]
      },
      "properties": {
        "objectType": "annotation",
        "classification": {
          "name": "background_e",
          "color": [
            255,
            182,
            193
          ]
        },
        "isLocked": false
      }
    },
    {
      "type": "Feature",
      "id": "patch_39963_22836",
      "geometry": {
        "type": "Polygon",
        "coordinates": [
          [
            [
              39963,
              22836
            ],
            [
              41866,
              22836
            ],
            [
              41866,
              24739
            ],
            [
              39963,
              24739
            ],
            [
              39963,
              22836
            ]
          ]
        ]
      },
      "properties": {
        "objectType": "annotation",
        "classification": {
          "name": "background_e",
          "color": [
            255,
            182,
            193
          ]
        },
        "isLocked": false
      }
    },
    {
      "type": "Feature",
      "id": "patch_41866_22836",
      "geometry": {
        "type": "Polygon",
        "coordinates": [
          [
            [
              41866,
              22836
            ],
            [
              43769,
              22836
            ],
            [
              43769,
              24739
            ],
            [
              41866,
              24739
            ],
            [
              41866,
              22836
            ]
          ]
        ]
      },
      "properties": {
        "objectType": "annotation",
        "classification": {
          "name": "vessel_e",
          "color": [
            255,
            0,
            0
          ]
        },
        "isLocked": false
      }
    },
    {
      "type": "Feature",
      "id": "patch_43769_22836",
      "geometry": {
        "type": "Polygon",
        "coordinates": [
          [
            [
              43769,
              22836
            ],
            [
              45672,
              22836
            ],
            [
              45672,
              24739
            ],
            [
              43769,
              24739
            ],
            [
              43769,
              22836
            ]
          ]
        ]
      },
      "properties": {
        "objectType": "annotation",
        "classification": {
          "name": "background_e",
          "color": [
            255,
            182,
            193
          ]
        },
        "isLocked": false
      }
    },
    {
      "type": "Feature",
      "id": "patch_45672_22836",
      "geometry": {
        "type": "Polygon",
        "coordinates": [
          [
            [
              45672,
              22836
            ],
            [
              47575,
              22836
            ],
            [
              47575,
              24739
            ],
            [
              45672,
              24739
            ],
            [
              45672,
              22836
            ]
          ]
        ]
      },
      "properties": {
        "objectType": "annotation",
        "classification": {
          "name": "background_e",
          "color": [
            255,
            182,
            193
          ]
        },
        "isLocked": false
      }
    },
    {
      "type": "Feature",
      "id": "patch_47575_22836",
      "geometry": {
        "type": "Polygon",
        "coordinates": [
          [
            [
              47575,
              22836
            ],
            [
              49478,
              22836
            ],
            [
              49478,
              24739
            ],
            [
              47575,
              24739
            ],
            [
              47575,
              22836
            ]
          ]
        ]
      },
      "properties": {
        "objectType": "annotation",
        "classification": {
          "name": "background_e",
          "color": [
            255,
            182,
            193
          ]
        },
        "isLocked": false
      }
    },
    {
      "type": "Feature",
      "id": "patch_49478_22836",
      "geometry": {
        "type": "Polygon",
        "coordinates": [
          [
            [
              49478,
              22836
            ],
            [
              51381,
              22836
            ],
            [
              51381,
              24739
            ],
            [
              49478,
              24739
            ],
            [
              49478,
              22836
            ]
          ]
        ]
      },
      "properties": {
        "objectType": "annotation",
        "classification": {
          "name": "background_e",
          "color": [
            255,
            182,
            193
          ]
        },
        "isLocked": false
      }
    },
    {
      "type": "Feature",
      "id": "patch_51381_22836",
      "geometry": {
        "type": "Polygon",
        "coordinates": [
          [
            [
              51381,
              22836
            ],
            [
              53284,
              22836
            ],
            [
              53284,
              24739
            ],
            [
              51381,
              24739
            ],
            [
              51381,
              22836
            ]
          ]
        ]
      },
      "properties": {
        "objectType": "annotation",
        "classification": {
          "name": "background_e",
          "color": [
            255,
            182,
            193
          ]
        },
        "isLocked": false
      }
    },
    {
      "type": "Feature",
      "id": "patch_53284_22836",
      "geometry": {
        "type": "Polygon",
        "coordinates": [
          [
            [
              53284,
              22836
            ],
            [
              55187,
              22836
            ],
            [
              55187,
              24739
            ],
            [
              53284,
              24739
            ],
            [
              53284,
              22836
            ]
          ]
        ]
      },
      "properties": {
        "objectType": "annotation",
        "classification": {
          "name": "background_e",
          "color": [
            255,
            182,
            193
          ]
        },
        "isLocked": false
      }
    },
    {
      "type": "Feature",
      "id": "patch_55187_22836",
      "geometry": {
        "type": "Polygon",
        "coordinates": [
          [
            [
              55187,
              22836
            ],
            [
              57090,
              22836
            ],
            [
              57090,
              24739
            ],
            [
              55187,
              24739
            ],
            [
              55187,
              22836
            ]
          ]
        ]
      },
      "properties": {
        "objectType": "annotation",
        "classification": {
          "name": "background_e",
          "color": [
            255,
            182,
            193
          ]
        },
        "isLocked": false
      }
    },
    {
      "type": "Feature",
      "id": "patch_57090_22836",
      "geometry": {
        "type": "Polygon",
        "coordinates": [
          [
            [
              57090,
              22836
            ],
            [
              58993,
              22836
            ],
            [
              58993,
              24739
            ],
            [
              57090,
              24739
            ],
            [
              57090,
              22836
            ]
          ]
        ]
      },
      "properties": {
        "objectType": "annotation",
        "classification": {
          "name": "background_e",
          "color": [
            255,
            182,
            193
          ]
        },
        "isLocked": false
      }
    },
    {
      "type": "Feature",
      "id": "patch_58993_22836",
      "geometry": {
        "type": "Polygon",
        "coordinates": [
          [
            [
              58993,
              22836
            ],
            [
              60896,
              22836
            ],
            [
              60896,
              24739
            ],
            [
              58993,
              24739
            ],
            [
              58993,
              22836
            ]
          ]
        ]
      },
      "properties": {
        "objectType": "annotation",
        "classification": {
          "name": "white",
          "color": [
            200,
            200,
            200
          ]
        },
        "isLocked": false
      }
    },
    {
      "type": "Feature",
      "id": "patch_60896_22836",
      "geometry": {
        "type": "Polygon",
        "coordinates": [
          [
            [
              60896,
              22836
            ],
            [
              62799,
              22836
            ],
            [
              62799,
              24739
            ],
            [
              60896,
              24739
            ],
            [
              60896,
              22836
            ]
          ]
        ]
      },
      "properties": {
        "objectType": "annotation",
        "classification": {
          "name": "background_e",
          "color": [
            255,
            182,
            193
          ]
        },
        "isLocked": false
      }
    },
    {
      "type": "Feature",
      "id": "patch_62799_22836",
      "geometry": {
        "type": "Polygon",
        "coordinates": [
          [
            [
              62799,
              22836
            ],
            [
              64702,
              22836
            ],
            [
              64702,
              24739
            ],
            [
              62799,
              24739
            ],
            [
              62799,
              22836
            ]
          ]
        ]
      },
      "properties": {
        "objectType": "annotation",
        "classification": {
          "name": "background_e",
          "color": [
            255,
            182,
            193
          ]
        },
        "isLocked": false
      }
    },
    {
      "type": "Feature",
      "id": "patch_64702_22836",
      "geometry": {
        "type": "Polygon",
        "coordinates": [
          [
            [
              64702,
              22836
            ],
            [
              66605,
              22836
            ],
            [
              66605,
              24739
            ],
            [
              64702,
              24739
            ],
            [
              64702,
              22836
            ]
          ]
        ]
      },
      "properties": {
        "objectType": "annotation",
        "classification": {
          "name": "background_e",
          "color": [
            255,
            182,
            193
          ]
        },
        "isLocked": false
      }
    },
    {
      "type": "Feature",
      "id": "patch_66605_22836",
      "geometry": {
        "type": "Polygon",
        "coordinates": [
          [
            [
              66605,
              22836
            ],
            [
              68508,
              22836
            ],
            [
              68508,
              24739
            ],
            [
              66605,
              24739
            ],
            [
              66605,
              22836
            ]
          ]
        ]
      },
      "properties": {
        "objectType": "annotation",
        "classification": {
          "name": "vessel_e",
          "color": [
            255,
            0,
            0
          ]
        },
        "isLocked": false
      }
    },
    {
      "type": "Feature",
      "id": "patch_68508_22836",
      "geometry": {
        "type": "Polygon",
        "coordinates": [
          [
            [
              68508,
              22836
            ],
            [
              70411,
              22836
            ],
            [
              70411,
              24739
            ],
            [
              68508,
              24739
            ],
            [
              68508,
              22836
            ]
          ]
        ]
      },
      "properties": {
        "objectType": "annotation",
        "classification": {
          "name": "vessel_e",
          "color": [
            255,
            0,
            0
          ]
        },
        "isLocked": false
      }
    },
    {
      "type": "Feature",
      "id": "patch_70411_22836",
      "geometry": {
        "type": "Polygon",
        "coordinates": [
          [
            [
              70411,
              22836
            ],
            [
              72314,
              22836
            ],
            [
              72314,
              24739
            ],
            [
              70411,
              24739
            ],
            [
              70411,
              22836
            ]
          ]
        ]
      },
      "properties": {
        "objectType": "annotation",
        "classification": {
          "name": "vessel_e",
          "color": [
            255,
            0,
            0
          ]
        },
        "isLocked": false
      }
    },
    {
      "type": "Feature",
      "id": "patch_72314_22836",
      "geometry": {
        "type": "Polygon",
        "coordinates": [
          [
            [
              72314,
              22836
            ],
            [
              74217,
              22836
            ],
            [
              74217,
              24739
            ],
            [
              72314,
              24739
            ],
            [
              72314,
              22836
            ]
          ]
        ]
      },
      "properties": {
        "objectType": "annotation",
        "classification": {
          "name": "white",
          "color": [
            200,
            200,
            200
          ]
        },
        "isLocked": false
      }
    },
    {
      "type": "Feature",
      "id": "patch_74217_22836",
      "geometry": {
        "type": "Polygon",
        "coordinates": [
          [
            [
              74217,
              22836
            ],
            [
              76120,
              22836
            ],
            [
              76120,
              24739
            ],
            [
              74217,
              24739
            ],
            [
              74217,
              22836
            ]
          ]
        ]
      },
      "properties": {
        "objectType": "annotation",
        "classification": {
          "name": "background_e",
          "color": [
            255,
            182,
            193
          ]
        },
        "isLocked": false
      }
    },
    {
      "type": "Feature",
      "id": "patch_76120_22836",
      "geometry": {
        "type": "Polygon",
        "coordinates": [
          [
            [
              76120,
              22836
            ],
            [
              78023,
              22836
            ],
            [
              78023,
              24739
            ],
            [
              76120,
              24739
            ],
            [
              76120,
              22836
            ]
          ]
        ]
      },
      "properties": {
        "objectType": "annotation",
        "classification": {
          "name": "background_e",
          "color": [
            255,
            182,
            193
          ]
        },
        "isLocked": false
      }
    },
    {
      "type": "Feature",
      "id": "patch_78023_22836",
      "geometry": {
        "type": "Polygon",
        "coordinates": [
          [
            [
              78023,
              22836
            ],
            [
              79926,
              22836
            ],
            [
              79926,
              24739
            ],
            [
              78023,
              24739
            ],
            [
              78023,
              22836
            ]
          ]
        ]
      },
      "properties": {
        "objectType": "annotation",
        "classification": {
          "name": "white",
          "color": [
            200,
            200,
            200
          ]
        },
        "isLocked": false
      }
    },
    {
      "type": "Feature",
      "id": "patch_7612_24739",
      "geometry": {
        "type": "Polygon",
        "coordinates": [
          [
            [
              7612,
              24739
            ],
            [
              9515,
              24739
            ],
            [
              9515,
              26642
            ],
            [
              7612,
              26642
            ],
            [
              7612,
              24739
            ]
          ]
        ]
      },
      "properties": {
        "objectType": "annotation",
        "classification": {
          "name": "background_h",
          "color": [
            0,
            0,
            255
          ]
        },
        "isLocked": false
      }
    },
    {
      "type": "Feature",
      "id": "patch_9515_24739",
      "geometry": {
        "type": "Polygon",
        "coordinates": [
          [
            [
              9515,
              24739
            ],
            [
              11418,
              24739
            ],
            [
              11418,
              26642
            ],
            [
              9515,
              26642
            ],
            [
              9515,
              24739
            ]
          ]
        ]
      },
      "properties": {
        "objectType": "annotation",
        "classification": {
          "name": "background_h",
          "color": [
            0,
            0,
            255
          ]
        },
        "isLocked": false
      }
    },
    {
      "type": "Feature",
      "id": "patch_11418_24739",
      "geometry": {
        "type": "Polygon",
        "coordinates": [
          [
            [
              11418,
              24739
            ],
            [
              13321,
              24739
            ],
            [
              13321,
              26642
            ],
            [
              11418,
              26642
            ],
            [
              11418,
              24739
            ]
          ]
        ]
      },
      "properties": {
        "objectType": "annotation",
        "classification": {
          "name": "vessel_h",
          "color": [
            128,
            0,
            128
          ]
        },
        "isLocked": false
      }
    },
    {
      "type": "Feature",
      "id": "patch_13321_24739",
      "geometry": {
        "type": "Polygon",
        "coordinates": [
          [
            [
              13321,
              24739
            ],
            [
              15224,
              24739
            ],
            [
              15224,
              26642
            ],
            [
              13321,
              26642
            ],
            [
              13321,
              24739
            ]
          ]
        ]
      },
      "properties": {
        "objectType": "annotation",
        "classification": {
          "name": "background_h",
          "color": [
            0,
            0,
            255
          ]
        },
        "isLocked": false
      }
    },
    {
      "type": "Feature",
      "id": "patch_15224_24739",
      "geometry": {
        "type": "Polygon",
        "coordinates": [
          [
            [
              15224,
              24739
            ],
            [
              17127,
              24739
            ],
            [
              17127,
              26642
            ],
            [
              15224,
              26642
            ],
            [
              15224,
              24739
            ]
          ]
        ]
      },
      "properties": {
        "objectType": "annotation",
        "classification": {
          "name": "background_h",
          "color": [
            0,
            0,
            255
          ]
        },
        "isLocked": false
      }
    },
    {
      "type": "Feature",
      "id": "patch_17127_24739",
      "geometry": {
        "type": "Polygon",
        "coordinates": [
          [
            [
              17127,
              24739
            ],
            [
              19030,
              24739
            ],
            [
              19030,
              26642
            ],
            [
              17127,
              26642
            ],
            [
              17127,
              24739
            ]
          ]
        ]
      },
      "properties": {
        "objectType": "annotation",
        "classification": {
          "name": "background_h",
          "color": [
            0,
            0,
            255
          ]
        },
        "isLocked": false
      }
    },
    {
      "type": "Feature",
      "id": "patch_19030_24739",
      "geometry": {
        "type": "Polygon",
        "coordinates": [
          [
            [
              19030,
              24739
            ],
            [
              20933,
              24739
            ],
            [
              20933,
              26642
            ],
            [
              19030,
              26642
            ],
            [
              19030,
              24739
            ]
          ]
        ]
      },
      "properties": {
        "objectType": "annotation",
        "classification": {
          "name": "vessel_h",
          "color": [
            128,
            0,
            128
          ]
        },
        "isLocked": false
      }
    },
    {
      "type": "Feature",
      "id": "patch_20933_24739",
      "geometry": {
        "type": "Polygon",
        "coordinates": [
          [
            [
              20933,
              24739
            ],
            [
              22836,
              24739
            ],
            [
              22836,
              26642
            ],
            [
              20933,
              26642
            ],
            [
              20933,
              24739
            ]
          ]
        ]
      },
      "properties": {
        "objectType": "annotation",
        "classification": {
          "name": "background_h",
          "color": [
            0,
            0,
            255
          ]
        },
        "isLocked": false
      }
    },
    {
      "type": "Feature",
      "id": "patch_22836_24739",
      "geometry": {
        "type": "Polygon",
        "coordinates": [
          [
            [
              22836,
              24739
            ],
            [
              24739,
              24739
            ],
            [
              24739,
              26642
            ],
            [
              22836,
              26642
            ],
            [
              22836,
              24739
            ]
          ]
        ]
      },
      "properties": {
        "objectType": "annotation",
        "classification": {
          "name": "background_h",
          "color": [
            0,
            0,
            255
          ]
        },
        "isLocked": false
      }
    },
    {
      "type": "Feature",
      "id": "patch_24739_24739",
      "geometry": {
        "type": "Polygon",
        "coordinates": [
          [
            [
              24739,
              24739
            ],
            [
              26642,
              24739
            ],
            [
              26642,
              26642
            ],
            [
              24739,
              26642
            ],
            [
              24739,
              24739
            ]
          ]
        ]
      },
      "properties": {
        "objectType": "annotation",
        "classification": {
          "name": "background_h",
          "color": [
            0,
            0,
            255
          ]
        },
        "isLocked": false
      }
    },
    {
      "type": "Feature",
      "id": "patch_26642_24739",
      "geometry": {
        "type": "Polygon",
        "coordinates": [
          [
            [
              26642,
              24739
            ],
            [
              28545,
              24739
            ],
            [
              28545,
              26642
            ],
            [
              26642,
              26642
            ],
            [
              26642,
              24739
            ]
          ]
        ]
      },
      "properties": {
        "objectType": "annotation",
        "classification": {
          "name": "background_e",
          "color": [
            255,
            182,
            193
          ]
        },
        "isLocked": false
      }
    },
    {
      "type": "Feature",
      "id": "patch_28545_24739",
      "geometry": {
        "type": "Polygon",
        "coordinates": [
          [
            [
              28545,
              24739
            ],
            [
              30448,
              24739
            ],
            [
              30448,
              26642
            ],
            [
              28545,
              26642
            ],
            [
              28545,
              24739
            ]
          ]
        ]
      },
      "properties": {
        "objectType": "annotation",
        "classification": {
          "name": "background_e",
          "color": [
            255,
            182,
            193
          ]
        },
        "isLocked": false
      }
    },
    {
      "type": "Feature",
      "id": "patch_30448_24739",
      "geometry": {
        "type": "Polygon",
        "coordinates": [
          [
            [
              30448,
              24739
            ],
            [
              32351,
              24739
            ],
            [
              32351,
              26642
            ],
            [
              30448,
              26642
            ],
            [
              30448,
              24739
            ]
          ]
        ]
      },
      "properties": {
        "objectType": "annotation",
        "classification": {
          "name": "background_e",
          "color": [
            255,
            182,
            193
          ]
        },
        "isLocked": false
      }
    },
    {
      "type": "Feature",
      "id": "patch_32351_24739",
      "geometry": {
        "type": "Polygon",
        "coordinates": [
          [
            [
              32351,
              24739
            ],
            [
              34254,
              24739
            ],
            [
              34254,
              26642
            ],
            [
              32351,
              26642
            ],
            [
              32351,
              24739
            ]
          ]
        ]
      },
      "properties": {
        "objectType": "annotation",
        "classification": {
          "name": "background_e",
          "color": [
            255,
            182,
            193
          ]
        },
        "isLocked": false
      }
    },
    {
      "type": "Feature",
      "id": "patch_34254_24739",
      "geometry": {
        "type": "Polygon",
        "coordinates": [
          [
            [
              34254,
              24739
            ],
            [
              36157,
              24739
            ],
            [
              36157,
              26642
            ],
            [
              34254,
              26642
            ],
            [
              34254,
              24739
            ]
          ]
        ]
      },
      "properties": {
        "objectType": "annotation",
        "classification": {
          "name": "background_e",
          "color": [
            255,
            182,
            193
          ]
        },
        "isLocked": false
      }
    },
    {
      "type": "Feature",
      "id": "patch_36157_24739",
      "geometry": {
        "type": "Polygon",
        "coordinates": [
          [
            [
              36157,
              24739
            ],
            [
              38060,
              24739
            ],
            [
              38060,
              26642
            ],
            [
              36157,
              26642
            ],
            [
              36157,
              24739
            ]
          ]
        ]
      },
      "properties": {
        "objectType": "annotation",
        "classification": {
          "name": "background_e",
          "color": [
            255,
            182,
            193
          ]
        },
        "isLocked": false
      }
    },
    {
      "type": "Feature",
      "id": "patch_38060_24739",
      "geometry": {
        "type": "Polygon",
        "coordinates": [
          [
            [
              38060,
              24739
            ],
            [
              39963,
              24739
            ],
            [
              39963,
              26642
            ],
            [
              38060,
              26642
            ],
            [
              38060,
              24739
            ]
          ]
        ]
      },
      "properties": {
        "objectType": "annotation",
        "classification": {
          "name": "vessel_e",
          "color": [
            255,
            0,
            0
          ]
        },
        "isLocked": false
      }
    },
    {
      "type": "Feature",
      "id": "patch_39963_24739",
      "geometry": {
        "type": "Polygon",
        "coordinates": [
          [
            [
              39963,
              24739
            ],
            [
              41866,
              24739
            ],
            [
              41866,
              26642
            ],
            [
              39963,
              26642
            ],
            [
              39963,
              24739
            ]
          ]
        ]
      },
      "properties": {
        "objectType": "annotation",
        "classification": {
          "name": "background_e",
          "color": [
            255,
            182,
            193
          ]
        },
        "isLocked": false
      }
    },
    {
      "type": "Feature",
      "id": "patch_41866_24739",
      "geometry": {
        "type": "Polygon",
        "coordinates": [
          [
            [
              41866,
              24739
            ],
            [
              43769,
              24739
            ],
            [
              43769,
              26642
            ],
            [
              41866,
              26642
            ],
            [
              41866,
              24739
            ]
          ]
        ]
      },
      "properties": {
        "objectType": "annotation",
        "classification": {
          "name": "vessel_e",
          "color": [
            255,
            0,
            0
          ]
        },
        "isLocked": false
      }
    },
    {
      "type": "Feature",
      "id": "patch_43769_24739",
      "geometry": {
        "type": "Polygon",
        "coordinates": [
          [
            [
              43769,
              24739
            ],
            [
              45672,
              24739
            ],
            [
              45672,
              26642
            ],
            [
              43769,
              26642
            ],
            [
              43769,
              24739
            ]
          ]
        ]
      },
      "properties": {
        "objectType": "annotation",
        "classification": {
          "name": "vessel_e",
          "color": [
            255,
            0,
            0
          ]
        },
        "isLocked": false
      }
    },
    {
      "type": "Feature",
      "id": "patch_45672_24739",
      "geometry": {
        "type": "Polygon",
        "coordinates": [
          [
            [
              45672,
              24739
            ],
            [
              47575,
              24739
            ],
            [
              47575,
              26642
            ],
            [
              45672,
              26642
            ],
            [
              45672,
              24739
            ]
          ]
        ]
      },
      "properties": {
        "objectType": "annotation",
        "classification": {
          "name": "vessel_e",
          "color": [
            255,
            0,
            0
          ]
        },
        "isLocked": false
      }
    },
    {
      "type": "Feature",
      "id": "patch_47575_24739",
      "geometry": {
        "type": "Polygon",
        "coordinates": [
          [
            [
              47575,
              24739
            ],
            [
              49478,
              24739
            ],
            [
              49478,
              26642
            ],
            [
              47575,
              26642
            ],
            [
              47575,
              24739
            ]
          ]
        ]
      },
      "properties": {
        "objectType": "annotation",
        "classification": {
          "name": "background_e",
          "color": [
            255,
            182,
            193
          ]
        },
        "isLocked": false
      }
    },
    {
      "type": "Feature",
      "id": "patch_49478_24739",
      "geometry": {
        "type": "Polygon",
        "coordinates": [
          [
            [
              49478,
              24739
            ],
            [
              51381,
              24739
            ],
            [
              51381,
              26642
            ],
            [
              49478,
              26642
            ],
            [
              49478,
              24739
            ]
          ]
        ]
      },
      "properties": {
        "objectType": "annotation",
        "classification": {
          "name": "background_e",
          "color": [
            255,
            182,
            193
          ]
        },
        "isLocked": false
      }
    },
    {
      "type": "Feature",
      "id": "patch_51381_24739",
      "geometry": {
        "type": "Polygon",
        "coordinates": [
          [
            [
              51381,
              24739
            ],
            [
              53284,
              24739
            ],
            [
              53284,
              26642
            ],
            [
              51381,
              26642
            ],
            [
              51381,
              24739
            ]
          ]
        ]
      },
      "properties": {
        "objectType": "annotation",
        "classification": {
          "name": "background_e",
          "color": [
            255,
            182,
            193
          ]
        },
        "isLocked": false
      }
    },
    {
      "type": "Feature",
      "id": "patch_53284_24739",
      "geometry": {
        "type": "Polygon",
        "coordinates": [
          [
            [
              53284,
              24739
            ],
            [
              55187,
              24739
            ],
            [
              55187,
              26642
            ],
            [
              53284,
              26642
            ],
            [
              53284,
              24739
            ]
          ]
        ]
      },
      "properties": {
        "objectType": "annotation",
        "classification": {
          "name": "background_e",
          "color": [
            255,
            182,
            193
          ]
        },
        "isLocked": false
      }
    },
    {
      "type": "Feature",
      "id": "patch_55187_24739",
      "geometry": {
        "type": "Polygon",
        "coordinates": [
          [
            [
              55187,
              24739
            ],
            [
              57090,
              24739
            ],
            [
              57090,
              26642
            ],
            [
              55187,
              26642
            ],
            [
              55187,
              24739
            ]
          ]
        ]
      },
      "properties": {
        "objectType": "annotation",
        "classification": {
          "name": "background_e",
          "color": [
            255,
            182,
            193
          ]
        },
        "isLocked": false
      }
    },
    {
      "type": "Feature",
      "id": "patch_57090_24739",
      "geometry": {
        "type": "Polygon",
        "coordinates": [
          [
            [
              57090,
              24739
            ],
            [
              58993,
              24739
            ],
            [
              58993,
              26642
            ],
            [
              57090,
              26642
            ],
            [
              57090,
              24739
            ]
          ]
        ]
      },
      "properties": {
        "objectType": "annotation",
        "classification": {
          "name": "background_e",
          "color": [
            255,
            182,
            193
          ]
        },
        "isLocked": false
      }
    },
    {
      "type": "Feature",
      "id": "patch_58993_24739",
      "geometry": {
        "type": "Polygon",
        "coordinates": [
          [
            [
              58993,
              24739
            ],
            [
              60896,
              24739
            ],
            [
              60896,
              26642
            ],
            [
              58993,
              26642
            ],
            [
              58993,
              24739
            ]
          ]
        ]
      },
      "properties": {
        "objectType": "annotation",
        "classification": {
          "name": "background_e",
          "color": [
            255,
            182,
            193
          ]
        },
        "isLocked": false
      }
    },
    {
      "type": "Feature",
      "id": "patch_60896_24739",
      "geometry": {
        "type": "Polygon",
        "coordinates": [
          [
            [
              60896,
              24739
            ],
            [
              62799,
              24739
            ],
            [
              62799,
              26642
            ],
            [
              60896,
              26642
            ],
            [
              60896,
              24739
            ]
          ]
        ]
      },
      "properties": {
        "objectType": "annotation",
        "classification": {
          "name": "background_e",
          "color": [
            255,
            182,
            193
          ]
        },
        "isLocked": false
      }
    },
    {
      "type": "Feature",
      "id": "patch_62799_24739",
      "geometry": {
        "type": "Polygon",
        "coordinates": [
          [
            [
              62799,
              24739
            ],
            [
              64702,
              24739
            ],
            [
              64702,
              26642
            ],
            [
              62799,
              26642
            ],
            [
              62799,
              24739
            ]
          ]
        ]
      },
      "properties": {
        "objectType": "annotation",
        "classification": {
          "name": "background_e",
          "color": [
            255,
            182,
            193
          ]
        },
        "isLocked": false
      }
    },
    {
      "type": "Feature",
      "id": "patch_66605_24739",
      "geometry": {
        "type": "Polygon",
        "coordinates": [
          [
            [
              66605,
              24739
            ],
            [
              68508,
              24739
            ],
            [
              68508,
              26642
            ],
            [
              66605,
              26642
            ],
            [
              66605,
              24739
            ]
          ]
        ]
      },
      "properties": {
        "objectType": "annotation",
        "classification": {
          "name": "white",
          "color": [
            200,
            200,
            200
          ]
        },
        "isLocked": false
      }
    },
    {
      "type": "Feature",
      "id": "patch_68508_24739",
      "geometry": {
        "type": "Polygon",
        "coordinates": [
          [
            [
              68508,
              24739
            ],
            [
              70411,
              24739
            ],
            [
              70411,
              26642
            ],
            [
              68508,
              26642
            ],
            [
              68508,
              24739
            ]
          ]
        ]
      },
      "properties": {
        "objectType": "annotation",
        "classification": {
          "name": "vessel_e",
          "color": [
            255,
            0,
            0
          ]
        },
        "isLocked": false
      }
    },
    {
      "type": "Feature",
      "id": "patch_70411_24739",
      "geometry": {
        "type": "Polygon",
        "coordinates": [
          [
            [
              70411,
              24739
            ],
            [
              72314,
              24739
            ],
            [
              72314,
              26642
            ],
            [
              70411,
              26642
            ],
            [
              70411,
              24739
            ]
          ]
        ]
      },
      "properties": {
        "objectType": "annotation",
        "classification": {
          "name": "background_e",
          "color": [
            255,
            182,
            193
          ]
        },
        "isLocked": false
      }
    },
    {
      "type": "Feature",
      "id": "patch_72314_24739",
      "geometry": {
        "type": "Polygon",
        "coordinates": [
          [
            [
              72314,
              24739
            ],
            [
              74217,
              24739
            ],
            [
              74217,
              26642
            ],
            [
              72314,
              26642
            ],
            [
              72314,
              24739
            ]
          ]
        ]
      },
      "properties": {
        "objectType": "annotation",
        "classification": {
          "name": "background_e",
          "color": [
            255,
            182,
            193
          ]
        },
        "isLocked": false
      }
    },
    {
      "type": "Feature",
      "id": "patch_74217_24739",
      "geometry": {
        "type": "Polygon",
        "coordinates": [
          [
            [
              74217,
              24739
            ],
            [
              76120,
              24739
            ],
            [
              76120,
              26642
            ],
            [
              74217,
              26642
            ],
            [
              74217,
              24739
            ]
          ]
        ]
      },
      "properties": {
        "objectType": "annotation",
        "classification": {
          "name": "vessel_e",
          "color": [
            255,
            0,
            0
          ]
        },
        "isLocked": false
      }
    },
    {
      "type": "Feature",
      "id": "patch_76120_24739",
      "geometry": {
        "type": "Polygon",
        "coordinates": [
          [
            [
              76120,
              24739
            ],
            [
              78023,
              24739
            ],
            [
              78023,
              26642
            ],
            [
              76120,
              26642
            ],
            [
              76120,
              24739
            ]
          ]
        ]
      },
      "properties": {
        "objectType": "annotation",
        "classification": {
          "name": "white",
          "color": [
            200,
            200,
            200
          ]
        },
        "isLocked": false
      }
    },
    {
      "type": "Feature",
      "id": "patch_78023_24739",
      "geometry": {
        "type": "Polygon",
        "coordinates": [
          [
            [
              78023,
              24739
            ],
            [
              79926,
              24739
            ],
            [
              79926,
              26642
            ],
            [
              78023,
              26642
            ],
            [
              78023,
              24739
            ]
          ]
        ]
      },
      "properties": {
        "objectType": "annotation",
        "classification": {
          "name": "white",
          "color": [
            200,
            200,
            200
          ]
        },
        "isLocked": false
      }
    },
    {
      "type": "Feature",
      "id": "patch_79926_24739",
      "geometry": {
        "type": "Polygon",
        "coordinates": [
          [
            [
              79926,
              24739
            ],
            [
              81829,
              24739
            ],
            [
              81829,
              26642
            ],
            [
              79926,
              26642
            ],
            [
              79926,
              24739
            ]
          ]
        ]
      },
      "properties": {
        "objectType": "annotation",
        "classification": {
          "name": "white",
          "color": [
            200,
            200,
            200
          ]
        },
        "isLocked": false
      }
    },
    {
      "type": "Feature",
      "id": "patch_81829_24739",
      "geometry": {
        "type": "Polygon",
        "coordinates": [
          [
            [
              81829,
              24739
            ],
            [
              83732,
              24739
            ],
            [
              83732,
              26642
            ],
            [
              81829,
              26642
            ],
            [
              81829,
              24739
            ]
          ]
        ]
      },
      "properties": {
        "objectType": "annotation",
        "classification": {
          "name": "white",
          "color": [
            200,
            200,
            200
          ]
        },
        "isLocked": false
      }
    },
    {
      "type": "Feature",
      "id": "patch_83732_24739",
      "geometry": {
        "type": "Polygon",
        "coordinates": [
          [
            [
              83732,
              24739
            ],
            [
              85635,
              24739
            ],
            [
              85635,
              26642
            ],
            [
              83732,
              26642
            ],
            [
              83732,
              24739
            ]
          ]
        ]
      },
      "properties": {
        "objectType": "annotation",
        "classification": {
          "name": "white",
          "color": [
            200,
            200,
            200
          ]
        },
        "isLocked": false
      }
    },
    {
      "type": "Feature",
      "id": "patch_7612_26642",
      "geometry": {
        "type": "Polygon",
        "coordinates": [
          [
            [
              7612,
              26642
            ],
            [
              9515,
              26642
            ],
            [
              9515,
              28545
            ],
            [
              7612,
              28545
            ],
            [
              7612,
              26642
            ]
          ]
        ]
      },
      "properties": {
        "objectType": "annotation",
        "classification": {
          "name": "background_h",
          "color": [
            0,
            0,
            255
          ]
        },
        "isLocked": false
      }
    },
    {
      "type": "Feature",
      "id": "patch_9515_26642",
      "geometry": {
        "type": "Polygon",
        "coordinates": [
          [
            [
              9515,
              26642
            ],
            [
              11418,
              26642
            ],
            [
              11418,
              28545
            ],
            [
              9515,
              28545
            ],
            [
              9515,
              26642
            ]
          ]
        ]
      },
      "properties": {
        "objectType": "annotation",
        "classification": {
          "name": "background_h",
          "color": [
            0,
            0,
            255
          ]
        },
        "isLocked": false
      }
    },
    {
      "type": "Feature",
      "id": "patch_11418_26642",
      "geometry": {
        "type": "Polygon",
        "coordinates": [
          [
            [
              11418,
              26642
            ],
            [
              13321,
              26642
            ],
            [
              13321,
              28545
            ],
            [
              11418,
              28545
            ],
            [
              11418,
              26642
            ]
          ]
        ]
      },
      "properties": {
        "objectType": "annotation",
        "classification": {
          "name": "background_h",
          "color": [
            0,
            0,
            255
          ]
        },
        "isLocked": false
      }
    },
    {
      "type": "Feature",
      "id": "patch_13321_26642",
      "geometry": {
        "type": "Polygon",
        "coordinates": [
          [
            [
              13321,
              26642
            ],
            [
              15224,
              26642
            ],
            [
              15224,
              28545
            ],
            [
              13321,
              28545
            ],
            [
              13321,
              26642
            ]
          ]
        ]
      },
      "properties": {
        "objectType": "annotation",
        "classification": {
          "name": "background_h",
          "color": [
            0,
            0,
            255
          ]
        },
        "isLocked": false
      }
    },
    {
      "type": "Feature",
      "id": "patch_15224_26642",
      "geometry": {
        "type": "Polygon",
        "coordinates": [
          [
            [
              15224,
              26642
            ],
            [
              17127,
              26642
            ],
            [
              17127,
              28545
            ],
            [
              15224,
              28545
            ],
            [
              15224,
              26642
            ]
          ]
        ]
      },
      "properties": {
        "objectType": "annotation",
        "classification": {
          "name": "background_h",
          "color": [
            0,
            0,
            255
          ]
        },
        "isLocked": false
      }
    },
    {
      "type": "Feature",
      "id": "patch_17127_26642",
      "geometry": {
        "type": "Polygon",
        "coordinates": [
          [
            [
              17127,
              26642
            ],
            [
              19030,
              26642
            ],
            [
              19030,
              28545
            ],
            [
              17127,
              28545
            ],
            [
              17127,
              26642
            ]
          ]
        ]
      },
      "properties": {
        "objectType": "annotation",
        "classification": {
          "name": "background_h",
          "color": [
            0,
            0,
            255
          ]
        },
        "isLocked": false
      }
    },
    {
      "type": "Feature",
      "id": "patch_19030_26642",
      "geometry": {
        "type": "Polygon",
        "coordinates": [
          [
            [
              19030,
              26642
            ],
            [
              20933,
              26642
            ],
            [
              20933,
              28545
            ],
            [
              19030,
              28545
            ],
            [
              19030,
              26642
            ]
          ]
        ]
      },
      "properties": {
        "objectType": "annotation",
        "classification": {
          "name": "vessel_h",
          "color": [
            128,
            0,
            128
          ]
        },
        "isLocked": false
      }
    },
    {
      "type": "Feature",
      "id": "patch_20933_26642",
      "geometry": {
        "type": "Polygon",
        "coordinates": [
          [
            [
              20933,
              26642
            ],
            [
              22836,
              26642
            ],
            [
              22836,
              28545
            ],
            [
              20933,
              28545
            ],
            [
              20933,
              26642
            ]
          ]
        ]
      },
      "properties": {
        "objectType": "annotation",
        "classification": {
          "name": "background_h",
          "color": [
            0,
            0,
            255
          ]
        },
        "isLocked": false
      }
    },
    {
      "type": "Feature",
      "id": "patch_22836_26642",
      "geometry": {
        "type": "Polygon",
        "coordinates": [
          [
            [
              22836,
              26642
            ],
            [
              24739,
              26642
            ],
            [
              24739,
              28545
            ],
            [
              22836,
              28545
            ],
            [
              22836,
              26642
            ]
          ]
        ]
      },
      "properties": {
        "objectType": "annotation",
        "classification": {
          "name": "background_h",
          "color": [
            0,
            0,
            255
          ]
        },
        "isLocked": false
      }
    },
    {
      "type": "Feature",
      "id": "patch_24739_26642",
      "geometry": {
        "type": "Polygon",
        "coordinates": [
          [
            [
              24739,
              26642
            ],
            [
              26642,
              26642
            ],
            [
              26642,
              28545
            ],
            [
              24739,
              28545
            ],
            [
              24739,
              26642
            ]
          ]
        ]
      },
      "properties": {
        "objectType": "annotation",
        "classification": {
          "name": "background_h",
          "color": [
            0,
            0,
            255
          ]
        },
        "isLocked": false
      }
    },
    {
      "type": "Feature",
      "id": "patch_26642_26642",
      "geometry": {
        "type": "Polygon",
        "coordinates": [
          [
            [
              26642,
              26642
            ],
            [
              28545,
              26642
            ],
            [
              28545,
              28545
            ],
            [
              26642,
              28545
            ],
            [
              26642,
              26642
            ]
          ]
        ]
      },
      "properties": {
        "objectType": "annotation",
        "classification": {
          "name": "background_e",
          "color": [
            255,
            182,
            193
          ]
        },
        "isLocked": false
      }
    },
    {
      "type": "Feature",
      "id": "patch_28545_26642",
      "geometry": {
        "type": "Polygon",
        "coordinates": [
          [
            [
              28545,
              26642
            ],
            [
              30448,
              26642
            ],
            [
              30448,
              28545
            ],
            [
              28545,
              28545
            ],
            [
              28545,
              26642
            ]
          ]
        ]
      },
      "properties": {
        "objectType": "annotation",
        "classification": {
          "name": "background_e",
          "color": [
            255,
            182,
            193
          ]
        },
        "isLocked": false
      }
    },
    {
      "type": "Feature",
      "id": "patch_30448_26642",
      "geometry": {
        "type": "Polygon",
        "coordinates": [
          [
            [
              30448,
              26642
            ],
            [
              32351,
              26642
            ],
            [
              32351,
              28545
            ],
            [
              30448,
              28545
            ],
            [
              30448,
              26642
            ]
          ]
        ]
      },
      "properties": {
        "objectType": "annotation",
        "classification": {
          "name": "background_e",
          "color": [
            255,
            182,
            193
          ]
        },
        "isLocked": false
      }
    },
    {
      "type": "Feature",
      "id": "patch_32351_26642",
      "geometry": {
        "type": "Polygon",
        "coordinates": [
          [
            [
              32351,
              26642
            ],
            [
              34254,
              26642
            ],
            [
              34254,
              28545
            ],
            [
              32351,
              28545
            ],
            [
              32351,
              26642
            ]
          ]
        ]
      },
      "properties": {
        "objectType": "annotation",
        "classification": {
          "name": "vessel_e",
          "color": [
            255,
            0,
            0
          ]
        },
        "isLocked": false
      }
    },
    {
      "type": "Feature",
      "id": "patch_34254_26642",
      "geometry": {
        "type": "Polygon",
        "coordinates": [
          [
            [
              34254,
              26642
            ],
            [
              36157,
              26642
            ],
            [
              36157,
              28545
            ],
            [
              34254,
              28545
            ],
            [
              34254,
              26642
            ]
          ]
        ]
      },
      "properties": {
        "objectType": "annotation",
        "classification": {
          "name": "background_e",
          "color": [
            255,
            182,
            193
          ]
        },
        "isLocked": false
      }
    },
    {
      "type": "Feature",
      "id": "patch_36157_26642",
      "geometry": {
        "type": "Polygon",
        "coordinates": [
          [
            [
              36157,
              26642
            ],
            [
              38060,
              26642
            ],
            [
              38060,
              28545
            ],
            [
              36157,
              28545
            ],
            [
              36157,
              26642
            ]
          ]
        ]
      },
      "properties": {
        "objectType": "annotation",
        "classification": {
          "name": "vessel_e",
          "color": [
            255,
            0,
            0
          ]
        },
        "isLocked": false
      }
    },
    {
      "type": "Feature",
      "id": "patch_38060_26642",
      "geometry": {
        "type": "Polygon",
        "coordinates": [
          [
            [
              38060,
              26642
            ],
            [
              39963,
              26642
            ],
            [
              39963,
              28545
            ],
            [
              38060,
              28545
            ],
            [
              38060,
              26642
            ]
          ]
        ]
      },
      "properties": {
        "objectType": "annotation",
        "classification": {
          "name": "vessel_e",
          "color": [
            255,
            0,
            0
          ]
        },
        "isLocked": false
      }
    },
    {
      "type": "Feature",
      "id": "patch_39963_26642",
      "geometry": {
        "type": "Polygon",
        "coordinates": [
          [
            [
              39963,
              26642
            ],
            [
              41866,
              26642
            ],
            [
              41866,
              28545
            ],
            [
              39963,
              28545
            ],
            [
              39963,
              26642
            ]
          ]
        ]
      },
      "properties": {
        "objectType": "annotation",
        "classification": {
          "name": "background_e",
          "color": [
            255,
            182,
            193
          ]
        },
        "isLocked": false
      }
    },
    {
      "type": "Feature",
      "id": "patch_41866_26642",
      "geometry": {
        "type": "Polygon",
        "coordinates": [
          [
            [
              41866,
              26642
            ],
            [
              43769,
              26642
            ],
            [
              43769,
              28545
            ],
            [
              41866,
              28545
            ],
            [
              41866,
              26642
            ]
          ]
        ]
      },
      "properties": {
        "objectType": "annotation",
        "classification": {
          "name": "vessel_e",
          "color": [
            255,
            0,
            0
          ]
        },
        "isLocked": false
      }
    },
    {
      "type": "Feature",
      "id": "patch_43769_26642",
      "geometry": {
        "type": "Polygon",
        "coordinates": [
          [
            [
              43769,
              26642
            ],
            [
              45672,
              26642
            ],
            [
              45672,
              28545
            ],
            [
              43769,
              28545
            ],
            [
              43769,
              26642
            ]
          ]
        ]
      },
      "properties": {
        "objectType": "annotation",
        "classification": {
          "name": "vessel_e",
          "color": [
            255,
            0,
            0
          ]
        },
        "isLocked": false
      }
    },
    {
      "type": "Feature",
      "id": "patch_45672_26642",
      "geometry": {
        "type": "Polygon",
        "coordinates": [
          [
            [
              45672,
              26642
            ],
            [
              47575,
              26642
            ],
            [
              47575,
              28545
            ],
            [
              45672,
              28545
            ],
            [
              45672,
              26642
            ]
          ]
        ]
      },
      "properties": {
        "objectType": "annotation",
        "classification": {
          "name": "vessel_e",
          "color": [
            255,
            0,
            0
          ]
        },
        "isLocked": false
      }
    },
    {
      "type": "Feature",
      "id": "patch_47575_26642",
      "geometry": {
        "type": "Polygon",
        "coordinates": [
          [
            [
              47575,
              26642
            ],
            [
              49478,
              26642
            ],
            [
              49478,
              28545
            ],
            [
              47575,
              28545
            ],
            [
              47575,
              26642
            ]
          ]
        ]
      },
      "properties": {
        "objectType": "annotation",
        "classification": {
          "name": "background_e",
          "color": [
            255,
            182,
            193
          ]
        },
        "isLocked": false
      }
    },
    {
      "type": "Feature",
      "id": "patch_49478_26642",
      "geometry": {
        "type": "Polygon",
        "coordinates": [
          [
            [
              49478,
              26642
            ],
            [
              51381,
              26642
            ],
            [
              51381,
              28545
            ],
            [
              49478,
              28545
            ],
            [
              49478,
              26642
            ]
          ]
        ]
      },
      "properties": {
        "objectType": "annotation",
        "classification": {
          "name": "background_e",
          "color": [
            255,
            182,
            193
          ]
        },
        "isLocked": false
      }
    },
    {
      "type": "Feature",
      "id": "patch_51381_26642",
      "geometry": {
        "type": "Polygon",
        "coordinates": [
          [
            [
              51381,
              26642
            ],
            [
              53284,
              26642
            ],
            [
              53284,
              28545
            ],
            [
              51381,
              28545
            ],
            [
              51381,
              26642
            ]
          ]
        ]
      },
      "properties": {
        "objectType": "annotation",
        "classification": {
          "name": "background_e",
          "color": [
            255,
            182,
            193
          ]
        },
        "isLocked": false
      }
    },
    {
      "type": "Feature",
      "id": "patch_53284_26642",
      "geometry": {
        "type": "Polygon",
        "coordinates": [
          [
            [
              53284,
              26642
            ],
            [
              55187,
              26642
            ],
            [
              55187,
              28545
            ],
            [
              53284,
              28545
            ],
            [
              53284,
              26642
            ]
          ]
        ]
      },
      "properties": {
        "objectType": "annotation",
        "classification": {
          "name": "background_e",
          "color": [
            255,
            182,
            193
          ]
        },
        "isLocked": false
      }
    },
    {
      "type": "Feature",
      "id": "patch_55187_26642",
      "geometry": {
        "type": "Polygon",
        "coordinates": [
          [
            [
              55187,
              26642
            ],
            [
              57090,
              26642
            ],
            [
              57090,
              28545
            ],
            [
              55187,
              28545
            ],
            [
              55187,
              26642
            ]
          ]
        ]
      },
      "properties": {
        "objectType": "annotation",
        "classification": {
          "name": "background_e",
          "color": [
            255,
            182,
            193
          ]
        },
        "isLocked": false
      }
    },
    {
      "type": "Feature",
      "id": "patch_57090_26642",
      "geometry": {
        "type": "Polygon",
        "coordinates": [
          [
            [
              57090,
              26642
            ],
            [
              58993,
              26642
            ],
            [
              58993,
              28545
            ],
            [
              57090,
              28545
            ],
            [
              57090,
              26642
            ]
          ]
        ]
      },
      "properties": {
        "objectType": "annotation",
        "classification": {
          "name": "background_e",
          "color": [
            255,
            182,
            193
          ]
        },
        "isLocked": false
      }
    },
    {
      "type": "Feature",
      "id": "patch_58993_26642",
      "geometry": {
        "type": "Polygon",
        "coordinates": [
          [
            [
              58993,
              26642
            ],
            [
              60896,
              26642
            ],
            [
              60896,
              28545
            ],
            [
              58993,
              28545
            ],
            [
              58993,
              26642
            ]
          ]
        ]
      },
      "properties": {
        "objectType": "annotation",
        "classification": {
          "name": "background_e",
          "color": [
            255,
            182,
            193
          ]
        },
        "isLocked": false
      }
    },
    {
      "type": "Feature",
      "id": "patch_60896_26642",
      "geometry": {
        "type": "Polygon",
        "coordinates": [
          [
            [
              60896,
              26642
            ],
            [
              62799,
              26642
            ],
            [
              62799,
              28545
            ],
            [
              60896,
              28545
            ],
            [
              60896,
              26642
            ]
          ]
        ]
      },
      "properties": {
        "objectType": "annotation",
        "classification": {
          "name": "background_e",
          "color": [
            255,
            182,
            193
          ]
        },
        "isLocked": false
      }
    },
    {
      "type": "Feature",
      "id": "patch_62799_26642",
      "geometry": {
        "type": "Polygon",
        "coordinates": [
          [
            [
              62799,
              26642
            ],
            [
              64702,
              26642
            ],
            [
              64702,
              28545
            ],
            [
              62799,
              28545
            ],
            [
              62799,
              26642
            ]
          ]
        ]
      },
      "properties": {
        "objectType": "annotation",
        "classification": {
          "name": "background_e",
          "color": [
            255,
            182,
            193
          ]
        },
        "isLocked": false
      }
    },
    {
      "type": "Feature",
      "id": "patch_64702_26642",
      "geometry": {
        "type": "Polygon",
        "coordinates": [
          [
            [
              64702,
              26642
            ],
            [
              66605,
              26642
            ],
            [
              66605,
              28545
            ],
            [
              64702,
              28545
            ],
            [
              64702,
              26642
            ]
          ]
        ]
      },
      "properties": {
        "objectType": "annotation",
        "classification": {
          "name": "background_e",
          "color": [
            255,
            182,
            193
          ]
        },
        "isLocked": false
      }
    },
    {
      "type": "Feature",
      "id": "patch_66605_26642",
      "geometry": {
        "type": "Polygon",
        "coordinates": [
          [
            [
              66605,
              26642
            ],
            [
              68508,
              26642
            ],
            [
              68508,
              28545
            ],
            [
              66605,
              28545
            ],
            [
              66605,
              26642
            ]
          ]
        ]
      },
      "properties": {
        "objectType": "annotation",
        "classification": {
          "name": "background_e",
          "color": [
            255,
            182,
            193
          ]
        },
        "isLocked": false
      }
    },
    {
      "type": "Feature",
      "id": "patch_68508_26642",
      "geometry": {
        "type": "Polygon",
        "coordinates": [
          [
            [
              68508,
              26642
            ],
            [
              70411,
              26642
            ],
            [
              70411,
              28545
            ],
            [
              68508,
              28545
            ],
            [
              68508,
              26642
            ]
          ]
        ]
      },
      "properties": {
        "objectType": "annotation",
        "classification": {
          "name": "background_e",
          "color": [
            255,
            182,
            193
          ]
        },
        "isLocked": false
      }
    },
    {
      "type": "Feature",
      "id": "patch_70411_26642",
      "geometry": {
        "type": "Polygon",
        "coordinates": [
          [
            [
              70411,
              26642
            ],
            [
              72314,
              26642
            ],
            [
              72314,
              28545
            ],
            [
              70411,
              28545
            ],
            [
              70411,
              26642
            ]
          ]
        ]
      },
      "properties": {
        "objectType": "annotation",
        "classification": {
          "name": "background_e",
          "color": [
            255,
            182,
            193
          ]
        },
        "isLocked": false
      }
    },
    {
      "type": "Feature",
      "id": "patch_72314_26642",
      "geometry": {
        "type": "Polygon",
        "coordinates": [
          [
            [
              72314,
              26642
            ],
            [
              74217,
              26642
            ],
            [
              74217,
              28545
            ],
            [
              72314,
              28545
            ],
            [
              72314,
              26642
            ]
          ]
        ]
      },
      "properties": {
        "objectType": "annotation",
        "classification": {
          "name": "background_e",
          "color": [
            255,
            182,
            193
          ]
        },
        "isLocked": false
      }
    },
    {
      "type": "Feature",
      "id": "patch_74217_26642",
      "geometry": {
        "type": "Polygon",
        "coordinates": [
          [
            [
              74217,
              26642
            ],
            [
              76120,
              26642
            ],
            [
              76120,
              28545
            ],
            [
              74217,
              28545
            ],
            [
              74217,
              26642
            ]
          ]
        ]
      },
      "properties": {
        "objectType": "annotation",
        "classification": {
          "name": "background_e",
          "color": [
            255,
            182,
            193
          ]
        },
        "isLocked": false
      }
    },
    {
      "type": "Feature",
      "id": "patch_76120_26642",
      "geometry": {
        "type": "Polygon",
        "coordinates": [
          [
            [
              76120,
              26642
            ],
            [
              78023,
              26642
            ],
            [
              78023,
              28545
            ],
            [
              76120,
              28545
            ],
            [
              76120,
              26642
            ]
          ]
        ]
      },
      "properties": {
        "objectType": "annotation",
        "classification": {
          "name": "background_e",
          "color": [
            255,
            182,
            193
          ]
        },
        "isLocked": false
      }
    },
    {
      "type": "Feature",
      "id": "patch_78023_26642",
      "geometry": {
        "type": "Polygon",
        "coordinates": [
          [
            [
              78023,
              26642
            ],
            [
              79926,
              26642
            ],
            [
              79926,
              28545
            ],
            [
              78023,
              28545
            ],
            [
              78023,
              26642
            ]
          ]
        ]
      },
      "properties": {
        "objectType": "annotation",
        "classification": {
          "name": "background_e",
          "color": [
            255,
            182,
            193
          ]
        },
        "isLocked": false
      }
    },
    {
      "type": "Feature",
      "id": "patch_79926_26642",
      "geometry": {
        "type": "Polygon",
        "coordinates": [
          [
            [
              79926,
              26642
            ],
            [
              81829,
              26642
            ],
            [
              81829,
              28545
            ],
            [
              79926,
              28545
            ],
            [
              79926,
              26642
            ]
          ]
        ]
      },
      "properties": {
        "objectType": "annotation",
        "classification": {
          "name": "white",
          "color": [
            200,
            200,
            200
          ]
        },
        "isLocked": false
      }
    },
    {
      "type": "Feature",
      "id": "patch_9515_28545",
      "geometry": {
        "type": "Polygon",
        "coordinates": [
          [
            [
              9515,
              28545
            ],
            [
              11418,
              28545
            ],
            [
              11418,
              30448
            ],
            [
              9515,
              30448
            ],
            [
              9515,
              28545
            ]
          ]
        ]
      },
      "properties": {
        "objectType": "annotation",
        "classification": {
          "name": "background_h",
          "color": [
            0,
            0,
            255
          ]
        },
        "isLocked": false
      }
    },
    {
      "type": "Feature",
      "id": "patch_11418_28545",
      "geometry": {
        "type": "Polygon",
        "coordinates": [
          [
            [
              11418,
              28545
            ],
            [
              13321,
              28545
            ],
            [
              13321,
              30448
            ],
            [
              11418,
              30448
            ],
            [
              11418,
              28545
            ]
          ]
        ]
      },
      "properties": {
        "objectType": "annotation",
        "classification": {
          "name": "background_h",
          "color": [
            0,
            0,
            255
          ]
        },
        "isLocked": false
      }
    },
    {
      "type": "Feature",
      "id": "patch_13321_28545",
      "geometry": {
        "type": "Polygon",
        "coordinates": [
          [
            [
              13321,
              28545
            ],
            [
              15224,
              28545
            ],
            [
              15224,
              30448
            ],
            [
              13321,
              30448
            ],
            [
              13321,
              28545
            ]
          ]
        ]
      },
      "properties": {
        "objectType": "annotation",
        "classification": {
          "name": "background_h",
          "color": [
            0,
            0,
            255
          ]
        },
        "isLocked": false
      }
    },
    {
      "type": "Feature",
      "id": "patch_15224_28545",
      "geometry": {
        "type": "Polygon",
        "coordinates": [
          [
            [
              15224,
              28545
            ],
            [
              17127,
              28545
            ],
            [
              17127,
              30448
            ],
            [
              15224,
              30448
            ],
            [
              15224,
              28545
            ]
          ]
        ]
      },
      "properties": {
        "objectType": "annotation",
        "classification": {
          "name": "background_h",
          "color": [
            0,
            0,
            255
          ]
        },
        "isLocked": false
      }
    },
    {
      "type": "Feature",
      "id": "patch_17127_28545",
      "geometry": {
        "type": "Polygon",
        "coordinates": [
          [
            [
              17127,
              28545
            ],
            [
              19030,
              28545
            ],
            [
              19030,
              30448
            ],
            [
              17127,
              30448
            ],
            [
              17127,
              28545
            ]
          ]
        ]
      },
      "properties": {
        "objectType": "annotation",
        "classification": {
          "name": "background_h",
          "color": [
            0,
            0,
            255
          ]
        },
        "isLocked": false
      }
    },
    {
      "type": "Feature",
      "id": "patch_19030_28545",
      "geometry": {
        "type": "Polygon",
        "coordinates": [
          [
            [
              19030,
              28545
            ],
            [
              20933,
              28545
            ],
            [
              20933,
              30448
            ],
            [
              19030,
              30448
            ],
            [
              19030,
              28545
            ]
          ]
        ]
      },
      "properties": {
        "objectType": "annotation",
        "classification": {
          "name": "background_h",
          "color": [
            0,
            0,
            255
          ]
        },
        "isLocked": false
      }
    },
    {
      "type": "Feature",
      "id": "patch_20933_28545",
      "geometry": {
        "type": "Polygon",
        "coordinates": [
          [
            [
              20933,
              28545
            ],
            [
              22836,
              28545
            ],
            [
              22836,
              30448
            ],
            [
              20933,
              30448
            ],
            [
              20933,
              28545
            ]
          ]
        ]
      },
      "properties": {
        "objectType": "annotation",
        "classification": {
          "name": "background_h",
          "color": [
            0,
            0,
            255
          ]
        },
        "isLocked": false
      }
    },
    {
      "type": "Feature",
      "id": "patch_22836_28545",
      "geometry": {
        "type": "Polygon",
        "coordinates": [
          [
            [
              22836,
              28545
            ],
            [
              24739,
              28545
            ],
            [
              24739,
              30448
            ],
            [
              22836,
              30448
            ],
            [
              22836,
              28545
            ]
          ]
        ]
      },
      "properties": {
        "objectType": "annotation",
        "classification": {
          "name": "background_h",
          "color": [
            0,
            0,
            255
          ]
        },
        "isLocked": false
      }
    },
    {
      "type": "Feature",
      "id": "patch_24739_28545",
      "geometry": {
        "type": "Polygon",
        "coordinates": [
          [
            [
              24739,
              28545
            ],
            [
              26642,
              28545
            ],
            [
              26642,
              30448
            ],
            [
              24739,
              30448
            ],
            [
              24739,
              28545
            ]
          ]
        ]
      },
      "properties": {
        "objectType": "annotation",
        "classification": {
          "name": "vessel_h",
          "color": [
            128,
            0,
            128
          ]
        },
        "isLocked": false
      }
    },
    {
      "type": "Feature",
      "id": "patch_26642_28545",
      "geometry": {
        "type": "Polygon",
        "coordinates": [
          [
            [
              26642,
              28545
            ],
            [
              28545,
              28545
            ],
            [
              28545,
              30448
            ],
            [
              26642,
              30448
            ],
            [
              26642,
              28545
            ]
          ]
        ]
      },
      "properties": {
        "objectType": "annotation",
        "classification": {
          "name": "background_h",
          "color": [
            0,
            0,
            255
          ]
        },
        "isLocked": false
      }
    },
    {
      "type": "Feature",
      "id": "patch_28545_28545",
      "geometry": {
        "type": "Polygon",
        "coordinates": [
          [
            [
              28545,
              28545
            ],
            [
              30448,
              28545
            ],
            [
              30448,
              30448
            ],
            [
              28545,
              30448
            ],
            [
              28545,
              28545
            ]
          ]
        ]
      },
      "properties": {
        "objectType": "annotation",
        "classification": {
          "name": "background_e",
          "color": [
            255,
            182,
            193
          ]
        },
        "isLocked": false
      }
    },
    {
      "type": "Feature",
      "id": "patch_30448_28545",
      "geometry": {
        "type": "Polygon",
        "coordinates": [
          [
            [
              30448,
              28545
            ],
            [
              32351,
              28545
            ],
            [
              32351,
              30448
            ],
            [
              30448,
              30448
            ],
            [
              30448,
              28545
            ]
          ]
        ]
      },
      "properties": {
        "objectType": "annotation",
        "classification": {
          "name": "background_e",
          "color": [
            255,
            182,
            193
          ]
        },
        "isLocked": false
      }
    },
    {
      "type": "Feature",
      "id": "patch_32351_28545",
      "geometry": {
        "type": "Polygon",
        "coordinates": [
          [
            [
              32351,
              28545
            ],
            [
              34254,
              28545
            ],
            [
              34254,
              30448
            ],
            [
              32351,
              30448
            ],
            [
              32351,
              28545
            ]
          ]
        ]
      },
      "properties": {
        "objectType": "annotation",
        "classification": {
          "name": "background_e",
          "color": [
            255,
            182,
            193
          ]
        },
        "isLocked": false
      }
    },
    {
      "type": "Feature",
      "id": "patch_34254_28545",
      "geometry": {
        "type": "Polygon",
        "coordinates": [
          [
            [
              34254,
              28545
            ],
            [
              36157,
              28545
            ],
            [
              36157,
              30448
            ],
            [
              34254,
              30448
            ],
            [
              34254,
              28545
            ]
          ]
        ]
      },
      "properties": {
        "objectType": "annotation",
        "classification": {
          "name": "vessel_e",
          "color": [
            255,
            0,
            0
          ]
        },
        "isLocked": false
      }
    },
    {
      "type": "Feature",
      "id": "patch_36157_28545",
      "geometry": {
        "type": "Polygon",
        "coordinates": [
          [
            [
              36157,
              28545
            ],
            [
              38060,
              28545
            ],
            [
              38060,
              30448
            ],
            [
              36157,
              30448
            ],
            [
              36157,
              28545
            ]
          ]
        ]
      },
      "properties": {
        "objectType": "annotation",
        "classification": {
          "name": "background_e",
          "color": [
            255,
            182,
            193
          ]
        },
        "isLocked": false
      }
    },
    {
      "type": "Feature",
      "id": "patch_38060_28545",
      "geometry": {
        "type": "Polygon",
        "coordinates": [
          [
            [
              38060,
              28545
            ],
            [
              39963,
              28545
            ],
            [
              39963,
              30448
            ],
            [
              38060,
              30448
            ],
            [
              38060,
              28545
            ]
          ]
        ]
      },
      "properties": {
        "objectType": "annotation",
        "classification": {
          "name": "background_e",
          "color": [
            255,
            182,
            193
          ]
        },
        "isLocked": false
      }
    },
    {
      "type": "Feature",
      "id": "patch_39963_28545",
      "geometry": {
        "type": "Polygon",
        "coordinates": [
          [
            [
              39963,
              28545
            ],
            [
              41866,
              28545
            ],
            [
              41866,
              30448
            ],
            [
              39963,
              30448
            ],
            [
              39963,
              28545
            ]
          ]
        ]
      },
      "properties": {
        "objectType": "annotation",
        "classification": {
          "name": "background_e",
          "color": [
            255,
            182,
            193
          ]
        },
        "isLocked": false
      }
    },
    {
      "type": "Feature",
      "id": "patch_41866_28545",
      "geometry": {
        "type": "Polygon",
        "coordinates": [
          [
            [
              41866,
              28545
            ],
            [
              43769,
              28545
            ],
            [
              43769,
              30448
            ],
            [
              41866,
              30448
            ],
            [
              41866,
              28545
            ]
          ]
        ]
      },
      "properties": {
        "objectType": "annotation",
        "classification": {
          "name": "background_e",
          "color": [
            255,
            182,
            193
          ]
        },
        "isLocked": false
      }
    },
    {
      "type": "Feature",
      "id": "patch_43769_28545",
      "geometry": {
        "type": "Polygon",
        "coordinates": [
          [
            [
              43769,
              28545
            ],
            [
              45672,
              28545
            ],
            [
              45672,
              30448
            ],
            [
              43769,
              30448
            ],
            [
              43769,
              28545
            ]
          ]
        ]
      },
      "properties": {
        "objectType": "annotation",
        "classification": {
          "name": "vessel_e",
          "color": [
            255,
            0,
            0
          ]
        },
        "isLocked": false
      }
    },
    {
      "type": "Feature",
      "id": "patch_45672_28545",
      "geometry": {
        "type": "Polygon",
        "coordinates": [
          [
            [
              45672,
              28545
            ],
            [
              47575,
              28545
            ],
            [
              47575,
              30448
            ],
            [
              45672,
              30448
            ],
            [
              45672,
              28545
            ]
          ]
        ]
      },
      "properties": {
        "objectType": "annotation",
        "classification": {
          "name": "background_e",
          "color": [
            255,
            182,
            193
          ]
        },
        "isLocked": false
      }
    },
    {
      "type": "Feature",
      "id": "patch_47575_28545",
      "geometry": {
        "type": "Polygon",
        "coordinates": [
          [
            [
              47575,
              28545
            ],
            [
              49478,
              28545
            ],
            [
              49478,
              30448
            ],
            [
              47575,
              30448
            ],
            [
              47575,
              28545
            ]
          ]
        ]
      },
      "properties": {
        "objectType": "annotation",
        "classification": {
          "name": "background_e",
          "color": [
            255,
            182,
            193
          ]
        },
        "isLocked": false
      }
    },
    {
      "type": "Feature",
      "id": "patch_49478_28545",
      "geometry": {
        "type": "Polygon",
        "coordinates": [
          [
            [
              49478,
              28545
            ],
            [
              51381,
              28545
            ],
            [
              51381,
              30448
            ],
            [
              49478,
              30448
            ],
            [
              49478,
              28545
            ]
          ]
        ]
      },
      "properties": {
        "objectType": "annotation",
        "classification": {
          "name": "background_e",
          "color": [
            255,
            182,
            193
          ]
        },
        "isLocked": false
      }
    },
    {
      "type": "Feature",
      "id": "patch_51381_28545",
      "geometry": {
        "type": "Polygon",
        "coordinates": [
          [
            [
              51381,
              28545
            ],
            [
              53284,
              28545
            ],
            [
              53284,
              30448
            ],
            [
              51381,
              30448
            ],
            [
              51381,
              28545
            ]
          ]
        ]
      },
      "properties": {
        "objectType": "annotation",
        "classification": {
          "name": "background_e",
          "color": [
            255,
            182,
            193
          ]
        },
        "isLocked": false
      }
    },
    {
      "type": "Feature",
      "id": "patch_53284_28545",
      "geometry": {
        "type": "Polygon",
        "coordinates": [
          [
            [
              53284,
              28545
            ],
            [
              55187,
              28545
            ],
            [
              55187,
              30448
            ],
            [
              53284,
              30448
            ],
            [
              53284,
              28545
            ]
          ]
        ]
      },
      "properties": {
        "objectType": "annotation",
        "classification": {
          "name": "background_e",
          "color": [
            255,
            182,
            193
          ]
        },
        "isLocked": false
      }
    },
    {
      "type": "Feature",
      "id": "patch_55187_28545",
      "geometry": {
        "type": "Polygon",
        "coordinates": [
          [
            [
              55187,
              28545
            ],
            [
              57090,
              28545
            ],
            [
              57090,
              30448
            ],
            [
              55187,
              30448
            ],
            [
              55187,
              28545
            ]
          ]
        ]
      },
      "properties": {
        "objectType": "annotation",
        "classification": {
          "name": "background_e",
          "color": [
            255,
            182,
            193
          ]
        },
        "isLocked": false
      }
    },
    {
      "type": "Feature",
      "id": "patch_57090_28545",
      "geometry": {
        "type": "Polygon",
        "coordinates": [
          [
            [
              57090,
              28545
            ],
            [
              58993,
              28545
            ],
            [
              58993,
              30448
            ],
            [
              57090,
              30448
            ],
            [
              57090,
              28545
            ]
          ]
        ]
      },
      "properties": {
        "objectType": "annotation",
        "classification": {
          "name": "background_e",
          "color": [
            255,
            182,
            193
          ]
        },
        "isLocked": false
      }
    },
    {
      "type": "Feature",
      "id": "patch_58993_28545",
      "geometry": {
        "type": "Polygon",
        "coordinates": [
          [
            [
              58993,
              28545
            ],
            [
              60896,
              28545
            ],
            [
              60896,
              30448
            ],
            [
              58993,
              30448
            ],
            [
              58993,
              28545
            ]
          ]
        ]
      },
      "properties": {
        "objectType": "annotation",
        "classification": {
          "name": "background_e",
          "color": [
            255,
            182,
            193
          ]
        },
        "isLocked": false
      }
    },
    {
      "type": "Feature",
      "id": "patch_60896_28545",
      "geometry": {
        "type": "Polygon",
        "coordinates": [
          [
            [
              60896,
              28545
            ],
            [
              62799,
              28545
            ],
            [
              62799,
              30448
            ],
            [
              60896,
              30448
            ],
            [
              60896,
              28545
            ]
          ]
        ]
      },
      "properties": {
        "objectType": "annotation",
        "classification": {
          "name": "background_e",
          "color": [
            255,
            182,
            193
          ]
        },
        "isLocked": false
      }
    },
    {
      "type": "Feature",
      "id": "patch_62799_28545",
      "geometry": {
        "type": "Polygon",
        "coordinates": [
          [
            [
              62799,
              28545
            ],
            [
              64702,
              28545
            ],
            [
              64702,
              30448
            ],
            [
              62799,
              30448
            ],
            [
              62799,
              28545
            ]
          ]
        ]
      },
      "properties": {
        "objectType": "annotation",
        "classification": {
          "name": "vessel_e",
          "color": [
            255,
            0,
            0
          ]
        },
        "isLocked": false
      }
    },
    {
      "type": "Feature",
      "id": "patch_64702_28545",
      "geometry": {
        "type": "Polygon",
        "coordinates": [
          [
            [
              64702,
              28545
            ],
            [
              66605,
              28545
            ],
            [
              66605,
              30448
            ],
            [
              64702,
              30448
            ],
            [
              64702,
              28545
            ]
          ]
        ]
      },
      "properties": {
        "objectType": "annotation",
        "classification": {
          "name": "background_e",
          "color": [
            255,
            182,
            193
          ]
        },
        "isLocked": false
      }
    },
    {
      "type": "Feature",
      "id": "patch_66605_28545",
      "geometry": {
        "type": "Polygon",
        "coordinates": [
          [
            [
              66605,
              28545
            ],
            [
              68508,
              28545
            ],
            [
              68508,
              30448
            ],
            [
              66605,
              30448
            ],
            [
              66605,
              28545
            ]
          ]
        ]
      },
      "properties": {
        "objectType": "annotation",
        "classification": {
          "name": "background_e",
          "color": [
            255,
            182,
            193
          ]
        },
        "isLocked": false
      }
    },
    {
      "type": "Feature",
      "id": "patch_68508_28545",
      "geometry": {
        "type": "Polygon",
        "coordinates": [
          [
            [
              68508,
              28545
            ],
            [
              70411,
              28545
            ],
            [
              70411,
              30448
            ],
            [
              68508,
              30448
            ],
            [
              68508,
              28545
            ]
          ]
        ]
      },
      "properties": {
        "objectType": "annotation",
        "classification": {
          "name": "background_e",
          "color": [
            255,
            182,
            193
          ]
        },
        "isLocked": false
      }
    },
    {
      "type": "Feature",
      "id": "patch_70411_28545",
      "geometry": {
        "type": "Polygon",
        "coordinates": [
          [
            [
              70411,
              28545
            ],
            [
              72314,
              28545
            ],
            [
              72314,
              30448
            ],
            [
              70411,
              30448
            ],
            [
              70411,
              28545
            ]
          ]
        ]
      },
      "properties": {
        "objectType": "annotation",
        "classification": {
          "name": "background_e",
          "color": [
            255,
            182,
            193
          ]
        },
        "isLocked": false
      }
    },
    {
      "type": "Feature",
      "id": "patch_72314_28545",
      "geometry": {
        "type": "Polygon",
        "coordinates": [
          [
            [
              72314,
              28545
            ],
            [
              74217,
              28545
            ],
            [
              74217,
              30448
            ],
            [
              72314,
              30448
            ],
            [
              72314,
              28545
            ]
          ]
        ]
      },
      "properties": {
        "objectType": "annotation",
        "classification": {
          "name": "background_e",
          "color": [
            255,
            182,
            193
          ]
        },
        "isLocked": false
      }
    },
    {
      "type": "Feature",
      "id": "patch_74217_28545",
      "geometry": {
        "type": "Polygon",
        "coordinates": [
          [
            [
              74217,
              28545
            ],
            [
              76120,
              28545
            ],
            [
              76120,
              30448
            ],
            [
              74217,
              30448
            ],
            [
              74217,
              28545
            ]
          ]
        ]
      },
      "properties": {
        "objectType": "annotation",
        "classification": {
          "name": "background_e",
          "color": [
            255,
            182,
            193
          ]
        },
        "isLocked": false
      }
    },
    {
      "type": "Feature",
      "id": "patch_76120_28545",
      "geometry": {
        "type": "Polygon",
        "coordinates": [
          [
            [
              76120,
              28545
            ],
            [
              78023,
              28545
            ],
            [
              78023,
              30448
            ],
            [
              76120,
              30448
            ],
            [
              76120,
              28545
            ]
          ]
        ]
      },
      "properties": {
        "objectType": "annotation",
        "classification": {
          "name": "background_e",
          "color": [
            255,
            182,
            193
          ]
        },
        "isLocked": false
      }
    },
    {
      "type": "Feature",
      "id": "patch_78023_28545",
      "geometry": {
        "type": "Polygon",
        "coordinates": [
          [
            [
              78023,
              28545
            ],
            [
              79926,
              28545
            ],
            [
              79926,
              30448
            ],
            [
              78023,
              30448
            ],
            [
              78023,
              28545
            ]
          ]
        ]
      },
      "properties": {
        "objectType": "annotation",
        "classification": {
          "name": "background_e",
          "color": [
            255,
            182,
            193
          ]
        },
        "isLocked": false
      }
    },
    {
      "type": "Feature",
      "id": "patch_79926_28545",
      "geometry": {
        "type": "Polygon",
        "coordinates": [
          [
            [
              79926,
              28545
            ],
            [
              81829,
              28545
            ],
            [
              81829,
              30448
            ],
            [
              79926,
              30448
            ],
            [
              79926,
              28545
            ]
          ]
        ]
      },
      "properties": {
        "objectType": "annotation",
        "classification": {
          "name": "white",
          "color": [
            200,
            200,
            200
          ]
        },
        "isLocked": false
      }
    },
    {
      "type": "Feature",
      "id": "patch_81829_28545",
      "geometry": {
        "type": "Polygon",
        "coordinates": [
          [
            [
              81829,
              28545
            ],
            [
              83732,
              28545
            ],
            [
              83732,
              30448
            ],
            [
              81829,
              30448
            ],
            [
              81829,
              28545
            ]
          ]
        ]
      },
      "properties": {
        "objectType": "annotation",
        "classification": {
          "name": "white",
          "color": [
            200,
            200,
            200
          ]
        },
        "isLocked": false
      }
    },
    {
      "type": "Feature",
      "id": "patch_11418_30448",
      "geometry": {
        "type": "Polygon",
        "coordinates": [
          [
            [
              11418,
              30448
            ],
            [
              13321,
              30448
            ],
            [
              13321,
              32351
            ],
            [
              11418,
              32351
            ],
            [
              11418,
              30448
            ]
          ]
        ]
      },
      "properties": {
        "objectType": "annotation",
        "classification": {
          "name": "background_h",
          "color": [
            0,
            0,
            255
          ]
        },
        "isLocked": false
      }
    },
    {
      "type": "Feature",
      "id": "patch_13321_30448",
      "geometry": {
        "type": "Polygon",
        "coordinates": [
          [
            [
              13321,
              30448
            ],
            [
              15224,
              30448
            ],
            [
              15224,
              32351
            ],
            [
              13321,
              32351
            ],
            [
              13321,
              30448
            ]
          ]
        ]
      },
      "properties": {
        "objectType": "annotation",
        "classification": {
          "name": "background_h",
          "color": [
            0,
            0,
            255
          ]
        },
        "isLocked": false
      }
    },
    {
      "type": "Feature",
      "id": "patch_15224_30448",
      "geometry": {
        "type": "Polygon",
        "coordinates": [
          [
            [
              15224,
              30448
            ],
            [
              17127,
              30448
            ],
            [
              17127,
              32351
            ],
            [
              15224,
              32351
            ],
            [
              15224,
              30448
            ]
          ]
        ]
      },
      "properties": {
        "objectType": "annotation",
        "classification": {
          "name": "background_h",
          "color": [
            0,
            0,
            255
          ]
        },
        "isLocked": false
      }
    },
    {
      "type": "Feature",
      "id": "patch_17127_30448",
      "geometry": {
        "type": "Polygon",
        "coordinates": [
          [
            [
              17127,
              30448
            ],
            [
              19030,
              30448
            ],
            [
              19030,
              32351
            ],
            [
              17127,
              32351
            ],
            [
              17127,
              30448
            ]
          ]
        ]
      },
      "properties": {
        "objectType": "annotation",
        "classification": {
          "name": "background_h",
          "color": [
            0,
            0,
            255
          ]
        },
        "isLocked": false
      }
    },
    {
      "type": "Feature",
      "id": "patch_19030_30448",
      "geometry": {
        "type": "Polygon",
        "coordinates": [
          [
            [
              19030,
              30448
            ],
            [
              20933,
              30448
            ],
            [
              20933,
              32351
            ],
            [
              19030,
              32351
            ],
            [
              19030,
              30448
            ]
          ]
        ]
      },
      "properties": {
        "objectType": "annotation",
        "classification": {
          "name": "background_h",
          "color": [
            0,
            0,
            255
          ]
        },
        "isLocked": false
      }
    },
    {
      "type": "Feature",
      "id": "patch_20933_30448",
      "geometry": {
        "type": "Polygon",
        "coordinates": [
          [
            [
              20933,
              30448
            ],
            [
              22836,
              30448
            ],
            [
              22836,
              32351
            ],
            [
              20933,
              32351
            ],
            [
              20933,
              30448
            ]
          ]
        ]
      },
      "properties": {
        "objectType": "annotation",
        "classification": {
          "name": "vessel_h",
          "color": [
            128,
            0,
            128
          ]
        },
        "isLocked": false
      }
    },
    {
      "type": "Feature",
      "id": "patch_22836_30448",
      "geometry": {
        "type": "Polygon",
        "coordinates": [
          [
            [
              22836,
              30448
            ],
            [
              24739,
              30448
            ],
            [
              24739,
              32351
            ],
            [
              22836,
              32351
            ],
            [
              22836,
              30448
            ]
          ]
        ]
      },
      "properties": {
        "objectType": "annotation",
        "classification": {
          "name": "vessel_h",
          "color": [
            128,
            0,
            128
          ]
        },
        "isLocked": false
      }
    },
    {
      "type": "Feature",
      "id": "patch_24739_30448",
      "geometry": {
        "type": "Polygon",
        "coordinates": [
          [
            [
              24739,
              30448
            ],
            [
              26642,
              30448
            ],
            [
              26642,
              32351
            ],
            [
              24739,
              32351
            ],
            [
              24739,
              30448
            ]
          ]
        ]
      },
      "properties": {
        "objectType": "annotation",
        "classification": {
          "name": "background_h",
          "color": [
            0,
            0,
            255
          ]
        },
        "isLocked": false
      }
    },
    {
      "type": "Feature",
      "id": "patch_26642_30448",
      "geometry": {
        "type": "Polygon",
        "coordinates": [
          [
            [
              26642,
              30448
            ],
            [
              28545,
              30448
            ],
            [
              28545,
              32351
            ],
            [
              26642,
              32351
            ],
            [
              26642,
              30448
            ]
          ]
        ]
      },
      "properties": {
        "objectType": "annotation",
        "classification": {
          "name": "background_h",
          "color": [
            0,
            0,
            255
          ]
        },
        "isLocked": false
      }
    },
    {
      "type": "Feature",
      "id": "patch_28545_30448",
      "geometry": {
        "type": "Polygon",
        "coordinates": [
          [
            [
              28545,
              30448
            ],
            [
              30448,
              30448
            ],
            [
              30448,
              32351
            ],
            [
              28545,
              32351
            ],
            [
              28545,
              30448
            ]
          ]
        ]
      },
      "properties": {
        "objectType": "annotation",
        "classification": {
          "name": "background_e",
          "color": [
            255,
            182,
            193
          ]
        },
        "isLocked": false
      }
    },
    {
      "type": "Feature",
      "id": "patch_30448_30448",
      "geometry": {
        "type": "Polygon",
        "coordinates": [
          [
            [
              30448,
              30448
            ],
            [
              32351,
              30448
            ],
            [
              32351,
              32351
            ],
            [
              30448,
              32351
            ],
            [
              30448,
              30448
            ]
          ]
        ]
      },
      "properties": {
        "objectType": "annotation",
        "classification": {
          "name": "vessel_e",
          "color": [
            255,
            0,
            0
          ]
        },
        "isLocked": false
      }
    },
    {
      "type": "Feature",
      "id": "patch_32351_30448",
      "geometry": {
        "type": "Polygon",
        "coordinates": [
          [
            [
              32351,
              30448
            ],
            [
              34254,
              30448
            ],
            [
              34254,
              32351
            ],
            [
              32351,
              32351
            ],
            [
              32351,
              30448
            ]
          ]
        ]
      },
      "properties": {
        "objectType": "annotation",
        "classification": {
          "name": "background_e",
          "color": [
            255,
            182,
            193
          ]
        },
        "isLocked": false
      }
    },
    {
      "type": "Feature",
      "id": "patch_34254_30448",
      "geometry": {
        "type": "Polygon",
        "coordinates": [
          [
            [
              34254,
              30448
            ],
            [
              36157,
              30448
            ],
            [
              36157,
              32351
            ],
            [
              34254,
              32351
            ],
            [
              34254,
              30448
            ]
          ]
        ]
      },
      "properties": {
        "objectType": "annotation",
        "classification": {
          "name": "background_e",
          "color": [
            255,
            182,
            193
          ]
        },
        "isLocked": false
      }
    },
    {
      "type": "Feature",
      "id": "patch_36157_30448",
      "geometry": {
        "type": "Polygon",
        "coordinates": [
          [
            [
              36157,
              30448
            ],
            [
              38060,
              30448
            ],
            [
              38060,
              32351
            ],
            [
              36157,
              32351
            ],
            [
              36157,
              30448
            ]
          ]
        ]
      },
      "properties": {
        "objectType": "annotation",
        "classification": {
          "name": "vessel_e",
          "color": [
            255,
            0,
            0
          ]
        },
        "isLocked": false
      }
    },
    {
      "type": "Feature",
      "id": "patch_38060_30448",
      "geometry": {
        "type": "Polygon",
        "coordinates": [
          [
            [
              38060,
              30448
            ],
            [
              39963,
              30448
            ],
            [
              39963,
              32351
            ],
            [
              38060,
              32351
            ],
            [
              38060,
              30448
            ]
          ]
        ]
      },
      "properties": {
        "objectType": "annotation",
        "classification": {
          "name": "background_e",
          "color": [
            255,
            182,
            193
          ]
        },
        "isLocked": false
      }
    },
    {
      "type": "Feature",
      "id": "patch_39963_30448",
      "geometry": {
        "type": "Polygon",
        "coordinates": [
          [
            [
              39963,
              30448
            ],
            [
              41866,
              30448
            ],
            [
              41866,
              32351
            ],
            [
              39963,
              32351
            ],
            [
              39963,
              30448
            ]
          ]
        ]
      },
      "properties": {
        "objectType": "annotation",
        "classification": {
          "name": "background_e",
          "color": [
            255,
            182,
            193
          ]
        },
        "isLocked": false
      }
    },
    {
      "type": "Feature",
      "id": "patch_41866_30448",
      "geometry": {
        "type": "Polygon",
        "coordinates": [
          [
            [
              41866,
              30448
            ],
            [
              43769,
              30448
            ],
            [
              43769,
              32351
            ],
            [
              41866,
              32351
            ],
            [
              41866,
              30448
            ]
          ]
        ]
      },
      "properties": {
        "objectType": "annotation",
        "classification": {
          "name": "background_e",
          "color": [
            255,
            182,
            193
          ]
        },
        "isLocked": false
      }
    },
    {
      "type": "Feature",
      "id": "patch_43769_30448",
      "geometry": {
        "type": "Polygon",
        "coordinates": [
          [
            [
              43769,
              30448
            ],
            [
              45672,
              30448
            ],
            [
              45672,
              32351
            ],
            [
              43769,
              32351
            ],
            [
              43769,
              30448
            ]
          ]
        ]
      },
      "properties": {
        "objectType": "annotation",
        "classification": {
          "name": "background_e",
          "color": [
            255,
            182,
            193
          ]
        },
        "isLocked": false
      }
    },
    {
      "type": "Feature",
      "id": "patch_45672_30448",
      "geometry": {
        "type": "Polygon",
        "coordinates": [
          [
            [
              45672,
              30448
            ],
            [
              47575,
              30448
            ],
            [
              47575,
              32351
            ],
            [
              45672,
              32351
            ],
            [
              45672,
              30448
            ]
          ]
        ]
      },
      "properties": {
        "objectType": "annotation",
        "classification": {
          "name": "vessel_e",
          "color": [
            255,
            0,
            0
          ]
        },
        "isLocked": false
      }
    },
    {
      "type": "Feature",
      "id": "patch_47575_30448",
      "geometry": {
        "type": "Polygon",
        "coordinates": [
          [
            [
              47575,
              30448
            ],
            [
              49478,
              30448
            ],
            [
              49478,
              32351
            ],
            [
              47575,
              32351
            ],
            [
              47575,
              30448
            ]
          ]
        ]
      },
      "properties": {
        "objectType": "annotation",
        "classification": {
          "name": "vessel_e",
          "color": [
            255,
            0,
            0
          ]
        },
        "isLocked": false
      }
    },
    {
      "type": "Feature",
      "id": "patch_49478_30448",
      "geometry": {
        "type": "Polygon",
        "coordinates": [
          [
            [
              49478,
              30448
            ],
            [
              51381,
              30448
            ],
            [
              51381,
              32351
            ],
            [
              49478,
              32351
            ],
            [
              49478,
              30448
            ]
          ]
        ]
      },
      "properties": {
        "objectType": "annotation",
        "classification": {
          "name": "background_e",
          "color": [
            255,
            182,
            193
          ]
        },
        "isLocked": false
      }
    },
    {
      "type": "Feature",
      "id": "patch_51381_30448",
      "geometry": {
        "type": "Polygon",
        "coordinates": [
          [
            [
              51381,
              30448
            ],
            [
              53284,
              30448
            ],
            [
              53284,
              32351
            ],
            [
              51381,
              32351
            ],
            [
              51381,
              30448
            ]
          ]
        ]
      },
      "properties": {
        "objectType": "annotation",
        "classification": {
          "name": "background_e",
          "color": [
            255,
            182,
            193
          ]
        },
        "isLocked": false
      }
    },
    {
      "type": "Feature",
      "id": "patch_53284_30448",
      "geometry": {
        "type": "Polygon",
        "coordinates": [
          [
            [
              53284,
              30448
            ],
            [
              55187,
              30448
            ],
            [
              55187,
              32351
            ],
            [
              53284,
              32351
            ],
            [
              53284,
              30448
            ]
          ]
        ]
      },
      "properties": {
        "objectType": "annotation",
        "classification": {
          "name": "background_e",
          "color": [
            255,
            182,
            193
          ]
        },
        "isLocked": false
      }
    },
    {
      "type": "Feature",
      "id": "patch_55187_30448",
      "geometry": {
        "type": "Polygon",
        "coordinates": [
          [
            [
              55187,
              30448
            ],
            [
              57090,
              30448
            ],
            [
              57090,
              32351
            ],
            [
              55187,
              32351
            ],
            [
              55187,
              30448
            ]
          ]
        ]
      },
      "properties": {
        "objectType": "annotation",
        "classification": {
          "name": "background_e",
          "color": [
            255,
            182,
            193
          ]
        },
        "isLocked": false
      }
    },
    {
      "type": "Feature",
      "id": "patch_57090_30448",
      "geometry": {
        "type": "Polygon",
        "coordinates": [
          [
            [
              57090,
              30448
            ],
            [
              58993,
              30448
            ],
            [
              58993,
              32351
            ],
            [
              57090,
              32351
            ],
            [
              57090,
              30448
            ]
          ]
        ]
      },
      "properties": {
        "objectType": "annotation",
        "classification": {
          "name": "background_e",
          "color": [
            255,
            182,
            193
          ]
        },
        "isLocked": false
      }
    },
    {
      "type": "Feature",
      "id": "patch_58993_30448",
      "geometry": {
        "type": "Polygon",
        "coordinates": [
          [
            [
              58993,
              30448
            ],
            [
              60896,
              30448
            ],
            [
              60896,
              32351
            ],
            [
              58993,
              32351
            ],
            [
              58993,
              30448
            ]
          ]
        ]
      },
      "properties": {
        "objectType": "annotation",
        "classification": {
          "name": "background_e",
          "color": [
            255,
            182,
            193
          ]
        },
        "isLocked": false
      }
    },
    {
      "type": "Feature",
      "id": "patch_60896_30448",
      "geometry": {
        "type": "Polygon",
        "coordinates": [
          [
            [
              60896,
              30448
            ],
            [
              62799,
              30448
            ],
            [
              62799,
              32351
            ],
            [
              60896,
              32351
            ],
            [
              60896,
              30448
            ]
          ]
        ]
      },
      "properties": {
        "objectType": "annotation",
        "classification": {
          "name": "background_e",
          "color": [
            255,
            182,
            193
          ]
        },
        "isLocked": false
      }
    },
    {
      "type": "Feature",
      "id": "patch_62799_30448",
      "geometry": {
        "type": "Polygon",
        "coordinates": [
          [
            [
              62799,
              30448
            ],
            [
              64702,
              30448
            ],
            [
              64702,
              32351
            ],
            [
              62799,
              32351
            ],
            [
              62799,
              30448
            ]
          ]
        ]
      },
      "properties": {
        "objectType": "annotation",
        "classification": {
          "name": "background_e",
          "color": [
            255,
            182,
            193
          ]
        },
        "isLocked": false
      }
    },
    {
      "type": "Feature",
      "id": "patch_64702_30448",
      "geometry": {
        "type": "Polygon",
        "coordinates": [
          [
            [
              64702,
              30448
            ],
            [
              66605,
              30448
            ],
            [
              66605,
              32351
            ],
            [
              64702,
              32351
            ],
            [
              64702,
              30448
            ]
          ]
        ]
      },
      "properties": {
        "objectType": "annotation",
        "classification": {
          "name": "background_e",
          "color": [
            255,
            182,
            193
          ]
        },
        "isLocked": false
      }
    },
    {
      "type": "Feature",
      "id": "patch_66605_30448",
      "geometry": {
        "type": "Polygon",
        "coordinates": [
          [
            [
              66605,
              30448
            ],
            [
              68508,
              30448
            ],
            [
              68508,
              32351
            ],
            [
              66605,
              32351
            ],
            [
              66605,
              30448
            ]
          ]
        ]
      },
      "properties": {
        "objectType": "annotation",
        "classification": {
          "name": "background_e",
          "color": [
            255,
            182,
            193
          ]
        },
        "isLocked": false
      }
    },
    {
      "type": "Feature",
      "id": "patch_68508_30448",
      "geometry": {
        "type": "Polygon",
        "coordinates": [
          [
            [
              68508,
              30448
            ],
            [
              70411,
              30448
            ],
            [
              70411,
              32351
            ],
            [
              68508,
              32351
            ],
            [
              68508,
              30448
            ]
          ]
        ]
      },
      "properties": {
        "objectType": "annotation",
        "classification": {
          "name": "background_e",
          "color": [
            255,
            182,
            193
          ]
        },
        "isLocked": false
      }
    },
    {
      "type": "Feature",
      "id": "patch_70411_30448",
      "geometry": {
        "type": "Polygon",
        "coordinates": [
          [
            [
              70411,
              30448
            ],
            [
              72314,
              30448
            ],
            [
              72314,
              32351
            ],
            [
              70411,
              32351
            ],
            [
              70411,
              30448
            ]
          ]
        ]
      },
      "properties": {
        "objectType": "annotation",
        "classification": {
          "name": "background_e",
          "color": [
            255,
            182,
            193
          ]
        },
        "isLocked": false
      }
    },
    {
      "type": "Feature",
      "id": "patch_72314_30448",
      "geometry": {
        "type": "Polygon",
        "coordinates": [
          [
            [
              72314,
              30448
            ],
            [
              74217,
              30448
            ],
            [
              74217,
              32351
            ],
            [
              72314,
              32351
            ],
            [
              72314,
              30448
            ]
          ]
        ]
      },
      "properties": {
        "objectType": "annotation",
        "classification": {
          "name": "background_e",
          "color": [
            255,
            182,
            193
          ]
        },
        "isLocked": false
      }
    },
    {
      "type": "Feature",
      "id": "patch_74217_30448",
      "geometry": {
        "type": "Polygon",
        "coordinates": [
          [
            [
              74217,
              30448
            ],
            [
              76120,
              30448
            ],
            [
              76120,
              32351
            ],
            [
              74217,
              32351
            ],
            [
              74217,
              30448
            ]
          ]
        ]
      },
      "properties": {
        "objectType": "annotation",
        "classification": {
          "name": "background_e",
          "color": [
            255,
            182,
            193
          ]
        },
        "isLocked": false
      }
    },
    {
      "type": "Feature",
      "id": "patch_76120_30448",
      "geometry": {
        "type": "Polygon",
        "coordinates": [
          [
            [
              76120,
              30448
            ],
            [
              78023,
              30448
            ],
            [
              78023,
              32351
            ],
            [
              76120,
              32351
            ],
            [
              76120,
              30448
            ]
          ]
        ]
      },
      "properties": {
        "objectType": "annotation",
        "classification": {
          "name": "background_e",
          "color": [
            255,
            182,
            193
          ]
        },
        "isLocked": false
      }
    },
    {
      "type": "Feature",
      "id": "patch_78023_30448",
      "geometry": {
        "type": "Polygon",
        "coordinates": [
          [
            [
              78023,
              30448
            ],
            [
              79926,
              30448
            ],
            [
              79926,
              32351
            ],
            [
              78023,
              32351
            ],
            [
              78023,
              30448
            ]
          ]
        ]
      },
      "properties": {
        "objectType": "annotation",
        "classification": {
          "name": "background_e",
          "color": [
            255,
            182,
            193
          ]
        },
        "isLocked": false
      }
    },
    {
      "type": "Feature",
      "id": "patch_79926_30448",
      "geometry": {
        "type": "Polygon",
        "coordinates": [
          [
            [
              79926,
              30448
            ],
            [
              81829,
              30448
            ],
            [
              81829,
              32351
            ],
            [
              79926,
              32351
            ],
            [
              79926,
              30448
            ]
          ]
        ]
      },
      "properties": {
        "objectType": "annotation",
        "classification": {
          "name": "background_e",
          "color": [
            255,
            182,
            193
          ]
        },
        "isLocked": false
      }
    },
    {
      "type": "Feature",
      "id": "patch_81829_30448",
      "geometry": {
        "type": "Polygon",
        "coordinates": [
          [
            [
              81829,
              30448
            ],
            [
              83732,
              30448
            ],
            [
              83732,
              32351
            ],
            [
              81829,
              32351
            ],
            [
              81829,
              30448
            ]
          ]
        ]
      },
      "properties": {
        "objectType": "annotation",
        "classification": {
          "name": "background_e",
          "color": [
            255,
            182,
            193
          ]
        },
        "isLocked": false
      }
    },
    {
      "type": "Feature",
      "id": "patch_83732_30448",
      "geometry": {
        "type": "Polygon",
        "coordinates": [
          [
            [
              83732,
              30448
            ],
            [
              85635,
              30448
            ],
            [
              85635,
              32351
            ],
            [
              83732,
              32351
            ],
            [
              83732,
              30448
            ]
          ]
        ]
      },
      "properties": {
        "objectType": "annotation",
        "classification": {
          "name": "white",
          "color": [
            200,
            200,
            200
          ]
        },
        "isLocked": false
      }
    },
    {
      "type": "Feature",
      "id": "patch_11418_32351",
      "geometry": {
        "type": "Polygon",
        "coordinates": [
          [
            [
              11418,
              32351
            ],
            [
              13321,
              32351
            ],
            [
              13321,
              34254
            ],
            [
              11418,
              34254
            ],
            [
              11418,
              32351
            ]
          ]
        ]
      },
      "properties": {
        "objectType": "annotation",
        "classification": {
          "name": "vessel_h",
          "color": [
            128,
            0,
            128
          ]
        },
        "isLocked": false
      }
    },
    {
      "type": "Feature",
      "id": "patch_13321_32351",
      "geometry": {
        "type": "Polygon",
        "coordinates": [
          [
            [
              13321,
              32351
            ],
            [
              15224,
              32351
            ],
            [
              15224,
              34254
            ],
            [
              13321,
              34254
            ],
            [
              13321,
              32351
            ]
          ]
        ]
      },
      "properties": {
        "objectType": "annotation",
        "classification": {
          "name": "background_h",
          "color": [
            0,
            0,
            255
          ]
        },
        "isLocked": false
      }
    },
    {
      "type": "Feature",
      "id": "patch_15224_32351",
      "geometry": {
        "type": "Polygon",
        "coordinates": [
          [
            [
              15224,
              32351
            ],
            [
              17127,
              32351
            ],
            [
              17127,
              34254
            ],
            [
              15224,
              34254
            ],
            [
              15224,
              32351
            ]
          ]
        ]
      },
      "properties": {
        "objectType": "annotation",
        "classification": {
          "name": "vessel_h",
          "color": [
            128,
            0,
            128
          ]
        },
        "isLocked": false
      }
    },
    {
      "type": "Feature",
      "id": "patch_17127_32351",
      "geometry": {
        "type": "Polygon",
        "coordinates": [
          [
            [
              17127,
              32351
            ],
            [
              19030,
              32351
            ],
            [
              19030,
              34254
            ],
            [
              17127,
              34254
            ],
            [
              17127,
              32351
            ]
          ]
        ]
      },
      "properties": {
        "objectType": "annotation",
        "classification": {
          "name": "background_h",
          "color": [
            0,
            0,
            255
          ]
        },
        "isLocked": false
      }
    },
    {
      "type": "Feature",
      "id": "patch_19030_32351",
      "geometry": {
        "type": "Polygon",
        "coordinates": [
          [
            [
              19030,
              32351
            ],
            [
              20933,
              32351
            ],
            [
              20933,
              34254
            ],
            [
              19030,
              34254
            ],
            [
              19030,
              32351
            ]
          ]
        ]
      },
      "properties": {
        "objectType": "annotation",
        "classification": {
          "name": "background_h",
          "color": [
            0,
            0,
            255
          ]
        },
        "isLocked": false
      }
    },
    {
      "type": "Feature",
      "id": "patch_20933_32351",
      "geometry": {
        "type": "Polygon",
        "coordinates": [
          [
            [
              20933,
              32351
            ],
            [
              22836,
              32351
            ],
            [
              22836,
              34254
            ],
            [
              20933,
              34254
            ],
            [
              20933,
              32351
            ]
          ]
        ]
      },
      "properties": {
        "objectType": "annotation",
        "classification": {
          "name": "background_h",
          "color": [
            0,
            0,
            255
          ]
        },
        "isLocked": false
      }
    },
    {
      "type": "Feature",
      "id": "patch_22836_32351",
      "geometry": {
        "type": "Polygon",
        "coordinates": [
          [
            [
              22836,
              32351
            ],
            [
              24739,
              32351
            ],
            [
              24739,
              34254
            ],
            [
              22836,
              34254
            ],
            [
              22836,
              32351
            ]
          ]
        ]
      },
      "properties": {
        "objectType": "annotation",
        "classification": {
          "name": "background_h",
          "color": [
            0,
            0,
            255
          ]
        },
        "isLocked": false
      }
    },
    {
      "type": "Feature",
      "id": "patch_24739_32351",
      "geometry": {
        "type": "Polygon",
        "coordinates": [
          [
            [
              24739,
              32351
            ],
            [
              26642,
              32351
            ],
            [
              26642,
              34254
            ],
            [
              24739,
              34254
            ],
            [
              24739,
              32351
            ]
          ]
        ]
      },
      "properties": {
        "objectType": "annotation",
        "classification": {
          "name": "vessel_h",
          "color": [
            128,
            0,
            128
          ]
        },
        "isLocked": false
      }
    },
    {
      "type": "Feature",
      "id": "patch_26642_32351",
      "geometry": {
        "type": "Polygon",
        "coordinates": [
          [
            [
              26642,
              32351
            ],
            [
              28545,
              32351
            ],
            [
              28545,
              34254
            ],
            [
              26642,
              34254
            ],
            [
              26642,
              32351
            ]
          ]
        ]
      },
      "properties": {
        "objectType": "annotation",
        "classification": {
          "name": "background_h",
          "color": [
            0,
            0,
            255
          ]
        },
        "isLocked": false
      }
    },
    {
      "type": "Feature",
      "id": "patch_28545_32351",
      "geometry": {
        "type": "Polygon",
        "coordinates": [
          [
            [
              28545,
              32351
            ],
            [
              30448,
              32351
            ],
            [
              30448,
              34254
            ],
            [
              28545,
              34254
            ],
            [
              28545,
              32351
            ]
          ]
        ]
      },
      "properties": {
        "objectType": "annotation",
        "classification": {
          "name": "background_h",
          "color": [
            0,
            0,
            255
          ]
        },
        "isLocked": false
      }
    },
    {
      "type": "Feature",
      "id": "patch_30448_32351",
      "geometry": {
        "type": "Polygon",
        "coordinates": [
          [
            [
              30448,
              32351
            ],
            [
              32351,
              32351
            ],
            [
              32351,
              34254
            ],
            [
              30448,
              34254
            ],
            [
              30448,
              32351
            ]
          ]
        ]
      },
      "properties": {
        "objectType": "annotation",
        "classification": {
          "name": "background_e",
          "color": [
            255,
            182,
            193
          ]
        },
        "isLocked": false
      }
    },
    {
      "type": "Feature",
      "id": "patch_32351_32351",
      "geometry": {
        "type": "Polygon",
        "coordinates": [
          [
            [
              32351,
              32351
            ],
            [
              34254,
              32351
            ],
            [
              34254,
              34254
            ],
            [
              32351,
              34254
            ],
            [
              32351,
              32351
            ]
          ]
        ]
      },
      "properties": {
        "objectType": "annotation",
        "classification": {
          "name": "vessel_e",
          "color": [
            255,
            0,
            0
          ]
        },
        "isLocked": false
      }
    },
    {
      "type": "Feature",
      "id": "patch_34254_32351",
      "geometry": {
        "type": "Polygon",
        "coordinates": [
          [
            [
              34254,
              32351
            ],
            [
              36157,
              32351
            ],
            [
              36157,
              34254
            ],
            [
              34254,
              34254
            ],
            [
              34254,
              32351
            ]
          ]
        ]
      },
      "properties": {
        "objectType": "annotation",
        "classification": {
          "name": "background_e",
          "color": [
            255,
            182,
            193
          ]
        },
        "isLocked": false
      }
    },
    {
      "type": "Feature",
      "id": "patch_36157_32351",
      "geometry": {
        "type": "Polygon",
        "coordinates": [
          [
            [
              36157,
              32351
            ],
            [
              38060,
              32351
            ],
            [
              38060,
              34254
            ],
            [
              36157,
              34254
            ],
            [
              36157,
              32351
            ]
          ]
        ]
      },
      "properties": {
        "objectType": "annotation",
        "classification": {
          "name": "background_e",
          "color": [
            255,
            182,
            193
          ]
        },
        "isLocked": false
      }
    },
    {
      "type": "Feature",
      "id": "patch_38060_32351",
      "geometry": {
        "type": "Polygon",
        "coordinates": [
          [
            [
              38060,
              32351
            ],
            [
              39963,
              32351
            ],
            [
              39963,
              34254
            ],
            [
              38060,
              34254
            ],
            [
              38060,
              32351
            ]
          ]
        ]
      },
      "properties": {
        "objectType": "annotation",
        "classification": {
          "name": "background_e",
          "color": [
            255,
            182,
            193
          ]
        },
        "isLocked": false
      }
    },
    {
      "type": "Feature",
      "id": "patch_39963_32351",
      "geometry": {
        "type": "Polygon",
        "coordinates": [
          [
            [
              39963,
              32351
            ],
            [
              41866,
              32351
            ],
            [
              41866,
              34254
            ],
            [
              39963,
              34254
            ],
            [
              39963,
              32351
            ]
          ]
        ]
      },
      "properties": {
        "objectType": "annotation",
        "classification": {
          "name": "background_e",
          "color": [
            255,
            182,
            193
          ]
        },
        "isLocked": false
      }
    },
    {
      "type": "Feature",
      "id": "patch_41866_32351",
      "geometry": {
        "type": "Polygon",
        "coordinates": [
          [
            [
              41866,
              32351
            ],
            [
              43769,
              32351
            ],
            [
              43769,
              34254
            ],
            [
              41866,
              34254
            ],
            [
              41866,
              32351
            ]
          ]
        ]
      },
      "properties": {
        "objectType": "annotation",
        "classification": {
          "name": "background_e",
          "color": [
            255,
            182,
            193
          ]
        },
        "isLocked": false
      }
    },
    {
      "type": "Feature",
      "id": "patch_43769_32351",
      "geometry": {
        "type": "Polygon",
        "coordinates": [
          [
            [
              43769,
              32351
            ],
            [
              45672,
              32351
            ],
            [
              45672,
              34254
            ],
            [
              43769,
              34254
            ],
            [
              43769,
              32351
            ]
          ]
        ]
      },
      "properties": {
        "objectType": "annotation",
        "classification": {
          "name": "background_e",
          "color": [
            255,
            182,
            193
          ]
        },
        "isLocked": false
      }
    },
    {
      "type": "Feature",
      "id": "patch_45672_32351",
      "geometry": {
        "type": "Polygon",
        "coordinates": [
          [
            [
              45672,
              32351
            ],
            [
              47575,
              32351
            ],
            [
              47575,
              34254
            ],
            [
              45672,
              34254
            ],
            [
              45672,
              32351
            ]
          ]
        ]
      },
      "properties": {
        "objectType": "annotation",
        "classification": {
          "name": "background_e",
          "color": [
            255,
            182,
            193
          ]
        },
        "isLocked": false
      }
    },
    {
      "type": "Feature",
      "id": "patch_47575_32351",
      "geometry": {
        "type": "Polygon",
        "coordinates": [
          [
            [
              47575,
              32351
            ],
            [
              49478,
              32351
            ],
            [
              49478,
              34254
            ],
            [
              47575,
              34254
            ],
            [
              47575,
              32351
            ]
          ]
        ]
      },
      "properties": {
        "objectType": "annotation",
        "classification": {
          "name": "background_e",
          "color": [
            255,
            182,
            193
          ]
        },
        "isLocked": false
      }
    },
    {
      "type": "Feature",
      "id": "patch_49478_32351",
      "geometry": {
        "type": "Polygon",
        "coordinates": [
          [
            [
              49478,
              32351
            ],
            [
              51381,
              32351
            ],
            [
              51381,
              34254
            ],
            [
              49478,
              34254
            ],
            [
              49478,
              32351
            ]
          ]
        ]
      },
      "properties": {
        "objectType": "annotation",
        "classification": {
          "name": "background_e",
          "color": [
            255,
            182,
            193
          ]
        },
        "isLocked": false
      }
    },
    {
      "type": "Feature",
      "id": "patch_51381_32351",
      "geometry": {
        "type": "Polygon",
        "coordinates": [
          [
            [
              51381,
              32351
            ],
            [
              53284,
              32351
            ],
            [
              53284,
              34254
            ],
            [
              51381,
              34254
            ],
            [
              51381,
              32351
            ]
          ]
        ]
      },
      "properties": {
        "objectType": "annotation",
        "classification": {
          "name": "background_e",
          "color": [
            255,
            182,
            193
          ]
        },
        "isLocked": false
      }
    },
    {
      "type": "Feature",
      "id": "patch_53284_32351",
      "geometry": {
        "type": "Polygon",
        "coordinates": [
          [
            [
              53284,
              32351
            ],
            [
              55187,
              32351
            ],
            [
              55187,
              34254
            ],
            [
              53284,
              34254
            ],
            [
              53284,
              32351
            ]
          ]
        ]
      },
      "properties": {
        "objectType": "annotation",
        "classification": {
          "name": "background_e",
          "color": [
            255,
            182,
            193
          ]
        },
        "isLocked": false
      }
    },
    {
      "type": "Feature",
      "id": "patch_55187_32351",
      "geometry": {
        "type": "Polygon",
        "coordinates": [
          [
            [
              55187,
              32351
            ],
            [
              57090,
              32351
            ],
            [
              57090,
              34254
            ],
            [
              55187,
              34254
            ],
            [
              55187,
              32351
            ]
          ]
        ]
      },
      "properties": {
        "objectType": "annotation",
        "classification": {
          "name": "background_e",
          "color": [
            255,
            182,
            193
          ]
        },
        "isLocked": false
      }
    },
    {
      "type": "Feature",
      "id": "patch_57090_32351",
      "geometry": {
        "type": "Polygon",
        "coordinates": [
          [
            [
              57090,
              32351
            ],
            [
              58993,
              32351
            ],
            [
              58993,
              34254
            ],
            [
              57090,
              34254
            ],
            [
              57090,
              32351
            ]
          ]
        ]
      },
      "properties": {
        "objectType": "annotation",
        "classification": {
          "name": "background_e",
          "color": [
            255,
            182,
            193
          ]
        },
        "isLocked": false
      }
    },
    {
      "type": "Feature",
      "id": "patch_58993_32351",
      "geometry": {
        "type": "Polygon",
        "coordinates": [
          [
            [
              58993,
              32351
            ],
            [
              60896,
              32351
            ],
            [
              60896,
              34254
            ],
            [
              58993,
              34254
            ],
            [
              58993,
              32351
            ]
          ]
        ]
      },
      "properties": {
        "objectType": "annotation",
        "classification": {
          "name": "vessel_e",
          "color": [
            255,
            0,
            0
          ]
        },
        "isLocked": false
      }
    },
    {
      "type": "Feature",
      "id": "patch_60896_32351",
      "geometry": {
        "type": "Polygon",
        "coordinates": [
          [
            [
              60896,
              32351
            ],
            [
              62799,
              32351
            ],
            [
              62799,
              34254
            ],
            [
              60896,
              34254
            ],
            [
              60896,
              32351
            ]
          ]
        ]
      },
      "properties": {
        "objectType": "annotation",
        "classification": {
          "name": "background_e",
          "color": [
            255,
            182,
            193
          ]
        },
        "isLocked": false
      }
    },
    {
      "type": "Feature",
      "id": "patch_62799_32351",
      "geometry": {
        "type": "Polygon",
        "coordinates": [
          [
            [
              62799,
              32351
            ],
            [
              64702,
              32351
            ],
            [
              64702,
              34254
            ],
            [
              62799,
              34254
            ],
            [
              62799,
              32351
            ]
          ]
        ]
      },
      "properties": {
        "objectType": "annotation",
        "classification": {
          "name": "background_e",
          "color": [
            255,
            182,
            193
          ]
        },
        "isLocked": false
      }
    },
    {
      "type": "Feature",
      "id": "patch_64702_32351",
      "geometry": {
        "type": "Polygon",
        "coordinates": [
          [
            [
              64702,
              32351
            ],
            [
              66605,
              32351
            ],
            [
              66605,
              34254
            ],
            [
              64702,
              34254
            ],
            [
              64702,
              32351
            ]
          ]
        ]
      },
      "properties": {
        "objectType": "annotation",
        "classification": {
          "name": "background_e",
          "color": [
            255,
            182,
            193
          ]
        },
        "isLocked": false
      }
    },
    {
      "type": "Feature",
      "id": "patch_66605_32351",
      "geometry": {
        "type": "Polygon",
        "coordinates": [
          [
            [
              66605,
              32351
            ],
            [
              68508,
              32351
            ],
            [
              68508,
              34254
            ],
            [
              66605,
              34254
            ],
            [
              66605,
              32351
            ]
          ]
        ]
      },
      "properties": {
        "objectType": "annotation",
        "classification": {
          "name": "vessel_e",
          "color": [
            255,
            0,
            0
          ]
        },
        "isLocked": false
      }
    },
    {
      "type": "Feature",
      "id": "patch_68508_32351",
      "geometry": {
        "type": "Polygon",
        "coordinates": [
          [
            [
              68508,
              32351
            ],
            [
              70411,
              32351
            ],
            [
              70411,
              34254
            ],
            [
              68508,
              34254
            ],
            [
              68508,
              32351
            ]
          ]
        ]
      },
      "properties": {
        "objectType": "annotation",
        "classification": {
          "name": "background_e",
          "color": [
            255,
            182,
            193
          ]
        },
        "isLocked": false
      }
    },
    {
      "type": "Feature",
      "id": "patch_70411_32351",
      "geometry": {
        "type": "Polygon",
        "coordinates": [
          [
            [
              70411,
              32351
            ],
            [
              72314,
              32351
            ],
            [
              72314,
              34254
            ],
            [
              70411,
              34254
            ],
            [
              70411,
              32351
            ]
          ]
        ]
      },
      "properties": {
        "objectType": "annotation",
        "classification": {
          "name": "background_e",
          "color": [
            255,
            182,
            193
          ]
        },
        "isLocked": false
      }
    },
    {
      "type": "Feature",
      "id": "patch_72314_32351",
      "geometry": {
        "type": "Polygon",
        "coordinates": [
          [
            [
              72314,
              32351
            ],
            [
              74217,
              32351
            ],
            [
              74217,
              34254
            ],
            [
              72314,
              34254
            ],
            [
              72314,
              32351
            ]
          ]
        ]
      },
      "properties": {
        "objectType": "annotation",
        "classification": {
          "name": "background_e",
          "color": [
            255,
            182,
            193
          ]
        },
        "isLocked": false
      }
    },
    {
      "type": "Feature",
      "id": "patch_74217_32351",
      "geometry": {
        "type": "Polygon",
        "coordinates": [
          [
            [
              74217,
              32351
            ],
            [
              76120,
              32351
            ],
            [
              76120,
              34254
            ],
            [
              74217,
              34254
            ],
            [
              74217,
              32351
            ]
          ]
        ]
      },
      "properties": {
        "objectType": "annotation",
        "classification": {
          "name": "vessel_e",
          "color": [
            255,
            0,
            0
          ]
        },
        "isLocked": false
      }
    },
    {
      "type": "Feature",
      "id": "patch_76120_32351",
      "geometry": {
        "type": "Polygon",
        "coordinates": [
          [
            [
              76120,
              32351
            ],
            [
              78023,
              32351
            ],
            [
              78023,
              34254
            ],
            [
              76120,
              34254
            ],
            [
              76120,
              32351
            ]
          ]
        ]
      },
      "properties": {
        "objectType": "annotation",
        "classification": {
          "name": "background_e",
          "color": [
            255,
            182,
            193
          ]
        },
        "isLocked": false
      }
    },
    {
      "type": "Feature",
      "id": "patch_78023_32351",
      "geometry": {
        "type": "Polygon",
        "coordinates": [
          [
            [
              78023,
              32351
            ],
            [
              79926,
              32351
            ],
            [
              79926,
              34254
            ],
            [
              78023,
              34254
            ],
            [
              78023,
              32351
            ]
          ]
        ]
      },
      "properties": {
        "objectType": "annotation",
        "classification": {
          "name": "background_e",
          "color": [
            255,
            182,
            193
          ]
        },
        "isLocked": false
      }
    },
    {
      "type": "Feature",
      "id": "patch_79926_32351",
      "geometry": {
        "type": "Polygon",
        "coordinates": [
          [
            [
              79926,
              32351
            ],
            [
              81829,
              32351
            ],
            [
              81829,
              34254
            ],
            [
              79926,
              34254
            ],
            [
              79926,
              32351
            ]
          ]
        ]
      },
      "properties": {
        "objectType": "annotation",
        "classification": {
          "name": "background_e",
          "color": [
            255,
            182,
            193
          ]
        },
        "isLocked": false
      }
    },
    {
      "type": "Feature",
      "id": "patch_81829_32351",
      "geometry": {
        "type": "Polygon",
        "coordinates": [
          [
            [
              81829,
              32351
            ],
            [
              83732,
              32351
            ],
            [
              83732,
              34254
            ],
            [
              81829,
              34254
            ],
            [
              81829,
              32351
            ]
          ]
        ]
      },
      "properties": {
        "objectType": "annotation",
        "classification": {
          "name": "vessel_e",
          "color": [
            255,
            0,
            0
          ]
        },
        "isLocked": false
      }
    },
    {
      "type": "Feature",
      "id": "patch_83732_32351",
      "geometry": {
        "type": "Polygon",
        "coordinates": [
          [
            [
              83732,
              32351
            ],
            [
              85635,
              32351
            ],
            [
              85635,
              34254
            ],
            [
              83732,
              34254
            ],
            [
              83732,
              32351
            ]
          ]
        ]
      },
      "properties": {
        "objectType": "annotation",
        "classification": {
          "name": "white",
          "color": [
            200,
            200,
            200
          ]
        },
        "isLocked": false
      }
    },
    {
      "type": "Feature",
      "id": "patch_13321_34254",
      "geometry": {
        "type": "Polygon",
        "coordinates": [
          [
            [
              13321,
              34254
            ],
            [
              15224,
              34254
            ],
            [
              15224,
              36157
            ],
            [
              13321,
              36157
            ],
            [
              13321,
              34254
            ]
          ]
        ]
      },
      "properties": {
        "objectType": "annotation",
        "classification": {
          "name": "background_h",
          "color": [
            0,
            0,
            255
          ]
        },
        "isLocked": false
      }
    },
    {
      "type": "Feature",
      "id": "patch_15224_34254",
      "geometry": {
        "type": "Polygon",
        "coordinates": [
          [
            [
              15224,
              34254
            ],
            [
              17127,
              34254
            ],
            [
              17127,
              36157
            ],
            [
              15224,
              36157
            ],
            [
              15224,
              34254
            ]
          ]
        ]
      },
      "properties": {
        "objectType": "annotation",
        "classification": {
          "name": "background_h",
          "color": [
            0,
            0,
            255
          ]
        },
        "isLocked": false
      }
    },
    {
      "type": "Feature",
      "id": "patch_17127_34254",
      "geometry": {
        "type": "Polygon",
        "coordinates": [
          [
            [
              17127,
              34254
            ],
            [
              19030,
              34254
            ],
            [
              19030,
              36157
            ],
            [
              17127,
              36157
            ],
            [
              17127,
              34254
            ]
          ]
        ]
      },
      "properties": {
        "objectType": "annotation",
        "classification": {
          "name": "background_h",
          "color": [
            0,
            0,
            255
          ]
        },
        "isLocked": false
      }
    },
    {
      "type": "Feature",
      "id": "patch_19030_34254",
      "geometry": {
        "type": "Polygon",
        "coordinates": [
          [
            [
              19030,
              34254
            ],
            [
              20933,
              34254
            ],
            [
              20933,
              36157
            ],
            [
              19030,
              36157
            ],
            [
              19030,
              34254
            ]
          ]
        ]
      },
      "properties": {
        "objectType": "annotation",
        "classification": {
          "name": "background_h",
          "color": [
            0,
            0,
            255
          ]
        },
        "isLocked": false
      }
    },
    {
      "type": "Feature",
      "id": "patch_20933_34254",
      "geometry": {
        "type": "Polygon",
        "coordinates": [
          [
            [
              20933,
              34254
            ],
            [
              22836,
              34254
            ],
            [
              22836,
              36157
            ],
            [
              20933,
              36157
            ],
            [
              20933,
              34254
            ]
          ]
        ]
      },
      "properties": {
        "objectType": "annotation",
        "classification": {
          "name": "background_h",
          "color": [
            0,
            0,
            255
          ]
        },
        "isLocked": false
      }
    },
    {
      "type": "Feature",
      "id": "patch_22836_34254",
      "geometry": {
        "type": "Polygon",
        "coordinates": [
          [
            [
              22836,
              34254
            ],
            [
              24739,
              34254
            ],
            [
              24739,
              36157
            ],
            [
              22836,
              36157
            ],
            [
              22836,
              34254
            ]
          ]
        ]
      },
      "properties": {
        "objectType": "annotation",
        "classification": {
          "name": "vessel_h",
          "color": [
            128,
            0,
            128
          ]
        },
        "isLocked": false
      }
    },
    {
      "type": "Feature",
      "id": "patch_24739_34254",
      "geometry": {
        "type": "Polygon",
        "coordinates": [
          [
            [
              24739,
              34254
            ],
            [
              26642,
              34254
            ],
            [
              26642,
              36157
            ],
            [
              24739,
              36157
            ],
            [
              24739,
              34254
            ]
          ]
        ]
      },
      "properties": {
        "objectType": "annotation",
        "classification": {
          "name": "background_h",
          "color": [
            0,
            0,
            255
          ]
        },
        "isLocked": false
      }
    },
    {
      "type": "Feature",
      "id": "patch_26642_34254",
      "geometry": {
        "type": "Polygon",
        "coordinates": [
          [
            [
              26642,
              34254
            ],
            [
              28545,
              34254
            ],
            [
              28545,
              36157
            ],
            [
              26642,
              36157
            ],
            [
              26642,
              34254
            ]
          ]
        ]
      },
      "properties": {
        "objectType": "annotation",
        "classification": {
          "name": "background_h",
          "color": [
            0,
            0,
            255
          ]
        },
        "isLocked": false
      }
    },
    {
      "type": "Feature",
      "id": "patch_28545_34254",
      "geometry": {
        "type": "Polygon",
        "coordinates": [
          [
            [
              28545,
              34254
            ],
            [
              30448,
              34254
            ],
            [
              30448,
              36157
            ],
            [
              28545,
              36157
            ],
            [
              28545,
              34254
            ]
          ]
        ]
      },
      "properties": {
        "objectType": "annotation",
        "classification": {
          "name": "background_h",
          "color": [
            0,
            0,
            255
          ]
        },
        "isLocked": false
      }
    },
    {
      "type": "Feature",
      "id": "patch_30448_34254",
      "geometry": {
        "type": "Polygon",
        "coordinates": [
          [
            [
              30448,
              34254
            ],
            [
              32351,
              34254
            ],
            [
              32351,
              36157
            ],
            [
              30448,
              36157
            ],
            [
              30448,
              34254
            ]
          ]
        ]
      },
      "properties": {
        "objectType": "annotation",
        "classification": {
          "name": "background_e",
          "color": [
            255,
            182,
            193
          ]
        },
        "isLocked": false
      }
    },
    {
      "type": "Feature",
      "id": "patch_32351_34254",
      "geometry": {
        "type": "Polygon",
        "coordinates": [
          [
            [
              32351,
              34254
            ],
            [
              34254,
              34254
            ],
            [
              34254,
              36157
            ],
            [
              32351,
              36157
            ],
            [
              32351,
              34254
            ]
          ]
        ]
      },
      "properties": {
        "objectType": "annotation",
        "classification": {
          "name": "background_e",
          "color": [
            255,
            182,
            193
          ]
        },
        "isLocked": false
      }
    },
    {
      "type": "Feature",
      "id": "patch_34254_34254",
      "geometry": {
        "type": "Polygon",
        "coordinates": [
          [
            [
              34254,
              34254
            ],
            [
              36157,
              34254
            ],
            [
              36157,
              36157
            ],
            [
              34254,
              36157
            ],
            [
              34254,
              34254
            ]
          ]
        ]
      },
      "properties": {
        "objectType": "annotation",
        "classification": {
          "name": "background_e",
          "color": [
            255,
            182,
            193
          ]
        },
        "isLocked": false
      }
    },
    {
      "type": "Feature",
      "id": "patch_36157_34254",
      "geometry": {
        "type": "Polygon",
        "coordinates": [
          [
            [
              36157,
              34254
            ],
            [
              38060,
              34254
            ],
            [
              38060,
              36157
            ],
            [
              36157,
              36157
            ],
            [
              36157,
              34254
            ]
          ]
        ]
      },
      "properties": {
        "objectType": "annotation",
        "classification": {
          "name": "vessel_e",
          "color": [
            255,
            0,
            0
          ]
        },
        "isLocked": false
      }
    },
    {
      "type": "Feature",
      "id": "patch_38060_34254",
      "geometry": {
        "type": "Polygon",
        "coordinates": [
          [
            [
              38060,
              34254
            ],
            [
              39963,
              34254
            ],
            [
              39963,
              36157
            ],
            [
              38060,
              36157
            ],
            [
              38060,
              34254
            ]
          ]
        ]
      },
      "properties": {
        "objectType": "annotation",
        "classification": {
          "name": "vessel_e",
          "color": [
            255,
            0,
            0
          ]
        },
        "isLocked": false
      }
    },
    {
      "type": "Feature",
      "id": "patch_39963_34254",
      "geometry": {
        "type": "Polygon",
        "coordinates": [
          [
            [
              39963,
              34254
            ],
            [
              41866,
              34254
            ],
            [
              41866,
              36157
            ],
            [
              39963,
              36157
            ],
            [
              39963,
              34254
            ]
          ]
        ]
      },
      "properties": {
        "objectType": "annotation",
        "classification": {
          "name": "background_e",
          "color": [
            255,
            182,
            193
          ]
        },
        "isLocked": false
      }
    },
    {
      "type": "Feature",
      "id": "patch_41866_34254",
      "geometry": {
        "type": "Polygon",
        "coordinates": [
          [
            [
              41866,
              34254
            ],
            [
              43769,
              34254
            ],
            [
              43769,
              36157
            ],
            [
              41866,
              36157
            ],
            [
              41866,
              34254
            ]
          ]
        ]
      },
      "properties": {
        "objectType": "annotation",
        "classification": {
          "name": "background_e",
          "color": [
            255,
            182,
            193
          ]
        },
        "isLocked": false
      }
    },
    {
      "type": "Feature",
      "id": "patch_43769_34254",
      "geometry": {
        "type": "Polygon",
        "coordinates": [
          [
            [
              43769,
              34254
            ],
            [
              45672,
              34254
            ],
            [
              45672,
              36157
            ],
            [
              43769,
              36157
            ],
            [
              43769,
              34254
            ]
          ]
        ]
      },
      "properties": {
        "objectType": "annotation",
        "classification": {
          "name": "background_e",
          "color": [
            255,
            182,
            193
          ]
        },
        "isLocked": false
      }
    },
    {
      "type": "Feature",
      "id": "patch_45672_34254",
      "geometry": {
        "type": "Polygon",
        "coordinates": [
          [
            [
              45672,
              34254
            ],
            [
              47575,
              34254
            ],
            [
              47575,
              36157
            ],
            [
              45672,
              36157
            ],
            [
              45672,
              34254
            ]
          ]
        ]
      },
      "properties": {
        "objectType": "annotation",
        "classification": {
          "name": "vessel_e",
          "color": [
            255,
            0,
            0
          ]
        },
        "isLocked": false
      }
    },
    {
      "type": "Feature",
      "id": "patch_47575_34254",
      "geometry": {
        "type": "Polygon",
        "coordinates": [
          [
            [
              47575,
              34254
            ],
            [
              49478,
              34254
            ],
            [
              49478,
              36157
            ],
            [
              47575,
              36157
            ],
            [
              47575,
              34254
            ]
          ]
        ]
      },
      "properties": {
        "objectType": "annotation",
        "classification": {
          "name": "background_e",
          "color": [
            255,
            182,
            193
          ]
        },
        "isLocked": false
      }
    },
    {
      "type": "Feature",
      "id": "patch_49478_34254",
      "geometry": {
        "type": "Polygon",
        "coordinates": [
          [
            [
              49478,
              34254
            ],
            [
              51381,
              34254
            ],
            [
              51381,
              36157
            ],
            [
              49478,
              36157
            ],
            [
              49478,
              34254
            ]
          ]
        ]
      },
      "properties": {
        "objectType": "annotation",
        "classification": {
          "name": "background_e",
          "color": [
            255,
            182,
            193
          ]
        },
        "isLocked": false
      }
    },
    {
      "type": "Feature",
      "id": "patch_51381_34254",
      "geometry": {
        "type": "Polygon",
        "coordinates": [
          [
            [
              51381,
              34254
            ],
            [
              53284,
              34254
            ],
            [
              53284,
              36157
            ],
            [
              51381,
              36157
            ],
            [
              51381,
              34254
            ]
          ]
        ]
      },
      "properties": {
        "objectType": "annotation",
        "classification": {
          "name": "background_e",
          "color": [
            255,
            182,
            193
          ]
        },
        "isLocked": false
      }
    },
    {
      "type": "Feature",
      "id": "patch_53284_34254",
      "geometry": {
        "type": "Polygon",
        "coordinates": [
          [
            [
              53284,
              34254
            ],
            [
              55187,
              34254
            ],
            [
              55187,
              36157
            ],
            [
              53284,
              36157
            ],
            [
              53284,
              34254
            ]
          ]
        ]
      },
      "properties": {
        "objectType": "annotation",
        "classification": {
          "name": "background_e",
          "color": [
            255,
            182,
            193
          ]
        },
        "isLocked": false
      }
    },
    {
      "type": "Feature",
      "id": "patch_55187_34254",
      "geometry": {
        "type": "Polygon",
        "coordinates": [
          [
            [
              55187,
              34254
            ],
            [
              57090,
              34254
            ],
            [
              57090,
              36157
            ],
            [
              55187,
              36157
            ],
            [
              55187,
              34254
            ]
          ]
        ]
      },
      "properties": {
        "objectType": "annotation",
        "classification": {
          "name": "vessel_e",
          "color": [
            255,
            0,
            0
          ]
        },
        "isLocked": false
      }
    },
    {
      "type": "Feature",
      "id": "patch_57090_34254",
      "geometry": {
        "type": "Polygon",
        "coordinates": [
          [
            [
              57090,
              34254
            ],
            [
              58993,
              34254
            ],
            [
              58993,
              36157
            ],
            [
              57090,
              36157
            ],
            [
              57090,
              34254
            ]
          ]
        ]
      },
      "properties": {
        "objectType": "annotation",
        "classification": {
          "name": "background_e",
          "color": [
            255,
            182,
            193
          ]
        },
        "isLocked": false
      }
    },
    {
      "type": "Feature",
      "id": "patch_58993_34254",
      "geometry": {
        "type": "Polygon",
        "coordinates": [
          [
            [
              58993,
              34254
            ],
            [
              60896,
              34254
            ],
            [
              60896,
              36157
            ],
            [
              58993,
              36157
            ],
            [
              58993,
              34254
            ]
          ]
        ]
      },
      "properties": {
        "objectType": "annotation",
        "classification": {
          "name": "background_e",
          "color": [
            255,
            182,
            193
          ]
        },
        "isLocked": false
      }
    },
    {
      "type": "Feature",
      "id": "patch_60896_34254",
      "geometry": {
        "type": "Polygon",
        "coordinates": [
          [
            [
              60896,
              34254
            ],
            [
              62799,
              34254
            ],
            [
              62799,
              36157
            ],
            [
              60896,
              36157
            ],
            [
              60896,
              34254
            ]
          ]
        ]
      },
      "properties": {
        "objectType": "annotation",
        "classification": {
          "name": "background_e",
          "color": [
            255,
            182,
            193
          ]
        },
        "isLocked": false
      }
    },
    {
      "type": "Feature",
      "id": "patch_62799_34254",
      "geometry": {
        "type": "Polygon",
        "coordinates": [
          [
            [
              62799,
              34254
            ],
            [
              64702,
              34254
            ],
            [
              64702,
              36157
            ],
            [
              62799,
              36157
            ],
            [
              62799,
              34254
            ]
          ]
        ]
      },
      "properties": {
        "objectType": "annotation",
        "classification": {
          "name": "background_e",
          "color": [
            255,
            182,
            193
          ]
        },
        "isLocked": false
      }
    },
    {
      "type": "Feature",
      "id": "patch_64702_34254",
      "geometry": {
        "type": "Polygon",
        "coordinates": [
          [
            [
              64702,
              34254
            ],
            [
              66605,
              34254
            ],
            [
              66605,
              36157
            ],
            [
              64702,
              36157
            ],
            [
              64702,
              34254
            ]
          ]
        ]
      },
      "properties": {
        "objectType": "annotation",
        "classification": {
          "name": "background_e",
          "color": [
            255,
            182,
            193
          ]
        },
        "isLocked": false
      }
    },
    {
      "type": "Feature",
      "id": "patch_66605_34254",
      "geometry": {
        "type": "Polygon",
        "coordinates": [
          [
            [
              66605,
              34254
            ],
            [
              68508,
              34254
            ],
            [
              68508,
              36157
            ],
            [
              66605,
              36157
            ],
            [
              66605,
              34254
            ]
          ]
        ]
      },
      "properties": {
        "objectType": "annotation",
        "classification": {
          "name": "background_e",
          "color": [
            255,
            182,
            193
          ]
        },
        "isLocked": false
      }
    },
    {
      "type": "Feature",
      "id": "patch_68508_34254",
      "geometry": {
        "type": "Polygon",
        "coordinates": [
          [
            [
              68508,
              34254
            ],
            [
              70411,
              34254
            ],
            [
              70411,
              36157
            ],
            [
              68508,
              36157
            ],
            [
              68508,
              34254
            ]
          ]
        ]
      },
      "properties": {
        "objectType": "annotation",
        "classification": {
          "name": "vessel_e",
          "color": [
            255,
            0,
            0
          ]
        },
        "isLocked": false
      }
    },
    {
      "type": "Feature",
      "id": "patch_70411_34254",
      "geometry": {
        "type": "Polygon",
        "coordinates": [
          [
            [
              70411,
              34254
            ],
            [
              72314,
              34254
            ],
            [
              72314,
              36157
            ],
            [
              70411,
              36157
            ],
            [
              70411,
              34254
            ]
          ]
        ]
      },
      "properties": {
        "objectType": "annotation",
        "classification": {
          "name": "vessel_e",
          "color": [
            255,
            0,
            0
          ]
        },
        "isLocked": false
      }
    },
    {
      "type": "Feature",
      "id": "patch_72314_34254",
      "geometry": {
        "type": "Polygon",
        "coordinates": [
          [
            [
              72314,
              34254
            ],
            [
              74217,
              34254
            ],
            [
              74217,
              36157
            ],
            [
              72314,
              36157
            ],
            [
              72314,
              34254
            ]
          ]
        ]
      },
      "properties": {
        "objectType": "annotation",
        "classification": {
          "name": "vessel_e",
          "color": [
            255,
            0,
            0
          ]
        },
        "isLocked": false
      }
    },
    {
      "type": "Feature",
      "id": "patch_74217_34254",
      "geometry": {
        "type": "Polygon",
        "coordinates": [
          [
            [
              74217,
              34254
            ],
            [
              76120,
              34254
            ],
            [
              76120,
              36157
            ],
            [
              74217,
              36157
            ],
            [
              74217,
              34254
            ]
          ]
        ]
      },
      "properties": {
        "objectType": "annotation",
        "classification": {
          "name": "vessel_e",
          "color": [
            255,
            0,
            0
          ]
        },
        "isLocked": false
      }
    },
    {
      "type": "Feature",
      "id": "patch_76120_34254",
      "geometry": {
        "type": "Polygon",
        "coordinates": [
          [
            [
              76120,
              34254
            ],
            [
              78023,
              34254
            ],
            [
              78023,
              36157
            ],
            [
              76120,
              36157
            ],
            [
              76120,
              34254
            ]
          ]
        ]
      },
      "properties": {
        "objectType": "annotation",
        "classification": {
          "name": "background_e",
          "color": [
            255,
            182,
            193
          ]
        },
        "isLocked": false
      }
    },
    {
      "type": "Feature",
      "id": "patch_78023_34254",
      "geometry": {
        "type": "Polygon",
        "coordinates": [
          [
            [
              78023,
              34254
            ],
            [
              79926,
              34254
            ],
            [
              79926,
              36157
            ],
            [
              78023,
              36157
            ],
            [
              78023,
              34254
            ]
          ]
        ]
      },
      "properties": {
        "objectType": "annotation",
        "classification": {
          "name": "background_e",
          "color": [
            255,
            182,
            193
          ]
        },
        "isLocked": false
      }
    },
    {
      "type": "Feature",
      "id": "patch_79926_34254",
      "geometry": {
        "type": "Polygon",
        "coordinates": [
          [
            [
              79926,
              34254
            ],
            [
              81829,
              34254
            ],
            [
              81829,
              36157
            ],
            [
              79926,
              36157
            ],
            [
              79926,
              34254
            ]
          ]
        ]
      },
      "properties": {
        "objectType": "annotation",
        "classification": {
          "name": "background_e",
          "color": [
            255,
            182,
            193
          ]
        },
        "isLocked": false
      }
    },
    {
      "type": "Feature",
      "id": "patch_81829_34254",
      "geometry": {
        "type": "Polygon",
        "coordinates": [
          [
            [
              81829,
              34254
            ],
            [
              83732,
              34254
            ],
            [
              83732,
              36157
            ],
            [
              81829,
              36157
            ],
            [
              81829,
              34254
            ]
          ]
        ]
      },
      "properties": {
        "objectType": "annotation",
        "classification": {
          "name": "background_e",
          "color": [
            255,
            182,
            193
          ]
        },
        "isLocked": false
      }
    },
    {
      "type": "Feature",
      "id": "patch_83732_34254",
      "geometry": {
        "type": "Polygon",
        "coordinates": [
          [
            [
              83732,
              34254
            ],
            [
              85635,
              34254
            ],
            [
              85635,
              36157
            ],
            [
              83732,
              36157
            ],
            [
              83732,
              34254
            ]
          ]
        ]
      },
      "properties": {
        "objectType": "annotation",
        "classification": {
          "name": "white",
          "color": [
            200,
            200,
            200
          ]
        },
        "isLocked": false
      }
    },
    {
      "type": "Feature",
      "id": "patch_13321_36157",
      "geometry": {
        "type": "Polygon",
        "coordinates": [
          [
            [
              13321,
              36157
            ],
            [
              15224,
              36157
            ],
            [
              15224,
              38060
            ],
            [
              13321,
              38060
            ],
            [
              13321,
              36157
            ]
          ]
        ]
      },
      "properties": {
        "objectType": "annotation",
        "classification": {
          "name": "vessel_h",
          "color": [
            128,
            0,
            128
          ]
        },
        "isLocked": false
      }
    },
    {
      "type": "Feature",
      "id": "patch_15224_36157",
      "geometry": {
        "type": "Polygon",
        "coordinates": [
          [
            [
              15224,
              36157
            ],
            [
              17127,
              36157
            ],
            [
              17127,
              38060
            ],
            [
              15224,
              38060
            ],
            [
              15224,
              36157
            ]
          ]
        ]
      },
      "properties": {
        "objectType": "annotation",
        "classification": {
          "name": "background_h",
          "color": [
            0,
            0,
            255
          ]
        },
        "isLocked": false
      }
    },
    {
      "type": "Feature",
      "id": "patch_17127_36157",
      "geometry": {
        "type": "Polygon",
        "coordinates": [
          [
            [
              17127,
              36157
            ],
            [
              19030,
              36157
            ],
            [
              19030,
              38060
            ],
            [
              17127,
              38060
            ],
            [
              17127,
              36157
            ]
          ]
        ]
      },
      "properties": {
        "objectType": "annotation",
        "classification": {
          "name": "background_h",
          "color": [
            0,
            0,
            255
          ]
        },
        "isLocked": false
      }
    },
    {
      "type": "Feature",
      "id": "patch_19030_36157",
      "geometry": {
        "type": "Polygon",
        "coordinates": [
          [
            [
              19030,
              36157
            ],
            [
              20933,
              36157
            ],
            [
              20933,
              38060
            ],
            [
              19030,
              38060
            ],
            [
              19030,
              36157
            ]
          ]
        ]
      },
      "properties": {
        "objectType": "annotation",
        "classification": {
          "name": "background_h",
          "color": [
            0,
            0,
            255
          ]
        },
        "isLocked": false
      }
    },
    {
      "type": "Feature",
      "id": "patch_20933_36157",
      "geometry": {
        "type": "Polygon",
        "coordinates": [
          [
            [
              20933,
              36157
            ],
            [
              22836,
              36157
            ],
            [
              22836,
              38060
            ],
            [
              20933,
              38060
            ],
            [
              20933,
              36157
            ]
          ]
        ]
      },
      "properties": {
        "objectType": "annotation",
        "classification": {
          "name": "background_h",
          "color": [
            0,
            0,
            255
          ]
        },
        "isLocked": false
      }
    },
    {
      "type": "Feature",
      "id": "patch_22836_36157",
      "geometry": {
        "type": "Polygon",
        "coordinates": [
          [
            [
              22836,
              36157
            ],
            [
              24739,
              36157
            ],
            [
              24739,
              38060
            ],
            [
              22836,
              38060
            ],
            [
              22836,
              36157
            ]
          ]
        ]
      },
      "properties": {
        "objectType": "annotation",
        "classification": {
          "name": "vessel_h",
          "color": [
            128,
            0,
            128
          ]
        },
        "isLocked": false
      }
    },
    {
      "type": "Feature",
      "id": "patch_24739_36157",
      "geometry": {
        "type": "Polygon",
        "coordinates": [
          [
            [
              24739,
              36157
            ],
            [
              26642,
              36157
            ],
            [
              26642,
              38060
            ],
            [
              24739,
              38060
            ],
            [
              24739,
              36157
            ]
          ]
        ]
      },
      "properties": {
        "objectType": "annotation",
        "classification": {
          "name": "background_h",
          "color": [
            0,
            0,
            255
          ]
        },
        "isLocked": false
      }
    },
    {
      "type": "Feature",
      "id": "patch_26642_36157",
      "geometry": {
        "type": "Polygon",
        "coordinates": [
          [
            [
              26642,
              36157
            ],
            [
              28545,
              36157
            ],
            [
              28545,
              38060
            ],
            [
              26642,
              38060
            ],
            [
              26642,
              36157
            ]
          ]
        ]
      },
      "properties": {
        "objectType": "annotation",
        "classification": {
          "name": "background_h",
          "color": [
            0,
            0,
            255
          ]
        },
        "isLocked": false
      }
    },
    {
      "type": "Feature",
      "id": "patch_28545_36157",
      "geometry": {
        "type": "Polygon",
        "coordinates": [
          [
            [
              28545,
              36157
            ],
            [
              30448,
              36157
            ],
            [
              30448,
              38060
            ],
            [
              28545,
              38060
            ],
            [
              28545,
              36157
            ]
          ]
        ]
      },
      "properties": {
        "objectType": "annotation",
        "classification": {
          "name": "background_h",
          "color": [
            0,
            0,
            255
          ]
        },
        "isLocked": false
      }
    },
    {
      "type": "Feature",
      "id": "patch_30448_36157",
      "geometry": {
        "type": "Polygon",
        "coordinates": [
          [
            [
              30448,
              36157
            ],
            [
              32351,
              36157
            ],
            [
              32351,
              38060
            ],
            [
              30448,
              38060
            ],
            [
              30448,
              36157
            ]
          ]
        ]
      },
      "properties": {
        "objectType": "annotation",
        "classification": {
          "name": "background_h",
          "color": [
            0,
            0,
            255
          ]
        },
        "isLocked": false
      }
    },
    {
      "type": "Feature",
      "id": "patch_32351_36157",
      "geometry": {
        "type": "Polygon",
        "coordinates": [
          [
            [
              32351,
              36157
            ],
            [
              34254,
              36157
            ],
            [
              34254,
              38060
            ],
            [
              32351,
              38060
            ],
            [
              32351,
              36157
            ]
          ]
        ]
      },
      "properties": {
        "objectType": "annotation",
        "classification": {
          "name": "vessel_e",
          "color": [
            255,
            0,
            0
          ]
        },
        "isLocked": false
      }
    },
    {
      "type": "Feature",
      "id": "patch_34254_36157",
      "geometry": {
        "type": "Polygon",
        "coordinates": [
          [
            [
              34254,
              36157
            ],
            [
              36157,
              36157
            ],
            [
              36157,
              38060
            ],
            [
              34254,
              38060
            ],
            [
              34254,
              36157
            ]
          ]
        ]
      },
      "properties": {
        "objectType": "annotation",
        "classification": {
          "name": "background_e",
          "color": [
            255,
            182,
            193
          ]
        },
        "isLocked": false
      }
    },
    {
      "type": "Feature",
      "id": "patch_36157_36157",
      "geometry": {
        "type": "Polygon",
        "coordinates": [
          [
            [
              36157,
              36157
            ],
            [
              38060,
              36157
            ],
            [
              38060,
              38060
            ],
            [
              36157,
              38060
            ],
            [
              36157,
              36157
            ]
          ]
        ]
      },
      "properties": {
        "objectType": "annotation",
        "classification": {
          "name": "background_e",
          "color": [
            255,
            182,
            193
          ]
        },
        "isLocked": false
      }
    },
    {
      "type": "Feature",
      "id": "patch_38060_36157",
      "geometry": {
        "type": "Polygon",
        "coordinates": [
          [
            [
              38060,
              36157
            ],
            [
              39963,
              36157
            ],
            [
              39963,
              38060
            ],
            [
              38060,
              38060
            ],
            [
              38060,
              36157
            ]
          ]
        ]
      },
      "properties": {
        "objectType": "annotation",
        "classification": {
          "name": "background_e",
          "color": [
            255,
            182,
            193
          ]
        },
        "isLocked": false
      }
    },
    {
      "type": "Feature",
      "id": "patch_39963_36157",
      "geometry": {
        "type": "Polygon",
        "coordinates": [
          [
            [
              39963,
              36157
            ],
            [
              41866,
              36157
            ],
            [
              41866,
              38060
            ],
            [
              39963,
              38060
            ],
            [
              39963,
              36157
            ]
          ]
        ]
      },
      "properties": {
        "objectType": "annotation",
        "classification": {
          "name": "background_e",
          "color": [
            255,
            182,
            193
          ]
        },
        "isLocked": false
      }
    },
    {
      "type": "Feature",
      "id": "patch_41866_36157",
      "geometry": {
        "type": "Polygon",
        "coordinates": [
          [
            [
              41866,
              36157
            ],
            [
              43769,
              36157
            ],
            [
              43769,
              38060
            ],
            [
              41866,
              38060
            ],
            [
              41866,
              36157
            ]
          ]
        ]
      },
      "properties": {
        "objectType": "annotation",
        "classification": {
          "name": "background_e",
          "color": [
            255,
            182,
            193
          ]
        },
        "isLocked": false
      }
    },
    {
      "type": "Feature",
      "id": "patch_43769_36157",
      "geometry": {
        "type": "Polygon",
        "coordinates": [
          [
            [
              43769,
              36157
            ],
            [
              45672,
              36157
            ],
            [
              45672,
              38060
            ],
            [
              43769,
              38060
            ],
            [
              43769,
              36157
            ]
          ]
        ]
      },
      "properties": {
        "objectType": "annotation",
        "classification": {
          "name": "background_e",
          "color": [
            255,
            182,
            193
          ]
        },
        "isLocked": false
      }
    },
    {
      "type": "Feature",
      "id": "patch_45672_36157",
      "geometry": {
        "type": "Polygon",
        "coordinates": [
          [
            [
              45672,
              36157
            ],
            [
              47575,
              36157
            ],
            [
              47575,
              38060
            ],
            [
              45672,
              38060
            ],
            [
              45672,
              36157
            ]
          ]
        ]
      },
      "properties": {
        "objectType": "annotation",
        "classification": {
          "name": "background_e",
          "color": [
            255,
            182,
            193
          ]
        },
        "isLocked": false
      }
    },
    {
      "type": "Feature",
      "id": "patch_47575_36157",
      "geometry": {
        "type": "Polygon",
        "coordinates": [
          [
            [
              47575,
              36157
            ],
            [
              49478,
              36157
            ],
            [
              49478,
              38060
            ],
            [
              47575,
              38060
            ],
            [
              47575,
              36157
            ]
          ]
        ]
      },
      "properties": {
        "objectType": "annotation",
        "classification": {
          "name": "background_e",
          "color": [
            255,
            182,
            193
          ]
        },
        "isLocked": false
      }
    },
    {
      "type": "Feature",
      "id": "patch_49478_36157",
      "geometry": {
        "type": "Polygon",
        "coordinates": [
          [
            [
              49478,
              36157
            ],
            [
              51381,
              36157
            ],
            [
              51381,
              38060
            ],
            [
              49478,
              38060
            ],
            [
              49478,
              36157
            ]
          ]
        ]
      },
      "properties": {
        "objectType": "annotation",
        "classification": {
          "name": "background_e",
          "color": [
            255,
            182,
            193
          ]
        },
        "isLocked": false
      }
    },
    {
      "type": "Feature",
      "id": "patch_51381_36157",
      "geometry": {
        "type": "Polygon",
        "coordinates": [
          [
            [
              51381,
              36157
            ],
            [
              53284,
              36157
            ],
            [
              53284,
              38060
            ],
            [
              51381,
              38060
            ],
            [
              51381,
              36157
            ]
          ]
        ]
      },
      "properties": {
        "objectType": "annotation",
        "classification": {
          "name": "background_e",
          "color": [
            255,
            182,
            193
          ]
        },
        "isLocked": false
      }
    },
    {
      "type": "Feature",
      "id": "patch_53284_36157",
      "geometry": {
        "type": "Polygon",
        "coordinates": [
          [
            [
              53284,
              36157
            ],
            [
              55187,
              36157
            ],
            [
              55187,
              38060
            ],
            [
              53284,
              38060
            ],
            [
              53284,
              36157
            ]
          ]
        ]
      },
      "properties": {
        "objectType": "annotation",
        "classification": {
          "name": "background_e",
          "color": [
            255,
            182,
            193
          ]
        },
        "isLocked": false
      }
    },
    {
      "type": "Feature",
      "id": "patch_55187_36157",
      "geometry": {
        "type": "Polygon",
        "coordinates": [
          [
            [
              55187,
              36157
            ],
            [
              57090,
              36157
            ],
            [
              57090,
              38060
            ],
            [
              55187,
              38060
            ],
            [
              55187,
              36157
            ]
          ]
        ]
      },
      "properties": {
        "objectType": "annotation",
        "classification": {
          "name": "background_e",
          "color": [
            255,
            182,
            193
          ]
        },
        "isLocked": false
      }
    },
    {
      "type": "Feature",
      "id": "patch_57090_36157",
      "geometry": {
        "type": "Polygon",
        "coordinates": [
          [
            [
              57090,
              36157
            ],
            [
              58993,
              36157
            ],
            [
              58993,
              38060
            ],
            [
              57090,
              38060
            ],
            [
              57090,
              36157
            ]
          ]
        ]
      },
      "properties": {
        "objectType": "annotation",
        "classification": {
          "name": "vessel_e",
          "color": [
            255,
            0,
            0
          ]
        },
        "isLocked": false
      }
    },
    {
      "type": "Feature",
      "id": "patch_58993_36157",
      "geometry": {
        "type": "Polygon",
        "coordinates": [
          [
            [
              58993,
              36157
            ],
            [
              60896,
              36157
            ],
            [
              60896,
              38060
            ],
            [
              58993,
              38060
            ],
            [
              58993,
              36157
            ]
          ]
        ]
      },
      "properties": {
        "objectType": "annotation",
        "classification": {
          "name": "background_e",
          "color": [
            255,
            182,
            193
          ]
        },
        "isLocked": false
      }
    },
    {
      "type": "Feature",
      "id": "patch_60896_36157",
      "geometry": {
        "type": "Polygon",
        "coordinates": [
          [
            [
              60896,
              36157
            ],
            [
              62799,
              36157
            ],
            [
              62799,
              38060
            ],
            [
              60896,
              38060
            ],
            [
              60896,
              36157
            ]
          ]
        ]
      },
      "properties": {
        "objectType": "annotation",
        "classification": {
          "name": "background_e",
          "color": [
            255,
            182,
            193
          ]
        },
        "isLocked": false
      }
    },
    {
      "type": "Feature",
      "id": "patch_62799_36157",
      "geometry": {
        "type": "Polygon",
        "coordinates": [
          [
            [
              62799,
              36157
            ],
            [
              64702,
              36157
            ],
            [
              64702,
              38060
            ],
            [
              62799,
              38060
            ],
            [
              62799,
              36157
            ]
          ]
        ]
      },
      "properties": {
        "objectType": "annotation",
        "classification": {
          "name": "background_e",
          "color": [
            255,
            182,
            193
          ]
        },
        "isLocked": false
      }
    },
    {
      "type": "Feature",
      "id": "patch_64702_36157",
      "geometry": {
        "type": "Polygon",
        "coordinates": [
          [
            [
              64702,
              36157
            ],
            [
              66605,
              36157
            ],
            [
              66605,
              38060
            ],
            [
              64702,
              38060
            ],
            [
              64702,
              36157
            ]
          ]
        ]
      },
      "properties": {
        "objectType": "annotation",
        "classification": {
          "name": "background_e",
          "color": [
            255,
            182,
            193
          ]
        },
        "isLocked": false
      }
    },
    {
      "type": "Feature",
      "id": "patch_66605_36157",
      "geometry": {
        "type": "Polygon",
        "coordinates": [
          [
            [
              66605,
              36157
            ],
            [
              68508,
              36157
            ],
            [
              68508,
              38060
            ],
            [
              66605,
              38060
            ],
            [
              66605,
              36157
            ]
          ]
        ]
      },
      "properties": {
        "objectType": "annotation",
        "classification": {
          "name": "vessel_e",
          "color": [
            255,
            0,
            0
          ]
        },
        "isLocked": false
      }
    },
    {
      "type": "Feature",
      "id": "patch_68508_36157",
      "geometry": {
        "type": "Polygon",
        "coordinates": [
          [
            [
              68508,
              36157
            ],
            [
              70411,
              36157
            ],
            [
              70411,
              38060
            ],
            [
              68508,
              38060
            ],
            [
              68508,
              36157
            ]
          ]
        ]
      },
      "properties": {
        "objectType": "annotation",
        "classification": {
          "name": "background_e",
          "color": [
            255,
            182,
            193
          ]
        },
        "isLocked": false
      }
    },
    {
      "type": "Feature",
      "id": "patch_70411_36157",
      "geometry": {
        "type": "Polygon",
        "coordinates": [
          [
            [
              70411,
              36157
            ],
            [
              72314,
              36157
            ],
            [
              72314,
              38060
            ],
            [
              70411,
              38060
            ],
            [
              70411,
              36157
            ]
          ]
        ]
      },
      "properties": {
        "objectType": "annotation",
        "classification": {
          "name": "background_e",
          "color": [
            255,
            182,
            193
          ]
        },
        "isLocked": false
      }
    },
    {
      "type": "Feature",
      "id": "patch_72314_36157",
      "geometry": {
        "type": "Polygon",
        "coordinates": [
          [
            [
              72314,
              36157
            ],
            [
              74217,
              36157
            ],
            [
              74217,
              38060
            ],
            [
              72314,
              38060
            ],
            [
              72314,
              36157
            ]
          ]
        ]
      },
      "properties": {
        "objectType": "annotation",
        "classification": {
          "name": "background_e",
          "color": [
            255,
            182,
            193
          ]
        },
        "isLocked": false
      }
    },
    {
      "type": "Feature",
      "id": "patch_74217_36157",
      "geometry": {
        "type": "Polygon",
        "coordinates": [
          [
            [
              74217,
              36157
            ],
            [
              76120,
              36157
            ],
            [
              76120,
              38060
            ],
            [
              74217,
              38060
            ],
            [
              74217,
              36157
            ]
          ]
        ]
      },
      "properties": {
        "objectType": "annotation",
        "classification": {
          "name": "background_e",
          "color": [
            255,
            182,
            193
          ]
        },
        "isLocked": false
      }
    },
    {
      "type": "Feature",
      "id": "patch_76120_36157",
      "geometry": {
        "type": "Polygon",
        "coordinates": [
          [
            [
              76120,
              36157
            ],
            [
              78023,
              36157
            ],
            [
              78023,
              38060
            ],
            [
              76120,
              38060
            ],
            [
              76120,
              36157
            ]
          ]
        ]
      },
      "properties": {
        "objectType": "annotation",
        "classification": {
          "name": "vessel_e",
          "color": [
            255,
            0,
            0
          ]
        },
        "isLocked": false
      }
    },
    {
      "type": "Feature",
      "id": "patch_78023_36157",
      "geometry": {
        "type": "Polygon",
        "coordinates": [
          [
            [
              78023,
              36157
            ],
            [
              79926,
              36157
            ],
            [
              79926,
              38060
            ],
            [
              78023,
              38060
            ],
            [
              78023,
              36157
            ]
          ]
        ]
      },
      "properties": {
        "objectType": "annotation",
        "classification": {
          "name": "background_e",
          "color": [
            255,
            182,
            193
          ]
        },
        "isLocked": false
      }
    },
    {
      "type": "Feature",
      "id": "patch_79926_36157",
      "geometry": {
        "type": "Polygon",
        "coordinates": [
          [
            [
              79926,
              36157
            ],
            [
              81829,
              36157
            ],
            [
              81829,
              38060
            ],
            [
              79926,
              38060
            ],
            [
              79926,
              36157
            ]
          ]
        ]
      },
      "properties": {
        "objectType": "annotation",
        "classification": {
          "name": "background_e",
          "color": [
            255,
            182,
            193
          ]
        },
        "isLocked": false
      }
    },
    {
      "type": "Feature",
      "id": "patch_81829_36157",
      "geometry": {
        "type": "Polygon",
        "coordinates": [
          [
            [
              81829,
              36157
            ],
            [
              83732,
              36157
            ],
            [
              83732,
              38060
            ],
            [
              81829,
              38060
            ],
            [
              81829,
              36157
            ]
          ]
        ]
      },
      "properties": {
        "objectType": "annotation",
        "classification": {
          "name": "vessel_e",
          "color": [
            255,
            0,
            0
          ]
        },
        "isLocked": false
      }
    },
    {
      "type": "Feature",
      "id": "patch_83732_36157",
      "geometry": {
        "type": "Polygon",
        "coordinates": [
          [
            [
              83732,
              36157
            ],
            [
              85635,
              36157
            ],
            [
              85635,
              38060
            ],
            [
              83732,
              38060
            ],
            [
              83732,
              36157
            ]
          ]
        ]
      },
      "properties": {
        "objectType": "annotation",
        "classification": {
          "name": "white",
          "color": [
            200,
            200,
            200
          ]
        },
        "isLocked": false
      }
    },
    {
      "type": "Feature",
      "id": "patch_15224_38060",
      "geometry": {
        "type": "Polygon",
        "coordinates": [
          [
            [
              15224,
              38060
            ],
            [
              17127,
              38060
            ],
            [
              17127,
              39963
            ],
            [
              15224,
              39963
            ],
            [
              15224,
              38060
            ]
          ]
        ]
      },
      "properties": {
        "objectType": "annotation",
        "classification": {
          "name": "vessel_h",
          "color": [
            128,
            0,
            128
          ]
        },
        "isLocked": false
      }
    },
    {
      "type": "Feature",
      "id": "patch_17127_38060",
      "geometry": {
        "type": "Polygon",
        "coordinates": [
          [
            [
              17127,
              38060
            ],
            [
              19030,
              38060
            ],
            [
              19030,
              39963
            ],
            [
              17127,
              39963
            ],
            [
              17127,
              38060
            ]
          ]
        ]
      },
      "properties": {
        "objectType": "annotation",
        "classification": {
          "name": "background_h",
          "color": [
            0,
            0,
            255
          ]
        },
        "isLocked": false
      }
    },
    {
      "type": "Feature",
      "id": "patch_19030_38060",
      "geometry": {
        "type": "Polygon",
        "coordinates": [
          [
            [
              19030,
              38060
            ],
            [
              20933,
              38060
            ],
            [
              20933,
              39963
            ],
            [
              19030,
              39963
            ],
            [
              19030,
              38060
            ]
          ]
        ]
      },
      "properties": {
        "objectType": "annotation",
        "classification": {
          "name": "background_h",
          "color": [
            0,
            0,
            255
          ]
        },
        "isLocked": false
      }
    },
    {
      "type": "Feature",
      "id": "patch_20933_38060",
      "geometry": {
        "type": "Polygon",
        "coordinates": [
          [
            [
              20933,
              38060
            ],
            [
              22836,
              38060
            ],
            [
              22836,
              39963
            ],
            [
              20933,
              39963
            ],
            [
              20933,
              38060
            ]
          ]
        ]
      },
      "properties": {
        "objectType": "annotation",
        "classification": {
          "name": "vessel_h",
          "color": [
            128,
            0,
            128
          ]
        },
        "isLocked": false
      }
    },
    {
      "type": "Feature",
      "id": "patch_22836_38060",
      "geometry": {
        "type": "Polygon",
        "coordinates": [
          [
            [
              22836,
              38060
            ],
            [
              24739,
              38060
            ],
            [
              24739,
              39963
            ],
            [
              22836,
              39963
            ],
            [
              22836,
              38060
            ]
          ]
        ]
      },
      "properties": {
        "objectType": "annotation",
        "classification": {
          "name": "background_h",
          "color": [
            0,
            0,
            255
          ]
        },
        "isLocked": false
      }
    },
    {
      "type": "Feature",
      "id": "patch_24739_38060",
      "geometry": {
        "type": "Polygon",
        "coordinates": [
          [
            [
              24739,
              38060
            ],
            [
              26642,
              38060
            ],
            [
              26642,
              39963
            ],
            [
              24739,
              39963
            ],
            [
              24739,
              38060
            ]
          ]
        ]
      },
      "properties": {
        "objectType": "annotation",
        "classification": {
          "name": "background_h",
          "color": [
            0,
            0,
            255
          ]
        },
        "isLocked": false
      }
    },
    {
      "type": "Feature",
      "id": "patch_26642_38060",
      "geometry": {
        "type": "Polygon",
        "coordinates": [
          [
            [
              26642,
              38060
            ],
            [
              28545,
              38060
            ],
            [
              28545,
              39963
            ],
            [
              26642,
              39963
            ],
            [
              26642,
              38060
            ]
          ]
        ]
      },
      "properties": {
        "objectType": "annotation",
        "classification": {
          "name": "background_h",
          "color": [
            0,
            0,
            255
          ]
        },
        "isLocked": false
      }
    },
    {
      "type": "Feature",
      "id": "patch_28545_38060",
      "geometry": {
        "type": "Polygon",
        "coordinates": [
          [
            [
              28545,
              38060
            ],
            [
              30448,
              38060
            ],
            [
              30448,
              39963
            ],
            [
              28545,
              39963
            ],
            [
              28545,
              38060
            ]
          ]
        ]
      },
      "properties": {
        "objectType": "annotation",
        "classification": {
          "name": "background_h",
          "color": [
            0,
            0,
            255
          ]
        },
        "isLocked": false
      }
    },
    {
      "type": "Feature",
      "id": "patch_30448_38060",
      "geometry": {
        "type": "Polygon",
        "coordinates": [
          [
            [
              30448,
              38060
            ],
            [
              32351,
              38060
            ],
            [
              32351,
              39963
            ],
            [
              30448,
              39963
            ],
            [
              30448,
              38060
            ]
          ]
        ]
      },
      "properties": {
        "objectType": "annotation",
        "classification": {
          "name": "vessel_h",
          "color": [
            128,
            0,
            128
          ]
        },
        "isLocked": false
      }
    },
    {
      "type": "Feature",
      "id": "patch_32351_38060",
      "geometry": {
        "type": "Polygon",
        "coordinates": [
          [
            [
              32351,
              38060
            ],
            [
              34254,
              38060
            ],
            [
              34254,
              39963
            ],
            [
              32351,
              39963
            ],
            [
              32351,
              38060
            ]
          ]
        ]
      },
      "properties": {
        "objectType": "annotation",
        "classification": {
          "name": "vessel_h",
          "color": [
            128,
            0,
            128
          ]
        },
        "isLocked": false
      }
    },
    {
      "type": "Feature",
      "id": "patch_34254_38060",
      "geometry": {
        "type": "Polygon",
        "coordinates": [
          [
            [
              34254,
              38060
            ],
            [
              36157,
              38060
            ],
            [
              36157,
              39963
            ],
            [
              34254,
              39963
            ],
            [
              34254,
              38060
            ]
          ]
        ]
      },
      "properties": {
        "objectType": "annotation",
        "classification": {
          "name": "background_e",
          "color": [
            255,
            182,
            193
          ]
        },
        "isLocked": false
      }
    },
    {
      "type": "Feature",
      "id": "patch_36157_38060",
      "geometry": {
        "type": "Polygon",
        "coordinates": [
          [
            [
              36157,
              38060
            ],
            [
              38060,
              38060
            ],
            [
              38060,
              39963
            ],
            [
              36157,
              39963
            ],
            [
              36157,
              38060
            ]
          ]
        ]
      },
      "properties": {
        "objectType": "annotation",
        "classification": {
          "name": "background_e",
          "color": [
            255,
            182,
            193
          ]
        },
        "isLocked": false
      }
    },
    {
      "type": "Feature",
      "id": "patch_38060_38060",
      "geometry": {
        "type": "Polygon",
        "coordinates": [
          [
            [
              38060,
              38060
            ],
            [
              39963,
              38060
            ],
            [
              39963,
              39963
            ],
            [
              38060,
              39963
            ],
            [
              38060,
              38060
            ]
          ]
        ]
      },
      "properties": {
        "objectType": "annotation",
        "classification": {
          "name": "background_e",
          "color": [
            255,
            182,
            193
          ]
        },
        "isLocked": false
      }
    },
    {
      "type": "Feature",
      "id": "patch_39963_38060",
      "geometry": {
        "type": "Polygon",
        "coordinates": [
          [
            [
              39963,
              38060
            ],
            [
              41866,
              38060
            ],
            [
              41866,
              39963
            ],
            [
              39963,
              39963
            ],
            [
              39963,
              38060
            ]
          ]
        ]
      },
      "properties": {
        "objectType": "annotation",
        "classification": {
          "name": "background_e",
          "color": [
            255,
            182,
            193
          ]
        },
        "isLocked": false
      }
    },
    {
      "type": "Feature",
      "id": "patch_41866_38060",
      "geometry": {
        "type": "Polygon",
        "coordinates": [
          [
            [
              41866,
              38060
            ],
            [
              43769,
              38060
            ],
            [
              43769,
              39963
            ],
            [
              41866,
              39963
            ],
            [
              41866,
              38060
            ]
          ]
        ]
      },
      "properties": {
        "objectType": "annotation",
        "classification": {
          "name": "background_e",
          "color": [
            255,
            182,
            193
          ]
        },
        "isLocked": false
      }
    },
    {
      "type": "Feature",
      "id": "patch_43769_38060",
      "geometry": {
        "type": "Polygon",
        "coordinates": [
          [
            [
              43769,
              38060
            ],
            [
              45672,
              38060
            ],
            [
              45672,
              39963
            ],
            [
              43769,
              39963
            ],
            [
              43769,
              38060
            ]
          ]
        ]
      },
      "properties": {
        "objectType": "annotation",
        "classification": {
          "name": "background_e",
          "color": [
            255,
            182,
            193
          ]
        },
        "isLocked": false
      }
    },
    {
      "type": "Feature",
      "id": "patch_45672_38060",
      "geometry": {
        "type": "Polygon",
        "coordinates": [
          [
            [
              45672,
              38060
            ],
            [
              47575,
              38060
            ],
            [
              47575,
              39963
            ],
            [
              45672,
              39963
            ],
            [
              45672,
              38060
            ]
          ]
        ]
      },
      "properties": {
        "objectType": "annotation",
        "classification": {
          "name": "background_e",
          "color": [
            255,
            182,
            193
          ]
        },
        "isLocked": false
      }
    },
    {
      "type": "Feature",
      "id": "patch_47575_38060",
      "geometry": {
        "type": "Polygon",
        "coordinates": [
          [
            [
              47575,
              38060
            ],
            [
              49478,
              38060
            ],
            [
              49478,
              39963
            ],
            [
              47575,
              39963
            ],
            [
              47575,
              38060
            ]
          ]
        ]
      },
      "properties": {
        "objectType": "annotation",
        "classification": {
          "name": "background_e",
          "color": [
            255,
            182,
            193
          ]
        },
        "isLocked": false
      }
    },
    {
      "type": "Feature",
      "id": "patch_49478_38060",
      "geometry": {
        "type": "Polygon",
        "coordinates": [
          [
            [
              49478,
              38060
            ],
            [
              51381,
              38060
            ],
            [
              51381,
              39963
            ],
            [
              49478,
              39963
            ],
            [
              49478,
              38060
            ]
          ]
        ]
      },
      "properties": {
        "objectType": "annotation",
        "classification": {
          "name": "background_e",
          "color": [
            255,
            182,
            193
          ]
        },
        "isLocked": false
      }
    },
    {
      "type": "Feature",
      "id": "patch_51381_38060",
      "geometry": {
        "type": "Polygon",
        "coordinates": [
          [
            [
              51381,
              38060
            ],
            [
              53284,
              38060
            ],
            [
              53284,
              39963
            ],
            [
              51381,
              39963
            ],
            [
              51381,
              38060
            ]
          ]
        ]
      },
      "properties": {
        "objectType": "annotation",
        "classification": {
          "name": "background_e",
          "color": [
            255,
            182,
            193
          ]
        },
        "isLocked": false
      }
    },
    {
      "type": "Feature",
      "id": "patch_53284_38060",
      "geometry": {
        "type": "Polygon",
        "coordinates": [
          [
            [
              53284,
              38060
            ],
            [
              55187,
              38060
            ],
            [
              55187,
              39963
            ],
            [
              53284,
              39963
            ],
            [
              53284,
              38060
            ]
          ]
        ]
      },
      "properties": {
        "objectType": "annotation",
        "classification": {
          "name": "background_e",
          "color": [
            255,
            182,
            193
          ]
        },
        "isLocked": false
      }
    },
    {
      "type": "Feature",
      "id": "patch_55187_38060",
      "geometry": {
        "type": "Polygon",
        "coordinates": [
          [
            [
              55187,
              38060
            ],
            [
              57090,
              38060
            ],
            [
              57090,
              39963
            ],
            [
              55187,
              39963
            ],
            [
              55187,
              38060
            ]
          ]
        ]
      },
      "properties": {
        "objectType": "annotation",
        "classification": {
          "name": "background_e",
          "color": [
            255,
            182,
            193
          ]
        },
        "isLocked": false
      }
    },
    {
      "type": "Feature",
      "id": "patch_57090_38060",
      "geometry": {
        "type": "Polygon",
        "coordinates": [
          [
            [
              57090,
              38060
            ],
            [
              58993,
              38060
            ],
            [
              58993,
              39963
            ],
            [
              57090,
              39963
            ],
            [
              57090,
              38060
            ]
          ]
        ]
      },
      "properties": {
        "objectType": "annotation",
        "classification": {
          "name": "background_e",
          "color": [
            255,
            182,
            193
          ]
        },
        "isLocked": false
      }
    },
    {
      "type": "Feature",
      "id": "patch_58993_38060",
      "geometry": {
        "type": "Polygon",
        "coordinates": [
          [
            [
              58993,
              38060
            ],
            [
              60896,
              38060
            ],
            [
              60896,
              39963
            ],
            [
              58993,
              39963
            ],
            [
              58993,
              38060
            ]
          ]
        ]
      },
      "properties": {
        "objectType": "annotation",
        "classification": {
          "name": "background_e",
          "color": [
            255,
            182,
            193
          ]
        },
        "isLocked": false
      }
    },
    {
      "type": "Feature",
      "id": "patch_60896_38060",
      "geometry": {
        "type": "Polygon",
        "coordinates": [
          [
            [
              60896,
              38060
            ],
            [
              62799,
              38060
            ],
            [
              62799,
              39963
            ],
            [
              60896,
              39963
            ],
            [
              60896,
              38060
            ]
          ]
        ]
      },
      "properties": {
        "objectType": "annotation",
        "classification": {
          "name": "background_e",
          "color": [
            255,
            182,
            193
          ]
        },
        "isLocked": false
      }
    },
    {
      "type": "Feature",
      "id": "patch_62799_38060",
      "geometry": {
        "type": "Polygon",
        "coordinates": [
          [
            [
              62799,
              38060
            ],
            [
              64702,
              38060
            ],
            [
              64702,
              39963
            ],
            [
              62799,
              39963
            ],
            [
              62799,
              38060
            ]
          ]
        ]
      },
      "properties": {
        "objectType": "annotation",
        "classification": {
          "name": "background_e",
          "color": [
            255,
            182,
            193
          ]
        },
        "isLocked": false
      }
    },
    {
      "type": "Feature",
      "id": "patch_64702_38060",
      "geometry": {
        "type": "Polygon",
        "coordinates": [
          [
            [
              64702,
              38060
            ],
            [
              66605,
              38060
            ],
            [
              66605,
              39963
            ],
            [
              64702,
              39963
            ],
            [
              64702,
              38060
            ]
          ]
        ]
      },
      "properties": {
        "objectType": "annotation",
        "classification": {
          "name": "vessel_e",
          "color": [
            255,
            0,
            0
          ]
        },
        "isLocked": false
      }
    },
    {
      "type": "Feature",
      "id": "patch_66605_38060",
      "geometry": {
        "type": "Polygon",
        "coordinates": [
          [
            [
              66605,
              38060
            ],
            [
              68508,
              38060
            ],
            [
              68508,
              39963
            ],
            [
              66605,
              39963
            ],
            [
              66605,
              38060
            ]
          ]
        ]
      },
      "properties": {
        "objectType": "annotation",
        "classification": {
          "name": "background_e",
          "color": [
            255,
            182,
            193
          ]
        },
        "isLocked": false
      }
    },
    {
      "type": "Feature",
      "id": "patch_68508_38060",
      "geometry": {
        "type": "Polygon",
        "coordinates": [
          [
            [
              68508,
              38060
            ],
            [
              70411,
              38060
            ],
            [
              70411,
              39963
            ],
            [
              68508,
              39963
            ],
            [
              68508,
              38060
            ]
          ]
        ]
      },
      "properties": {
        "objectType": "annotation",
        "classification": {
          "name": "vessel_e",
          "color": [
            255,
            0,
            0
          ]
        },
        "isLocked": false
      }
    },
    {
      "type": "Feature",
      "id": "patch_70411_38060",
      "geometry": {
        "type": "Polygon",
        "coordinates": [
          [
            [
              70411,
              38060
            ],
            [
              72314,
              38060
            ],
            [
              72314,
              39963
            ],
            [
              70411,
              39963
            ],
            [
              70411,
              38060
            ]
          ]
        ]
      },
      "properties": {
        "objectType": "annotation",
        "classification": {
          "name": "background_e",
          "color": [
            255,
            182,
            193
          ]
        },
        "isLocked": false
      }
    },
    {
      "type": "Feature",
      "id": "patch_72314_38060",
      "geometry": {
        "type": "Polygon",
        "coordinates": [
          [
            [
              72314,
              38060
            ],
            [
              74217,
              38060
            ],
            [
              74217,
              39963
            ],
            [
              72314,
              39963
            ],
            [
              72314,
              38060
            ]
          ]
        ]
      },
      "properties": {
        "objectType": "annotation",
        "classification": {
          "name": "background_e",
          "color": [
            255,
            182,
            193
          ]
        },
        "isLocked": false
      }
    },
    {
      "type": "Feature",
      "id": "patch_74217_38060",
      "geometry": {
        "type": "Polygon",
        "coordinates": [
          [
            [
              74217,
              38060
            ],
            [
              76120,
              38060
            ],
            [
              76120,
              39963
            ],
            [
              74217,
              39963
            ],
            [
              74217,
              38060
            ]
          ]
        ]
      },
      "properties": {
        "objectType": "annotation",
        "classification": {
          "name": "vessel_e",
          "color": [
            255,
            0,
            0
          ]
        },
        "isLocked": false
      }
    },
    {
      "type": "Feature",
      "id": "patch_76120_38060",
      "geometry": {
        "type": "Polygon",
        "coordinates": [
          [
            [
              76120,
              38060
            ],
            [
              78023,
              38060
            ],
            [
              78023,
              39963
            ],
            [
              76120,
              39963
            ],
            [
              76120,
              38060
            ]
          ]
        ]
      },
      "properties": {
        "objectType": "annotation",
        "classification": {
          "name": "background_e",
          "color": [
            255,
            182,
            193
          ]
        },
        "isLocked": false
      }
    },
    {
      "type": "Feature",
      "id": "patch_78023_38060",
      "geometry": {
        "type": "Polygon",
        "coordinates": [
          [
            [
              78023,
              38060
            ],
            [
              79926,
              38060
            ],
            [
              79926,
              39963
            ],
            [
              78023,
              39963
            ],
            [
              78023,
              38060
            ]
          ]
        ]
      },
      "properties": {
        "objectType": "annotation",
        "classification": {
          "name": "background_e",
          "color": [
            255,
            182,
            193
          ]
        },
        "isLocked": false
      }
    },
    {
      "type": "Feature",
      "id": "patch_79926_38060",
      "geometry": {
        "type": "Polygon",
        "coordinates": [
          [
            [
              79926,
              38060
            ],
            [
              81829,
              38060
            ],
            [
              81829,
              39963
            ],
            [
              79926,
              39963
            ],
            [
              79926,
              38060
            ]
          ]
        ]
      },
      "properties": {
        "objectType": "annotation",
        "classification": {
          "name": "background_e",
          "color": [
            255,
            182,
            193
          ]
        },
        "isLocked": false
      }
    },
    {
      "type": "Feature",
      "id": "patch_81829_38060",
      "geometry": {
        "type": "Polygon",
        "coordinates": [
          [
            [
              81829,
              38060
            ],
            [
              83732,
              38060
            ],
            [
              83732,
              39963
            ],
            [
              81829,
              39963
            ],
            [
              81829,
              38060
            ]
          ]
        ]
      },
      "properties": {
        "objectType": "annotation",
        "classification": {
          "name": "background_e",
          "color": [
            255,
            182,
            193
          ]
        },
        "isLocked": false
      }
    },
    {
      "type": "Feature",
      "id": "patch_83732_38060",
      "geometry": {
        "type": "Polygon",
        "coordinates": [
          [
            [
              83732,
              38060
            ],
            [
              85635,
              38060
            ],
            [
              85635,
              39963
            ],
            [
              83732,
              39963
            ],
            [
              83732,
              38060
            ]
          ]
        ]
      },
      "properties": {
        "objectType": "annotation",
        "classification": {
          "name": "white",
          "color": [
            200,
            200,
            200
          ]
        },
        "isLocked": false
      }
    },
    {
      "type": "Feature",
      "id": "patch_15224_39963",
      "geometry": {
        "type": "Polygon",
        "coordinates": [
          [
            [
              15224,
              39963
            ],
            [
              17127,
              39963
            ],
            [
              17127,
              41866
            ],
            [
              15224,
              41866
            ],
            [
              15224,
              39963
            ]
          ]
        ]
      },
      "properties": {
        "objectType": "annotation",
        "classification": {
          "name": "background_h",
          "color": [
            0,
            0,
            255
          ]
        },
        "isLocked": false
      }
    },
    {
      "type": "Feature",
      "id": "patch_17127_39963",
      "geometry": {
        "type": "Polygon",
        "coordinates": [
          [
            [
              17127,
              39963
            ],
            [
              19030,
              39963
            ],
            [
              19030,
              41866
            ],
            [
              17127,
              41866
            ],
            [
              17127,
              39963
            ]
          ]
        ]
      },
      "properties": {
        "objectType": "annotation",
        "classification": {
          "name": "vessel_h",
          "color": [
            128,
            0,
            128
          ]
        },
        "isLocked": false
      }
    },
    {
      "type": "Feature",
      "id": "patch_19030_39963",
      "geometry": {
        "type": "Polygon",
        "coordinates": [
          [
            [
              19030,
              39963
            ],
            [
              20933,
              39963
            ],
            [
              20933,
              41866
            ],
            [
              19030,
              41866
            ],
            [
              19030,
              39963
            ]
          ]
        ]
      },
      "properties": {
        "objectType": "annotation",
        "classification": {
          "name": "background_h",
          "color": [
            0,
            0,
            255
          ]
        },
        "isLocked": false
      }
    },
    {
      "type": "Feature",
      "id": "patch_20933_39963",
      "geometry": {
        "type": "Polygon",
        "coordinates": [
          [
            [
              20933,
              39963
            ],
            [
              22836,
              39963
            ],
            [
              22836,
              41866
            ],
            [
              20933,
              41866
            ],
            [
              20933,
              39963
            ]
          ]
        ]
      },
      "properties": {
        "objectType": "annotation",
        "classification": {
          "name": "background_h",
          "color": [
            0,
            0,
            255
          ]
        },
        "isLocked": false
      }
    },
    {
      "type": "Feature",
      "id": "patch_22836_39963",
      "geometry": {
        "type": "Polygon",
        "coordinates": [
          [
            [
              22836,
              39963
            ],
            [
              24739,
              39963
            ],
            [
              24739,
              41866
            ],
            [
              22836,
              41866
            ],
            [
              22836,
              39963
            ]
          ]
        ]
      },
      "properties": {
        "objectType": "annotation",
        "classification": {
          "name": "background_h",
          "color": [
            0,
            0,
            255
          ]
        },
        "isLocked": false
      }
    },
    {
      "type": "Feature",
      "id": "patch_24739_39963",
      "geometry": {
        "type": "Polygon",
        "coordinates": [
          [
            [
              24739,
              39963
            ],
            [
              26642,
              39963
            ],
            [
              26642,
              41866
            ],
            [
              24739,
              41866
            ],
            [
              24739,
              39963
            ]
          ]
        ]
      },
      "properties": {
        "objectType": "annotation",
        "classification": {
          "name": "vessel_h",
          "color": [
            128,
            0,
            128
          ]
        },
        "isLocked": false
      }
    },
    {
      "type": "Feature",
      "id": "patch_26642_39963",
      "geometry": {
        "type": "Polygon",
        "coordinates": [
          [
            [
              26642,
              39963
            ],
            [
              28545,
              39963
            ],
            [
              28545,
              41866
            ],
            [
              26642,
              41866
            ],
            [
              26642,
              39963
            ]
          ]
        ]
      },
      "properties": {
        "objectType": "annotation",
        "classification": {
          "name": "background_h",
          "color": [
            0,
            0,
            255
          ]
        },
        "isLocked": false
      }
    },
    {
      "type": "Feature",
      "id": "patch_28545_39963",
      "geometry": {
        "type": "Polygon",
        "coordinates": [
          [
            [
              28545,
              39963
            ],
            [
              30448,
              39963
            ],
            [
              30448,
              41866
            ],
            [
              28545,
              41866
            ],
            [
              28545,
              39963
            ]
          ]
        ]
      },
      "properties": {
        "objectType": "annotation",
        "classification": {
          "name": "background_h",
          "color": [
            0,
            0,
            255
          ]
        },
        "isLocked": false
      }
    },
    {
      "type": "Feature",
      "id": "patch_30448_39963",
      "geometry": {
        "type": "Polygon",
        "coordinates": [
          [
            [
              30448,
              39963
            ],
            [
              32351,
              39963
            ],
            [
              32351,
              41866
            ],
            [
              30448,
              41866
            ],
            [
              30448,
              39963
            ]
          ]
        ]
      },
      "properties": {
        "objectType": "annotation",
        "classification": {
          "name": "background_h",
          "color": [
            0,
            0,
            255
          ]
        },
        "isLocked": false
      }
    },
    {
      "type": "Feature",
      "id": "patch_32351_39963",
      "geometry": {
        "type": "Polygon",
        "coordinates": [
          [
            [
              32351,
              39963
            ],
            [
              34254,
              39963
            ],
            [
              34254,
              41866
            ],
            [
              32351,
              41866
            ],
            [
              32351,
              39963
            ]
          ]
        ]
      },
      "properties": {
        "objectType": "annotation",
        "classification": {
          "name": "background_h",
          "color": [
            0,
            0,
            255
          ]
        },
        "isLocked": false
      }
    },
    {
      "type": "Feature",
      "id": "patch_34254_39963",
      "geometry": {
        "type": "Polygon",
        "coordinates": [
          [
            [
              34254,
              39963
            ],
            [
              36157,
              39963
            ],
            [
              36157,
              41866
            ],
            [
              34254,
              41866
            ],
            [
              34254,
              39963
            ]
          ]
        ]
      },
      "properties": {
        "objectType": "annotation",
        "classification": {
          "name": "background_h",
          "color": [
            0,
            0,
            255
          ]
        },
        "isLocked": false
      }
    },
    {
      "type": "Feature",
      "id": "patch_36157_39963",
      "geometry": {
        "type": "Polygon",
        "coordinates": [
          [
            [
              36157,
              39963
            ],
            [
              38060,
              39963
            ],
            [
              38060,
              41866
            ],
            [
              36157,
              41866
            ],
            [
              36157,
              39963
            ]
          ]
        ]
      },
      "properties": {
        "objectType": "annotation",
        "classification": {
          "name": "background_e",
          "color": [
            255,
            182,
            193
          ]
        },
        "isLocked": false
      }
    },
    {
      "type": "Feature",
      "id": "patch_38060_39963",
      "geometry": {
        "type": "Polygon",
        "coordinates": [
          [
            [
              38060,
              39963
            ],
            [
              39963,
              39963
            ],
            [
              39963,
              41866
            ],
            [
              38060,
              41866
            ],
            [
              38060,
              39963
            ]
          ]
        ]
      },
      "properties": {
        "objectType": "annotation",
        "classification": {
          "name": "vessel_e",
          "color": [
            255,
            0,
            0
          ]
        },
        "isLocked": false
      }
    },
    {
      "type": "Feature",
      "id": "patch_39963_39963",
      "geometry": {
        "type": "Polygon",
        "coordinates": [
          [
            [
              39963,
              39963
            ],
            [
              41866,
              39963
            ],
            [
              41866,
              41866
            ],
            [
              39963,
              41866
            ],
            [
              39963,
              39963
            ]
          ]
        ]
      },
      "properties": {
        "objectType": "annotation",
        "classification": {
          "name": "background_e",
          "color": [
            255,
            182,
            193
          ]
        },
        "isLocked": false
      }
    },
    {
      "type": "Feature",
      "id": "patch_41866_39963",
      "geometry": {
        "type": "Polygon",
        "coordinates": [
          [
            [
              41866,
              39963
            ],
            [
              43769,
              39963
            ],
            [
              43769,
              41866
            ],
            [
              41866,
              41866
            ],
            [
              41866,
              39963
            ]
          ]
        ]
      },
      "properties": {
        "objectType": "annotation",
        "classification": {
          "name": "background_e",
          "color": [
            255,
            182,
            193
          ]
        },
        "isLocked": false
      }
    },
    {
      "type": "Feature",
      "id": "patch_43769_39963",
      "geometry": {
        "type": "Polygon",
        "coordinates": [
          [
            [
              43769,
              39963
            ],
            [
              45672,
              39963
            ],
            [
              45672,
              41866
            ],
            [
              43769,
              41866
            ],
            [
              43769,
              39963
            ]
          ]
        ]
      },
      "properties": {
        "objectType": "annotation",
        "classification": {
          "name": "background_e",
          "color": [
            255,
            182,
            193
          ]
        },
        "isLocked": false
      }
    },
    {
      "type": "Feature",
      "id": "patch_45672_39963",
      "geometry": {
        "type": "Polygon",
        "coordinates": [
          [
            [
              45672,
              39963
            ],
            [
              47575,
              39963
            ],
            [
              47575,
              41866
            ],
            [
              45672,
              41866
            ],
            [
              45672,
              39963
            ]
          ]
        ]
      },
      "properties": {
        "objectType": "annotation",
        "classification": {
          "name": "vessel_e",
          "color": [
            255,
            0,
            0
          ]
        },
        "isLocked": false
      }
    },
    {
      "type": "Feature",
      "id": "patch_47575_39963",
      "geometry": {
        "type": "Polygon",
        "coordinates": [
          [
            [
              47575,
              39963
            ],
            [
              49478,
              39963
            ],
            [
              49478,
              41866
            ],
            [
              47575,
              41866
            ],
            [
              47575,
              39963
            ]
          ]
        ]
      },
      "properties": {
        "objectType": "annotation",
        "classification": {
          "name": "background_e",
          "color": [
            255,
            182,
            193
          ]
        },
        "isLocked": false
      }
    },
    {
      "type": "Feature",
      "id": "patch_49478_39963",
      "geometry": {
        "type": "Polygon",
        "coordinates": [
          [
            [
              49478,
              39963
            ],
            [
              51381,
              39963
            ],
            [
              51381,
              41866
            ],
            [
              49478,
              41866
            ],
            [
              49478,
              39963
            ]
          ]
        ]
      },
      "properties": {
        "objectType": "annotation",
        "classification": {
          "name": "background_e",
          "color": [
            255,
            182,
            193
          ]
        },
        "isLocked": false
      }
    },
    {
      "type": "Feature",
      "id": "patch_51381_39963",
      "geometry": {
        "type": "Polygon",
        "coordinates": [
          [
            [
              51381,
              39963
            ],
            [
              53284,
              39963
            ],
            [
              53284,
              41866
            ],
            [
              51381,
              41866
            ],
            [
              51381,
              39963
            ]
          ]
        ]
      },
      "properties": {
        "objectType": "annotation",
        "classification": {
          "name": "background_e",
          "color": [
            255,
            182,
            193
          ]
        },
        "isLocked": false
      }
    },
    {
      "type": "Feature",
      "id": "patch_53284_39963",
      "geometry": {
        "type": "Polygon",
        "coordinates": [
          [
            [
              53284,
              39963
            ],
            [
              55187,
              39963
            ],
            [
              55187,
              41866
            ],
            [
              53284,
              41866
            ],
            [
              53284,
              39963
            ]
          ]
        ]
      },
      "properties": {
        "objectType": "annotation",
        "classification": {
          "name": "background_e",
          "color": [
            255,
            182,
            193
          ]
        },
        "isLocked": false
      }
    },
    {
      "type": "Feature",
      "id": "patch_55187_39963",
      "geometry": {
        "type": "Polygon",
        "coordinates": [
          [
            [
              55187,
              39963
            ],
            [
              57090,
              39963
            ],
            [
              57090,
              41866
            ],
            [
              55187,
              41866
            ],
            [
              55187,
              39963
            ]
          ]
        ]
      },
      "properties": {
        "objectType": "annotation",
        "classification": {
          "name": "background_e",
          "color": [
            255,
            182,
            193
          ]
        },
        "isLocked": false
      }
    },
    {
      "type": "Feature",
      "id": "patch_57090_39963",
      "geometry": {
        "type": "Polygon",
        "coordinates": [
          [
            [
              57090,
              39963
            ],
            [
              58993,
              39963
            ],
            [
              58993,
              41866
            ],
            [
              57090,
              41866
            ],
            [
              57090,
              39963
            ]
          ]
        ]
      },
      "properties": {
        "objectType": "annotation",
        "classification": {
          "name": "background_e",
          "color": [
            255,
            182,
            193
          ]
        },
        "isLocked": false
      }
    },
    {
      "type": "Feature",
      "id": "patch_58993_39963",
      "geometry": {
        "type": "Polygon",
        "coordinates": [
          [
            [
              58993,
              39963
            ],
            [
              60896,
              39963
            ],
            [
              60896,
              41866
            ],
            [
              58993,
              41866
            ],
            [
              58993,
              39963
            ]
          ]
        ]
      },
      "properties": {
        "objectType": "annotation",
        "classification": {
          "name": "background_e",
          "color": [
            255,
            182,
            193
          ]
        },
        "isLocked": false
      }
    },
    {
      "type": "Feature",
      "id": "patch_60896_39963",
      "geometry": {
        "type": "Polygon",
        "coordinates": [
          [
            [
              60896,
              39963
            ],
            [
              62799,
              39963
            ],
            [
              62799,
              41866
            ],
            [
              60896,
              41866
            ],
            [
              60896,
              39963
            ]
          ]
        ]
      },
      "properties": {
        "objectType": "annotation",
        "classification": {
          "name": "background_e",
          "color": [
            255,
            182,
            193
          ]
        },
        "isLocked": false
      }
    },
    {
      "type": "Feature",
      "id": "patch_62799_39963",
      "geometry": {
        "type": "Polygon",
        "coordinates": [
          [
            [
              62799,
              39963
            ],
            [
              64702,
              39963
            ],
            [
              64702,
              41866
            ],
            [
              62799,
              41866
            ],
            [
              62799,
              39963
            ]
          ]
        ]
      },
      "properties": {
        "objectType": "annotation",
        "classification": {
          "name": "background_e",
          "color": [
            255,
            182,
            193
          ]
        },
        "isLocked": false
      }
    },
    {
      "type": "Feature",
      "id": "patch_64702_39963",
      "geometry": {
        "type": "Polygon",
        "coordinates": [
          [
            [
              64702,
              39963
            ],
            [
              66605,
              39963
            ],
            [
              66605,
              41866
            ],
            [
              64702,
              41866
            ],
            [
              64702,
              39963
            ]
          ]
        ]
      },
      "properties": {
        "objectType": "annotation",
        "classification": {
          "name": "vessel_e",
          "color": [
            255,
            0,
            0
          ]
        },
        "isLocked": false
      }
    },
    {
      "type": "Feature",
      "id": "patch_66605_39963",
      "geometry": {
        "type": "Polygon",
        "coordinates": [
          [
            [
              66605,
              39963
            ],
            [
              68508,
              39963
            ],
            [
              68508,
              41866
            ],
            [
              66605,
              41866
            ],
            [
              66605,
              39963
            ]
          ]
        ]
      },
      "properties": {
        "objectType": "annotation",
        "classification": {
          "name": "background_e",
          "color": [
            255,
            182,
            193
          ]
        },
        "isLocked": false
      }
    },
    {
      "type": "Feature",
      "id": "patch_68508_39963",
      "geometry": {
        "type": "Polygon",
        "coordinates": [
          [
            [
              68508,
              39963
            ],
            [
              70411,
              39963
            ],
            [
              70411,
              41866
            ],
            [
              68508,
              41866
            ],
            [
              68508,
              39963
            ]
          ]
        ]
      },
      "properties": {
        "objectType": "annotation",
        "classification": {
          "name": "vessel_e",
          "color": [
            255,
            0,
            0
          ]
        },
        "isLocked": false
      }
    },
    {
      "type": "Feature",
      "id": "patch_70411_39963",
      "geometry": {
        "type": "Polygon",
        "coordinates": [
          [
            [
              70411,
              39963
            ],
            [
              72314,
              39963
            ],
            [
              72314,
              41866
            ],
            [
              70411,
              41866
            ],
            [
              70411,
              39963
            ]
          ]
        ]
      },
      "properties": {
        "objectType": "annotation",
        "classification": {
          "name": "background_e",
          "color": [
            255,
            182,
            193
          ]
        },
        "isLocked": false
      }
    },
    {
      "type": "Feature",
      "id": "patch_72314_39963",
      "geometry": {
        "type": "Polygon",
        "coordinates": [
          [
            [
              72314,
              39963
            ],
            [
              74217,
              39963
            ],
            [
              74217,
              41866
            ],
            [
              72314,
              41866
            ],
            [
              72314,
              39963
            ]
          ]
        ]
      },
      "properties": {
        "objectType": "annotation",
        "classification": {
          "name": "vessel_e",
          "color": [
            255,
            0,
            0
          ]
        },
        "isLocked": false
      }
    },
    {
      "type": "Feature",
      "id": "patch_74217_39963",
      "geometry": {
        "type": "Polygon",
        "coordinates": [
          [
            [
              74217,
              39963
            ],
            [
              76120,
              39963
            ],
            [
              76120,
              41866
            ],
            [
              74217,
              41866
            ],
            [
              74217,
              39963
            ]
          ]
        ]
      },
      "properties": {
        "objectType": "annotation",
        "classification": {
          "name": "background_e",
          "color": [
            255,
            182,
            193
          ]
        },
        "isLocked": false
      }
    },
    {
      "type": "Feature",
      "id": "patch_76120_39963",
      "geometry": {
        "type": "Polygon",
        "coordinates": [
          [
            [
              76120,
              39963
            ],
            [
              78023,
              39963
            ],
            [
              78023,
              41866
            ],
            [
              76120,
              41866
            ],
            [
              76120,
              39963
            ]
          ]
        ]
      },
      "properties": {
        "objectType": "annotation",
        "classification": {
          "name": "background_e",
          "color": [
            255,
            182,
            193
          ]
        },
        "isLocked": false
      }
    },
    {
      "type": "Feature",
      "id": "patch_78023_39963",
      "geometry": {
        "type": "Polygon",
        "coordinates": [
          [
            [
              78023,
              39963
            ],
            [
              79926,
              39963
            ],
            [
              79926,
              41866
            ],
            [
              78023,
              41866
            ],
            [
              78023,
              39963
            ]
          ]
        ]
      },
      "properties": {
        "objectType": "annotation",
        "classification": {
          "name": "vessel_e",
          "color": [
            255,
            0,
            0
          ]
        },
        "isLocked": false
      }
    },
    {
      "type": "Feature",
      "id": "patch_79926_39963",
      "geometry": {
        "type": "Polygon",
        "coordinates": [
          [
            [
              79926,
              39963
            ],
            [
              81829,
              39963
            ],
            [
              81829,
              41866
            ],
            [
              79926,
              41866
            ],
            [
              79926,
              39963
            ]
          ]
        ]
      },
      "properties": {
        "objectType": "annotation",
        "classification": {
          "name": "background_e",
          "color": [
            255,
            182,
            193
          ]
        },
        "isLocked": false
      }
    },
    {
      "type": "Feature",
      "id": "patch_81829_39963",
      "geometry": {
        "type": "Polygon",
        "coordinates": [
          [
            [
              81829,
              39963
            ],
            [
              83732,
              39963
            ],
            [
              83732,
              41866
            ],
            [
              81829,
              41866
            ],
            [
              81829,
              39963
            ]
          ]
        ]
      },
      "properties": {
        "objectType": "annotation",
        "classification": {
          "name": "background_e",
          "color": [
            255,
            182,
            193
          ]
        },
        "isLocked": false
      }
    },
    {
      "type": "Feature",
      "id": "patch_83732_39963",
      "geometry": {
        "type": "Polygon",
        "coordinates": [
          [
            [
              83732,
              39963
            ],
            [
              85635,
              39963
            ],
            [
              85635,
              41866
            ],
            [
              83732,
              41866
            ],
            [
              83732,
              39963
            ]
          ]
        ]
      },
      "properties": {
        "objectType": "annotation",
        "classification": {
          "name": "white",
          "color": [
            200,
            200,
            200
          ]
        },
        "isLocked": false
      }
    },
    {
      "type": "Feature",
      "id": "patch_15224_41866",
      "geometry": {
        "type": "Polygon",
        "coordinates": [
          [
            [
              15224,
              41866
            ],
            [
              17127,
              41866
            ],
            [
              17127,
              43769
            ],
            [
              15224,
              43769
            ],
            [
              15224,
              41866
            ]
          ]
        ]
      },
      "properties": {
        "objectType": "annotation",
        "classification": {
          "name": "background_h",
          "color": [
            0,
            0,
            255
          ]
        },
        "isLocked": false
      }
    },
    {
      "type": "Feature",
      "id": "patch_17127_41866",
      "geometry": {
        "type": "Polygon",
        "coordinates": [
          [
            [
              17127,
              41866
            ],
            [
              19030,
              41866
            ],
            [
              19030,
              43769
            ],
            [
              17127,
              43769
            ],
            [
              17127,
              41866
            ]
          ]
        ]
      },
      "properties": {
        "objectType": "annotation",
        "classification": {
          "name": "vessel_h",
          "color": [
            128,
            0,
            128
          ]
        },
        "isLocked": false
      }
    },
    {
      "type": "Feature",
      "id": "patch_19030_41866",
      "geometry": {
        "type": "Polygon",
        "coordinates": [
          [
            [
              19030,
              41866
            ],
            [
              20933,
              41866
            ],
            [
              20933,
              43769
            ],
            [
              19030,
              43769
            ],
            [
              19030,
              41866
            ]
          ]
        ]
      },
      "properties": {
        "objectType": "annotation",
        "classification": {
          "name": "background_h",
          "color": [
            0,
            0,
            255
          ]
        },
        "isLocked": false
      }
    },
    {
      "type": "Feature",
      "id": "patch_20933_41866",
      "geometry": {
        "type": "Polygon",
        "coordinates": [
          [
            [
              20933,
              41866
            ],
            [
              22836,
              41866
            ],
            [
              22836,
              43769
            ],
            [
              20933,
              43769
            ],
            [
              20933,
              41866
            ]
          ]
        ]
      },
      "properties": {
        "objectType": "annotation",
        "classification": {
          "name": "vessel_h",
          "color": [
            128,
            0,
            128
          ]
        },
        "isLocked": false
      }
    },
    {
      "type": "Feature",
      "id": "patch_22836_41866",
      "geometry": {
        "type": "Polygon",
        "coordinates": [
          [
            [
              22836,
              41866
            ],
            [
              24739,
              41866
            ],
            [
              24739,
              43769
            ],
            [
              22836,
              43769
            ],
            [
              22836,
              41866
            ]
          ]
        ]
      },
      "properties": {
        "objectType": "annotation",
        "classification": {
          "name": "background_h",
          "color": [
            0,
            0,
            255
          ]
        },
        "isLocked": false
      }
    },
    {
      "type": "Feature",
      "id": "patch_24739_41866",
      "geometry": {
        "type": "Polygon",
        "coordinates": [
          [
            [
              24739,
              41866
            ],
            [
              26642,
              41866
            ],
            [
              26642,
              43769
            ],
            [
              24739,
              43769
            ],
            [
              24739,
              41866
            ]
          ]
        ]
      },
      "properties": {
        "objectType": "annotation",
        "classification": {
          "name": "vessel_h",
          "color": [
            128,
            0,
            128
          ]
        },
        "isLocked": false
      }
    },
    {
      "type": "Feature",
      "id": "patch_26642_41866",
      "geometry": {
        "type": "Polygon",
        "coordinates": [
          [
            [
              26642,
              41866
            ],
            [
              28545,
              41866
            ],
            [
              28545,
              43769
            ],
            [
              26642,
              43769
            ],
            [
              26642,
              41866
            ]
          ]
        ]
      },
      "properties": {
        "objectType": "annotation",
        "classification": {
          "name": "background_h",
          "color": [
            0,
            0,
            255
          ]
        },
        "isLocked": false
      }
    },
    {
      "type": "Feature",
      "id": "patch_28545_41866",
      "geometry": {
        "type": "Polygon",
        "coordinates": [
          [
            [
              28545,
              41866
            ],
            [
              30448,
              41866
            ],
            [
              30448,
              43769
            ],
            [
              28545,
              43769
            ],
            [
              28545,
              41866
            ]
          ]
        ]
      },
      "properties": {
        "objectType": "annotation",
        "classification": {
          "name": "background_h",
          "color": [
            0,
            0,
            255
          ]
        },
        "isLocked": false
      }
    },
    {
      "type": "Feature",
      "id": "patch_30448_41866",
      "geometry": {
        "type": "Polygon",
        "coordinates": [
          [
            [
              30448,
              41866
            ],
            [
              32351,
              41866
            ],
            [
              32351,
              43769
            ],
            [
              30448,
              43769
            ],
            [
              30448,
              41866
            ]
          ]
        ]
      },
      "properties": {
        "objectType": "annotation",
        "classification": {
          "name": "background_h",
          "color": [
            0,
            0,
            255
          ]
        },
        "isLocked": false
      }
    },
    {
      "type": "Feature",
      "id": "patch_32351_41866",
      "geometry": {
        "type": "Polygon",
        "coordinates": [
          [
            [
              32351,
              41866
            ],
            [
              34254,
              41866
            ],
            [
              34254,
              43769
            ],
            [
              32351,
              43769
            ],
            [
              32351,
              41866
            ]
          ]
        ]
      },
      "properties": {
        "objectType": "annotation",
        "classification": {
          "name": "background_h",
          "color": [
            0,
            0,
            255
          ]
        },
        "isLocked": false
      }
    },
    {
      "type": "Feature",
      "id": "patch_34254_41866",
      "geometry": {
        "type": "Polygon",
        "coordinates": [
          [
            [
              34254,
              41866
            ],
            [
              36157,
              41866
            ],
            [
              36157,
              43769
            ],
            [
              34254,
              43769
            ],
            [
              34254,
              41866
            ]
          ]
        ]
      },
      "properties": {
        "objectType": "annotation",
        "classification": {
          "name": "background_h",
          "color": [
            0,
            0,
            255
          ]
        },
        "isLocked": false
      }
    },
    {
      "type": "Feature",
      "id": "patch_36157_41866",
      "geometry": {
        "type": "Polygon",
        "coordinates": [
          [
            [
              36157,
              41866
            ],
            [
              38060,
              41866
            ],
            [
              38060,
              43769
            ],
            [
              36157,
              43769
            ],
            [
              36157,
              41866
            ]
          ]
        ]
      },
      "properties": {
        "objectType": "annotation",
        "classification": {
          "name": "background_h",
          "color": [
            0,
            0,
            255
          ]
        },
        "isLocked": false
      }
    },
    {
      "type": "Feature",
      "id": "patch_38060_41866",
      "geometry": {
        "type": "Polygon",
        "coordinates": [
          [
            [
              38060,
              41866
            ],
            [
              39963,
              41866
            ],
            [
              39963,
              43769
            ],
            [
              38060,
              43769
            ],
            [
              38060,
              41866
            ]
          ]
        ]
      },
      "properties": {
        "objectType": "annotation",
        "classification": {
          "name": "background_e",
          "color": [
            255,
            182,
            193
          ]
        },
        "isLocked": false
      }
    },
    {
      "type": "Feature",
      "id": "patch_39963_41866",
      "geometry": {
        "type": "Polygon",
        "coordinates": [
          [
            [
              39963,
              41866
            ],
            [
              41866,
              41866
            ],
            [
              41866,
              43769
            ],
            [
              39963,
              43769
            ],
            [
              39963,
              41866
            ]
          ]
        ]
      },
      "properties": {
        "objectType": "annotation",
        "classification": {
          "name": "background_e",
          "color": [
            255,
            182,
            193
          ]
        },
        "isLocked": false
      }
    },
    {
      "type": "Feature",
      "id": "patch_41866_41866",
      "geometry": {
        "type": "Polygon",
        "coordinates": [
          [
            [
              41866,
              41866
            ],
            [
              43769,
              41866
            ],
            [
              43769,
              43769
            ],
            [
              41866,
              43769
            ],
            [
              41866,
              41866
            ]
          ]
        ]
      },
      "properties": {
        "objectType": "annotation",
        "classification": {
          "name": "background_e",
          "color": [
            255,
            182,
            193
          ]
        },
        "isLocked": false
      }
    },
    {
      "type": "Feature",
      "id": "patch_43769_41866",
      "geometry": {
        "type": "Polygon",
        "coordinates": [
          [
            [
              43769,
              41866
            ],
            [
              45672,
              41866
            ],
            [
              45672,
              43769
            ],
            [
              43769,
              43769
            ],
            [
              43769,
              41866
            ]
          ]
        ]
      },
      "properties": {
        "objectType": "annotation",
        "classification": {
          "name": "vessel_e",
          "color": [
            255,
            0,
            0
          ]
        },
        "isLocked": false
      }
    },
    {
      "type": "Feature",
      "id": "patch_45672_41866",
      "geometry": {
        "type": "Polygon",
        "coordinates": [
          [
            [
              45672,
              41866
            ],
            [
              47575,
              41866
            ],
            [
              47575,
              43769
            ],
            [
              45672,
              43769
            ],
            [
              45672,
              41866
            ]
          ]
        ]
      },
      "properties": {
        "objectType": "annotation",
        "classification": {
          "name": "background_e",
          "color": [
            255,
            182,
            193
          ]
        },
        "isLocked": false
      }
    },
    {
      "type": "Feature",
      "id": "patch_47575_41866",
      "geometry": {
        "type": "Polygon",
        "coordinates": [
          [
            [
              47575,
              41866
            ],
            [
              49478,
              41866
            ],
            [
              49478,
              43769
            ],
            [
              47575,
              43769
            ],
            [
              47575,
              41866
            ]
          ]
        ]
      },
      "properties": {
        "objectType": "annotation",
        "classification": {
          "name": "background_e",
          "color": [
            255,
            182,
            193
          ]
        },
        "isLocked": false
      }
    },
    {
      "type": "Feature",
      "id": "patch_49478_41866",
      "geometry": {
        "type": "Polygon",
        "coordinates": [
          [
            [
              49478,
              41866
            ],
            [
              51381,
              41866
            ],
            [
              51381,
              43769
            ],
            [
              49478,
              43769
            ],
            [
              49478,
              41866
            ]
          ]
        ]
      },
      "properties": {
        "objectType": "annotation",
        "classification": {
          "name": "background_e",
          "color": [
            255,
            182,
            193
          ]
        },
        "isLocked": false
      }
    },
    {
      "type": "Feature",
      "id": "patch_51381_41866",
      "geometry": {
        "type": "Polygon",
        "coordinates": [
          [
            [
              51381,
              41866
            ],
            [
              53284,
              41866
            ],
            [
              53284,
              43769
            ],
            [
              51381,
              43769
            ],
            [
              51381,
              41866
            ]
          ]
        ]
      },
      "properties": {
        "objectType": "annotation",
        "classification": {
          "name": "background_e",
          "color": [
            255,
            182,
            193
          ]
        },
        "isLocked": false
      }
    },
    {
      "type": "Feature",
      "id": "patch_53284_41866",
      "geometry": {
        "type": "Polygon",
        "coordinates": [
          [
            [
              53284,
              41866
            ],
            [
              55187,
              41866
            ],
            [
              55187,
              43769
            ],
            [
              53284,
              43769
            ],
            [
              53284,
              41866
            ]
          ]
        ]
      },
      "properties": {
        "objectType": "annotation",
        "classification": {
          "name": "background_e",
          "color": [
            255,
            182,
            193
          ]
        },
        "isLocked": false
      }
    },
    {
      "type": "Feature",
      "id": "patch_55187_41866",
      "geometry": {
        "type": "Polygon",
        "coordinates": [
          [
            [
              55187,
              41866
            ],
            [
              57090,
              41866
            ],
            [
              57090,
              43769
            ],
            [
              55187,
              43769
            ],
            [
              55187,
              41866
            ]
          ]
        ]
      },
      "properties": {
        "objectType": "annotation",
        "classification": {
          "name": "vessel_e",
          "color": [
            255,
            0,
            0
          ]
        },
        "isLocked": false
      }
    },
    {
      "type": "Feature",
      "id": "patch_57090_41866",
      "geometry": {
        "type": "Polygon",
        "coordinates": [
          [
            [
              57090,
              41866
            ],
            [
              58993,
              41866
            ],
            [
              58993,
              43769
            ],
            [
              57090,
              43769
            ],
            [
              57090,
              41866
            ]
          ]
        ]
      },
      "properties": {
        "objectType": "annotation",
        "classification": {
          "name": "background_e",
          "color": [
            255,
            182,
            193
          ]
        },
        "isLocked": false
      }
    },
    {
      "type": "Feature",
      "id": "patch_58993_41866",
      "geometry": {
        "type": "Polygon",
        "coordinates": [
          [
            [
              58993,
              41866
            ],
            [
              60896,
              41866
            ],
            [
              60896,
              43769
            ],
            [
              58993,
              43769
            ],
            [
              58993,
              41866
            ]
          ]
        ]
      },
      "properties": {
        "objectType": "annotation",
        "classification": {
          "name": "background_e",
          "color": [
            255,
            182,
            193
          ]
        },
        "isLocked": false
      }
    },
    {
      "type": "Feature",
      "id": "patch_60896_41866",
      "geometry": {
        "type": "Polygon",
        "coordinates": [
          [
            [
              60896,
              41866
            ],
            [
              62799,
              41866
            ],
            [
              62799,
              43769
            ],
            [
              60896,
              43769
            ],
            [
              60896,
              41866
            ]
          ]
        ]
      },
      "properties": {
        "objectType": "annotation",
        "classification": {
          "name": "vessel_e",
          "color": [
            255,
            0,
            0
          ]
        },
        "isLocked": false
      }
    },
    {
      "type": "Feature",
      "id": "patch_62799_41866",
      "geometry": {
        "type": "Polygon",
        "coordinates": [
          [
            [
              62799,
              41866
            ],
            [
              64702,
              41866
            ],
            [
              64702,
              43769
            ],
            [
              62799,
              43769
            ],
            [
              62799,
              41866
            ]
          ]
        ]
      },
      "properties": {
        "objectType": "annotation",
        "classification": {
          "name": "background_e",
          "color": [
            255,
            182,
            193
          ]
        },
        "isLocked": false
      }
    },
    {
      "type": "Feature",
      "id": "patch_64702_41866",
      "geometry": {
        "type": "Polygon",
        "coordinates": [
          [
            [
              64702,
              41866
            ],
            [
              66605,
              41866
            ],
            [
              66605,
              43769
            ],
            [
              64702,
              43769
            ],
            [
              64702,
              41866
            ]
          ]
        ]
      },
      "properties": {
        "objectType": "annotation",
        "classification": {
          "name": "background_e",
          "color": [
            255,
            182,
            193
          ]
        },
        "isLocked": false
      }
    },
    {
      "type": "Feature",
      "id": "patch_66605_41866",
      "geometry": {
        "type": "Polygon",
        "coordinates": [
          [
            [
              66605,
              41866
            ],
            [
              68508,
              41866
            ],
            [
              68508,
              43769
            ],
            [
              66605,
              43769
            ],
            [
              66605,
              41866
            ]
          ]
        ]
      },
      "properties": {
        "objectType": "annotation",
        "classification": {
          "name": "background_e",
          "color": [
            255,
            182,
            193
          ]
        },
        "isLocked": false
      }
    },
    {
      "type": "Feature",
      "id": "patch_68508_41866",
      "geometry": {
        "type": "Polygon",
        "coordinates": [
          [
            [
              68508,
              41866
            ],
            [
              70411,
              41866
            ],
            [
              70411,
              43769
            ],
            [
              68508,
              43769
            ],
            [
              68508,
              41866
            ]
          ]
        ]
      },
      "properties": {
        "objectType": "annotation",
        "classification": {
          "name": "background_e",
          "color": [
            255,
            182,
            193
          ]
        },
        "isLocked": false
      }
    },
    {
      "type": "Feature",
      "id": "patch_70411_41866",
      "geometry": {
        "type": "Polygon",
        "coordinates": [
          [
            [
              70411,
              41866
            ],
            [
              72314,
              41866
            ],
            [
              72314,
              43769
            ],
            [
              70411,
              43769
            ],
            [
              70411,
              41866
            ]
          ]
        ]
      },
      "properties": {
        "objectType": "annotation",
        "classification": {
          "name": "vessel_e",
          "color": [
            255,
            0,
            0
          ]
        },
        "isLocked": false
      }
    },
    {
      "type": "Feature",
      "id": "patch_72314_41866",
      "geometry": {
        "type": "Polygon",
        "coordinates": [
          [
            [
              72314,
              41866
            ],
            [
              74217,
              41866
            ],
            [
              74217,
              43769
            ],
            [
              72314,
              43769
            ],
            [
              72314,
              41866
            ]
          ]
        ]
      },
      "properties": {
        "objectType": "annotation",
        "classification": {
          "name": "vessel_e",
          "color": [
            255,
            0,
            0
          ]
        },
        "isLocked": false
      }
    },
    {
      "type": "Feature",
      "id": "patch_74217_41866",
      "geometry": {
        "type": "Polygon",
        "coordinates": [
          [
            [
              74217,
              41866
            ],
            [
              76120,
              41866
            ],
            [
              76120,
              43769
            ],
            [
              74217,
              43769
            ],
            [
              74217,
              41866
            ]
          ]
        ]
      },
      "properties": {
        "objectType": "annotation",
        "classification": {
          "name": "background_e",
          "color": [
            255,
            182,
            193
          ]
        },
        "isLocked": false
      }
    },
    {
      "type": "Feature",
      "id": "patch_76120_41866",
      "geometry": {
        "type": "Polygon",
        "coordinates": [
          [
            [
              76120,
              41866
            ],
            [
              78023,
              41866
            ],
            [
              78023,
              43769
            ],
            [
              76120,
              43769
            ],
            [
              76120,
              41866
            ]
          ]
        ]
      },
      "properties": {
        "objectType": "annotation",
        "classification": {
          "name": "background_e",
          "color": [
            255,
            182,
            193
          ]
        },
        "isLocked": false
      }
    },
    {
      "type": "Feature",
      "id": "patch_78023_41866",
      "geometry": {
        "type": "Polygon",
        "coordinates": [
          [
            [
              78023,
              41866
            ],
            [
              79926,
              41866
            ],
            [
              79926,
              43769
            ],
            [
              78023,
              43769
            ],
            [
              78023,
              41866
            ]
          ]
        ]
      },
      "properties": {
        "objectType": "annotation",
        "classification": {
          "name": "background_e",
          "color": [
            255,
            182,
            193
          ]
        },
        "isLocked": false
      }
    },
    {
      "type": "Feature",
      "id": "patch_79926_41866",
      "geometry": {
        "type": "Polygon",
        "coordinates": [
          [
            [
              79926,
              41866
            ],
            [
              81829,
              41866
            ],
            [
              81829,
              43769
            ],
            [
              79926,
              43769
            ],
            [
              79926,
              41866
            ]
          ]
        ]
      },
      "properties": {
        "objectType": "annotation",
        "classification": {
          "name": "vessel_e",
          "color": [
            255,
            0,
            0
          ]
        },
        "isLocked": false
      }
    },
    {
      "type": "Feature",
      "id": "patch_81829_41866",
      "geometry": {
        "type": "Polygon",
        "coordinates": [
          [
            [
              81829,
              41866
            ],
            [
              83732,
              41866
            ],
            [
              83732,
              43769
            ],
            [
              81829,
              43769
            ],
            [
              81829,
              41866
            ]
          ]
        ]
      },
      "properties": {
        "objectType": "annotation",
        "classification": {
          "name": "background_e",
          "color": [
            255,
            182,
            193
          ]
        },
        "isLocked": false
      }
    },
    {
      "type": "Feature",
      "id": "patch_83732_41866",
      "geometry": {
        "type": "Polygon",
        "coordinates": [
          [
            [
              83732,
              41866
            ],
            [
              85635,
              41866
            ],
            [
              85635,
              43769
            ],
            [
              83732,
              43769
            ],
            [
              83732,
              41866
            ]
          ]
        ]
      },
      "properties": {
        "objectType": "annotation",
        "classification": {
          "name": "vessel_e",
          "color": [
            255,
            0,
            0
          ]
        },
        "isLocked": false
      }
    },
    {
      "type": "Feature",
      "id": "patch_17127_43769",
      "geometry": {
        "type": "Polygon",
        "coordinates": [
          [
            [
              17127,
              43769
            ],
            [
              19030,
              43769
            ],
            [
              19030,
              45672
            ],
            [
              17127,
              45672
            ],
            [
              17127,
              43769
            ]
          ]
        ]
      },
      "properties": {
        "objectType": "annotation",
        "classification": {
          "name": "background_h",
          "color": [
            0,
            0,
            255
          ]
        },
        "isLocked": false
      }
    },
    {
      "type": "Feature",
      "id": "patch_19030_43769",
      "geometry": {
        "type": "Polygon",
        "coordinates": [
          [
            [
              19030,
              43769
            ],
            [
              20933,
              43769
            ],
            [
              20933,
              45672
            ],
            [
              19030,
              45672
            ],
            [
              19030,
              43769
            ]
          ]
        ]
      },
      "properties": {
        "objectType": "annotation",
        "classification": {
          "name": "background_h",
          "color": [
            0,
            0,
            255
          ]
        },
        "isLocked": false
      }
    },
    {
      "type": "Feature",
      "id": "patch_20933_43769",
      "geometry": {
        "type": "Polygon",
        "coordinates": [
          [
            [
              20933,
              43769
            ],
            [
              22836,
              43769
            ],
            [
              22836,
              45672
            ],
            [
              20933,
              45672
            ],
            [
              20933,
              43769
            ]
          ]
        ]
      },
      "properties": {
        "objectType": "annotation",
        "classification": {
          "name": "background_h",
          "color": [
            0,
            0,
            255
          ]
        },
        "isLocked": false
      }
    },
    {
      "type": "Feature",
      "id": "patch_22836_43769",
      "geometry": {
        "type": "Polygon",
        "coordinates": [
          [
            [
              22836,
              43769
            ],
            [
              24739,
              43769
            ],
            [
              24739,
              45672
            ],
            [
              22836,
              45672
            ],
            [
              22836,
              43769
            ]
          ]
        ]
      },
      "properties": {
        "objectType": "annotation",
        "classification": {
          "name": "background_h",
          "color": [
            0,
            0,
            255
          ]
        },
        "isLocked": false
      }
    },
    {
      "type": "Feature",
      "id": "patch_24739_43769",
      "geometry": {
        "type": "Polygon",
        "coordinates": [
          [
            [
              24739,
              43769
            ],
            [
              26642,
              43769
            ],
            [
              26642,
              45672
            ],
            [
              24739,
              45672
            ],
            [
              24739,
              43769
            ]
          ]
        ]
      },
      "properties": {
        "objectType": "annotation",
        "classification": {
          "name": "background_h",
          "color": [
            0,
            0,
            255
          ]
        },
        "isLocked": false
      }
    },
    {
      "type": "Feature",
      "id": "patch_26642_43769",
      "geometry": {
        "type": "Polygon",
        "coordinates": [
          [
            [
              26642,
              43769
            ],
            [
              28545,
              43769
            ],
            [
              28545,
              45672
            ],
            [
              26642,
              45672
            ],
            [
              26642,
              43769
            ]
          ]
        ]
      },
      "properties": {
        "objectType": "annotation",
        "classification": {
          "name": "background_h",
          "color": [
            0,
            0,
            255
          ]
        },
        "isLocked": false
      }
    },
    {
      "type": "Feature",
      "id": "patch_28545_43769",
      "geometry": {
        "type": "Polygon",
        "coordinates": [
          [
            [
              28545,
              43769
            ],
            [
              30448,
              43769
            ],
            [
              30448,
              45672
            ],
            [
              28545,
              45672
            ],
            [
              28545,
              43769
            ]
          ]
        ]
      },
      "properties": {
        "objectType": "annotation",
        "classification": {
          "name": "vessel_h",
          "color": [
            128,
            0,
            128
          ]
        },
        "isLocked": false
      }
    },
    {
      "type": "Feature",
      "id": "patch_30448_43769",
      "geometry": {
        "type": "Polygon",
        "coordinates": [
          [
            [
              30448,
              43769
            ],
            [
              32351,
              43769
            ],
            [
              32351,
              45672
            ],
            [
              30448,
              45672
            ],
            [
              30448,
              43769
            ]
          ]
        ]
      },
      "properties": {
        "objectType": "annotation",
        "classification": {
          "name": "vessel_h",
          "color": [
            128,
            0,
            128
          ]
        },
        "isLocked": false
      }
    },
    {
      "type": "Feature",
      "id": "patch_32351_43769",
      "geometry": {
        "type": "Polygon",
        "coordinates": [
          [
            [
              32351,
              43769
            ],
            [
              34254,
              43769
            ],
            [
              34254,
              45672
            ],
            [
              32351,
              45672
            ],
            [
              32351,
              43769
            ]
          ]
        ]
      },
      "properties": {
        "objectType": "annotation",
        "classification": {
          "name": "vessel_h",
          "color": [
            128,
            0,
            128
          ]
        },
        "isLocked": false
      }
    },
    {
      "type": "Feature",
      "id": "patch_34254_43769",
      "geometry": {
        "type": "Polygon",
        "coordinates": [
          [
            [
              34254,
              43769
            ],
            [
              36157,
              43769
            ],
            [
              36157,
              45672
            ],
            [
              34254,
              45672
            ],
            [
              34254,
              43769
            ]
          ]
        ]
      },
      "properties": {
        "objectType": "annotation",
        "classification": {
          "name": "background_h",
          "color": [
            0,
            0,
            255
          ]
        },
        "isLocked": false
      }
    },
    {
      "type": "Feature",
      "id": "patch_36157_43769",
      "geometry": {
        "type": "Polygon",
        "coordinates": [
          [
            [
              36157,
              43769
            ],
            [
              38060,
              43769
            ],
            [
              38060,
              45672
            ],
            [
              36157,
              45672
            ],
            [
              36157,
              43769
            ]
          ]
        ]
      },
      "properties": {
        "objectType": "annotation",
        "classification": {
          "name": "background_h",
          "color": [
            0,
            0,
            255
          ]
        },
        "isLocked": false
      }
    },
    {
      "type": "Feature",
      "id": "patch_38060_43769",
      "geometry": {
        "type": "Polygon",
        "coordinates": [
          [
            [
              38060,
              43769
            ],
            [
              39963,
              43769
            ],
            [
              39963,
              45672
            ],
            [
              38060,
              45672
            ],
            [
              38060,
              43769
            ]
          ]
        ]
      },
      "properties": {
        "objectType": "annotation",
        "classification": {
          "name": "background_h",
          "color": [
            0,
            0,
            255
          ]
        },
        "isLocked": false
      }
    },
    {
      "type": "Feature",
      "id": "patch_39963_43769",
      "geometry": {
        "type": "Polygon",
        "coordinates": [
          [
            [
              39963,
              43769
            ],
            [
              41866,
              43769
            ],
            [
              41866,
              45672
            ],
            [
              39963,
              45672
            ],
            [
              39963,
              43769
            ]
          ]
        ]
      },
      "properties": {
        "objectType": "annotation",
        "classification": {
          "name": "background_e",
          "color": [
            255,
            182,
            193
          ]
        },
        "isLocked": false
      }
    },
    {
      "type": "Feature",
      "id": "patch_41866_43769",
      "geometry": {
        "type": "Polygon",
        "coordinates": [
          [
            [
              41866,
              43769
            ],
            [
              43769,
              43769
            ],
            [
              43769,
              45672
            ],
            [
              41866,
              45672
            ],
            [
              41866,
              43769
            ]
          ]
        ]
      },
      "properties": {
        "objectType": "annotation",
        "classification": {
          "name": "background_e",
          "color": [
            255,
            182,
            193
          ]
        },
        "isLocked": false
      }
    },
    {
      "type": "Feature",
      "id": "patch_43769_43769",
      "geometry": {
        "type": "Polygon",
        "coordinates": [
          [
            [
              43769,
              43769
            ],
            [
              45672,
              43769
            ],
            [
              45672,
              45672
            ],
            [
              43769,
              45672
            ],
            [
              43769,
              43769
            ]
          ]
        ]
      },
      "properties": {
        "objectType": "annotation",
        "classification": {
          "name": "vessel_e",
          "color": [
            255,
            0,
            0
          ]
        },
        "isLocked": false
      }
    },
    {
      "type": "Feature",
      "id": "patch_45672_43769",
      "geometry": {
        "type": "Polygon",
        "coordinates": [
          [
            [
              45672,
              43769
            ],
            [
              47575,
              43769
            ],
            [
              47575,
              45672
            ],
            [
              45672,
              45672
            ],
            [
              45672,
              43769
            ]
          ]
        ]
      },
      "properties": {
        "objectType": "annotation",
        "classification": {
          "name": "vessel_e",
          "color": [
            255,
            0,
            0
          ]
        },
        "isLocked": false
      }
    },
    {
      "type": "Feature",
      "id": "patch_47575_43769",
      "geometry": {
        "type": "Polygon",
        "coordinates": [
          [
            [
              47575,
              43769
            ],
            [
              49478,
              43769
            ],
            [
              49478,
              45672
            ],
            [
              47575,
              45672
            ],
            [
              47575,
              43769
            ]
          ]
        ]
      },
      "properties": {
        "objectType": "annotation",
        "classification": {
          "name": "background_e",
          "color": [
            255,
            182,
            193
          ]
        },
        "isLocked": false
      }
    },
    {
      "type": "Feature",
      "id": "patch_49478_43769",
      "geometry": {
        "type": "Polygon",
        "coordinates": [
          [
            [
              49478,
              43769
            ],
            [
              51381,
              43769
            ],
            [
              51381,
              45672
            ],
            [
              49478,
              45672
            ],
            [
              49478,
              43769
            ]
          ]
        ]
      },
      "properties": {
        "objectType": "annotation",
        "classification": {
          "name": "vessel_e",
          "color": [
            255,
            0,
            0
          ]
        },
        "isLocked": false
      }
    },
    {
      "type": "Feature",
      "id": "patch_51381_43769",
      "geometry": {
        "type": "Polygon",
        "coordinates": [
          [
            [
              51381,
              43769
            ],
            [
              53284,
              43769
            ],
            [
              53284,
              45672
            ],
            [
              51381,
              45672
            ],
            [
              51381,
              43769
            ]
          ]
        ]
      },
      "properties": {
        "objectType": "annotation",
        "classification": {
          "name": "background_e",
          "color": [
            255,
            182,
            193
          ]
        },
        "isLocked": false
      }
    },
    {
      "type": "Feature",
      "id": "patch_53284_43769",
      "geometry": {
        "type": "Polygon",
        "coordinates": [
          [
            [
              53284,
              43769
            ],
            [
              55187,
              43769
            ],
            [
              55187,
              45672
            ],
            [
              53284,
              45672
            ],
            [
              53284,
              43769
            ]
          ]
        ]
      },
      "properties": {
        "objectType": "annotation",
        "classification": {
          "name": "background_e",
          "color": [
            255,
            182,
            193
          ]
        },
        "isLocked": false
      }
    },
    {
      "type": "Feature",
      "id": "patch_55187_43769",
      "geometry": {
        "type": "Polygon",
        "coordinates": [
          [
            [
              55187,
              43769
            ],
            [
              57090,
              43769
            ],
            [
              57090,
              45672
            ],
            [
              55187,
              45672
            ],
            [
              55187,
              43769
            ]
          ]
        ]
      },
      "properties": {
        "objectType": "annotation",
        "classification": {
          "name": "background_e",
          "color": [
            255,
            182,
            193
          ]
        },
        "isLocked": false
      }
    },
    {
      "type": "Feature",
      "id": "patch_57090_43769",
      "geometry": {
        "type": "Polygon",
        "coordinates": [
          [
            [
              57090,
              43769
            ],
            [
              58993,
              43769
            ],
            [
              58993,
              45672
            ],
            [
              57090,
              45672
            ],
            [
              57090,
              43769
            ]
          ]
        ]
      },
      "properties": {
        "objectType": "annotation",
        "classification": {
          "name": "background_e",
          "color": [
            255,
            182,
            193
          ]
        },
        "isLocked": false
      }
    },
    {
      "type": "Feature",
      "id": "patch_58993_43769",
      "geometry": {
        "type": "Polygon",
        "coordinates": [
          [
            [
              58993,
              43769
            ],
            [
              60896,
              43769
            ],
            [
              60896,
              45672
            ],
            [
              58993,
              45672
            ],
            [
              58993,
              43769
            ]
          ]
        ]
      },
      "properties": {
        "objectType": "annotation",
        "classification": {
          "name": "background_e",
          "color": [
            255,
            182,
            193
          ]
        },
        "isLocked": false
      }
    },
    {
      "type": "Feature",
      "id": "patch_60896_43769",
      "geometry": {
        "type": "Polygon",
        "coordinates": [
          [
            [
              60896,
              43769
            ],
            [
              62799,
              43769
            ],
            [
              62799,
              45672
            ],
            [
              60896,
              45672
            ],
            [
              60896,
              43769
            ]
          ]
        ]
      },
      "properties": {
        "objectType": "annotation",
        "classification": {
          "name": "background_e",
          "color": [
            255,
            182,
            193
          ]
        },
        "isLocked": false
      }
    },
    {
      "type": "Feature",
      "id": "patch_62799_43769",
      "geometry": {
        "type": "Polygon",
        "coordinates": [
          [
            [
              62799,
              43769
            ],
            [
              64702,
              43769
            ],
            [
              64702,
              45672
            ],
            [
              62799,
              45672
            ],
            [
              62799,
              43769
            ]
          ]
        ]
      },
      "properties": {
        "objectType": "annotation",
        "classification": {
          "name": "background_e",
          "color": [
            255,
            182,
            193
          ]
        },
        "isLocked": false
      }
    },
    {
      "type": "Feature",
      "id": "patch_64702_43769",
      "geometry": {
        "type": "Polygon",
        "coordinates": [
          [
            [
              64702,
              43769
            ],
            [
              66605,
              43769
            ],
            [
              66605,
              45672
            ],
            [
              64702,
              45672
            ],
            [
              64702,
              43769
            ]
          ]
        ]
      },
      "properties": {
        "objectType": "annotation",
        "classification": {
          "name": "background_e",
          "color": [
            255,
            182,
            193
          ]
        },
        "isLocked": false
      }
    },
    {
      "type": "Feature",
      "id": "patch_66605_43769",
      "geometry": {
        "type": "Polygon",
        "coordinates": [
          [
            [
              66605,
              43769
            ],
            [
              68508,
              43769
            ],
            [
              68508,
              45672
            ],
            [
              66605,
              45672
            ],
            [
              66605,
              43769
            ]
          ]
        ]
      },
      "properties": {
        "objectType": "annotation",
        "classification": {
          "name": "vessel_e",
          "color": [
            255,
            0,
            0
          ]
        },
        "isLocked": false
      }
    },
    {
      "type": "Feature",
      "id": "patch_68508_43769",
      "geometry": {
        "type": "Polygon",
        "coordinates": [
          [
            [
              68508,
              43769
            ],
            [
              70411,
              43769
            ],
            [
              70411,
              45672
            ],
            [
              68508,
              45672
            ],
            [
              68508,
              43769
            ]
          ]
        ]
      },
      "properties": {
        "objectType": "annotation",
        "classification": {
          "name": "background_e",
          "color": [
            255,
            182,
            193
          ]
        },
        "isLocked": false
      }
    },
    {
      "type": "Feature",
      "id": "patch_70411_43769",
      "geometry": {
        "type": "Polygon",
        "coordinates": [
          [
            [
              70411,
              43769
            ],
            [
              72314,
              43769
            ],
            [
              72314,
              45672
            ],
            [
              70411,
              45672
            ],
            [
              70411,
              43769
            ]
          ]
        ]
      },
      "properties": {
        "objectType": "annotation",
        "classification": {
          "name": "background_e",
          "color": [
            255,
            182,
            193
          ]
        },
        "isLocked": false
      }
    },
    {
      "type": "Feature",
      "id": "patch_72314_43769",
      "geometry": {
        "type": "Polygon",
        "coordinates": [
          [
            [
              72314,
              43769
            ],
            [
              74217,
              43769
            ],
            [
              74217,
              45672
            ],
            [
              72314,
              45672
            ],
            [
              72314,
              43769
            ]
          ]
        ]
      },
      "properties": {
        "objectType": "annotation",
        "classification": {
          "name": "vessel_e",
          "color": [
            255,
            0,
            0
          ]
        },
        "isLocked": false
      }
    },
    {
      "type": "Feature",
      "id": "patch_74217_43769",
      "geometry": {
        "type": "Polygon",
        "coordinates": [
          [
            [
              74217,
              43769
            ],
            [
              76120,
              43769
            ],
            [
              76120,
              45672
            ],
            [
              74217,
              45672
            ],
            [
              74217,
              43769
            ]
          ]
        ]
      },
      "properties": {
        "objectType": "annotation",
        "classification": {
          "name": "background_e",
          "color": [
            255,
            182,
            193
          ]
        },
        "isLocked": false
      }
    },
    {
      "type": "Feature",
      "id": "patch_76120_43769",
      "geometry": {
        "type": "Polygon",
        "coordinates": [
          [
            [
              76120,
              43769
            ],
            [
              78023,
              43769
            ],
            [
              78023,
              45672
            ],
            [
              76120,
              45672
            ],
            [
              76120,
              43769
            ]
          ]
        ]
      },
      "properties": {
        "objectType": "annotation",
        "classification": {
          "name": "background_e",
          "color": [
            255,
            182,
            193
          ]
        },
        "isLocked": false
      }
    },
    {
      "type": "Feature",
      "id": "patch_78023_43769",
      "geometry": {
        "type": "Polygon",
        "coordinates": [
          [
            [
              78023,
              43769
            ],
            [
              79926,
              43769
            ],
            [
              79926,
              45672
            ],
            [
              78023,
              45672
            ],
            [
              78023,
              43769
            ]
          ]
        ]
      },
      "properties": {
        "objectType": "annotation",
        "classification": {
          "name": "background_e",
          "color": [
            255,
            182,
            193
          ]
        },
        "isLocked": false
      }
    },
    {
      "type": "Feature",
      "id": "patch_79926_43769",
      "geometry": {
        "type": "Polygon",
        "coordinates": [
          [
            [
              79926,
              43769
            ],
            [
              81829,
              43769
            ],
            [
              81829,
              45672
            ],
            [
              79926,
              45672
            ],
            [
              79926,
              43769
            ]
          ]
        ]
      },
      "properties": {
        "objectType": "annotation",
        "classification": {
          "name": "vessel_e",
          "color": [
            255,
            0,
            0
          ]
        },
        "isLocked": false
      }
    },
    {
      "type": "Feature",
      "id": "patch_81829_43769",
      "geometry": {
        "type": "Polygon",
        "coordinates": [
          [
            [
              81829,
              43769
            ],
            [
              83732,
              43769
            ],
            [
              83732,
              45672
            ],
            [
              81829,
              45672
            ],
            [
              81829,
              43769
            ]
          ]
        ]
      },
      "properties": {
        "objectType": "annotation",
        "classification": {
          "name": "background_e",
          "color": [
            255,
            182,
            193
          ]
        },
        "isLocked": false
      }
    },
    {
      "type": "Feature",
      "id": "patch_83732_43769",
      "geometry": {
        "type": "Polygon",
        "coordinates": [
          [
            [
              83732,
              43769
            ],
            [
              85635,
              43769
            ],
            [
              85635,
              45672
            ],
            [
              83732,
              45672
            ],
            [
              83732,
              43769
            ]
          ]
        ]
      },
      "properties": {
        "objectType": "annotation",
        "classification": {
          "name": "background_e",
          "color": [
            255,
            182,
            193
          ]
        },
        "isLocked": false
      }
    },
    {
      "type": "Feature",
      "id": "patch_17127_45672",
      "geometry": {
        "type": "Polygon",
        "coordinates": [
          [
            [
              17127,
              45672
            ],
            [
              19030,
              45672
            ],
            [
              19030,
              47575
            ],
            [
              17127,
              47575
            ],
            [
              17127,
              45672
            ]
          ]
        ]
      },
      "properties": {
        "objectType": "annotation",
        "classification": {
          "name": "background_h",
          "color": [
            0,
            0,
            255
          ]
        },
        "isLocked": false
      }
    },
    {
      "type": "Feature",
      "id": "patch_19030_45672",
      "geometry": {
        "type": "Polygon",
        "coordinates": [
          [
            [
              19030,
              45672
            ],
            [
              20933,
              45672
            ],
            [
              20933,
              47575
            ],
            [
              19030,
              47575
            ],
            [
              19030,
              45672
            ]
          ]
        ]
      },
      "properties": {
        "objectType": "annotation",
        "classification": {
          "name": "vessel_h",
          "color": [
            128,
            0,
            128
          ]
        },
        "isLocked": false
      }
    },
    {
      "type": "Feature",
      "id": "patch_20933_45672",
      "geometry": {
        "type": "Polygon",
        "coordinates": [
          [
            [
              20933,
              45672
            ],
            [
              22836,
              45672
            ],
            [
              22836,
              47575
            ],
            [
              20933,
              47575
            ],
            [
              20933,
              45672
            ]
          ]
        ]
      },
      "properties": {
        "objectType": "annotation",
        "classification": {
          "name": "background_h",
          "color": [
            0,
            0,
            255
          ]
        },
        "isLocked": false
      }
    },
    {
      "type": "Feature",
      "id": "patch_22836_45672",
      "geometry": {
        "type": "Polygon",
        "coordinates": [
          [
            [
              22836,
              45672
            ],
            [
              24739,
              45672
            ],
            [
              24739,
              47575
            ],
            [
              22836,
              47575
            ],
            [
              22836,
              45672
            ]
          ]
        ]
      },
      "properties": {
        "objectType": "annotation",
        "classification": {
          "name": "background_h",
          "color": [
            0,
            0,
            255
          ]
        },
        "isLocked": false
      }
    },
    {
      "type": "Feature",
      "id": "patch_24739_45672",
      "geometry": {
        "type": "Polygon",
        "coordinates": [
          [
            [
              24739,
              45672
            ],
            [
              26642,
              45672
            ],
            [
              26642,
              47575
            ],
            [
              24739,
              47575
            ],
            [
              24739,
              45672
            ]
          ]
        ]
      },
      "properties": {
        "objectType": "annotation",
        "classification": {
          "name": "background_h",
          "color": [
            0,
            0,
            255
          ]
        },
        "isLocked": false
      }
    },
    {
      "type": "Feature",
      "id": "patch_26642_45672",
      "geometry": {
        "type": "Polygon",
        "coordinates": [
          [
            [
              26642,
              45672
            ],
            [
              28545,
              45672
            ],
            [
              28545,
              47575
            ],
            [
              26642,
              47575
            ],
            [
              26642,
              45672
            ]
          ]
        ]
      },
      "properties": {
        "objectType": "annotation",
        "classification": {
          "name": "background_h",
          "color": [
            0,
            0,
            255
          ]
        },
        "isLocked": false
      }
    },
    {
      "type": "Feature",
      "id": "patch_28545_45672",
      "geometry": {
        "type": "Polygon",
        "coordinates": [
          [
            [
              28545,
              45672
            ],
            [
              30448,
              45672
            ],
            [
              30448,
              47575
            ],
            [
              28545,
              47575
            ],
            [
              28545,
              45672
            ]
          ]
        ]
      },
      "properties": {
        "objectType": "annotation",
        "classification": {
          "name": "vessel_h",
          "color": [
            128,
            0,
            128
          ]
        },
        "isLocked": false
      }
    },
    {
      "type": "Feature",
      "id": "patch_30448_45672",
      "geometry": {
        "type": "Polygon",
        "coordinates": [
          [
            [
              30448,
              45672
            ],
            [
              32351,
              45672
            ],
            [
              32351,
              47575
            ],
            [
              30448,
              47575
            ],
            [
              30448,
              45672
            ]
          ]
        ]
      },
      "properties": {
        "objectType": "annotation",
        "classification": {
          "name": "background_h",
          "color": [
            0,
            0,
            255
          ]
        },
        "isLocked": false
      }
    },
    {
      "type": "Feature",
      "id": "patch_32351_45672",
      "geometry": {
        "type": "Polygon",
        "coordinates": [
          [
            [
              32351,
              45672
            ],
            [
              34254,
              45672
            ],
            [
              34254,
              47575
            ],
            [
              32351,
              47575
            ],
            [
              32351,
              45672
            ]
          ]
        ]
      },
      "properties": {
        "objectType": "annotation",
        "classification": {
          "name": "vessel_h",
          "color": [
            128,
            0,
            128
          ]
        },
        "isLocked": false
      }
    },
    {
      "type": "Feature",
      "id": "patch_34254_45672",
      "geometry": {
        "type": "Polygon",
        "coordinates": [
          [
            [
              34254,
              45672
            ],
            [
              36157,
              45672
            ],
            [
              36157,
              47575
            ],
            [
              34254,
              47575
            ],
            [
              34254,
              45672
            ]
          ]
        ]
      },
      "properties": {
        "objectType": "annotation",
        "classification": {
          "name": "vessel_h",
          "color": [
            128,
            0,
            128
          ]
        },
        "isLocked": false
      }
    },
    {
      "type": "Feature",
      "id": "patch_36157_45672",
      "geometry": {
        "type": "Polygon",
        "coordinates": [
          [
            [
              36157,
              45672
            ],
            [
              38060,
              45672
            ],
            [
              38060,
              47575
            ],
            [
              36157,
              47575
            ],
            [
              36157,
              45672
            ]
          ]
        ]
      },
      "properties": {
        "objectType": "annotation",
        "classification": {
          "name": "background_h",
          "color": [
            0,
            0,
            255
          ]
        },
        "isLocked": false
      }
    },
    {
      "type": "Feature",
      "id": "patch_38060_45672",
      "geometry": {
        "type": "Polygon",
        "coordinates": [
          [
            [
              38060,
              45672
            ],
            [
              39963,
              45672
            ],
            [
              39963,
              47575
            ],
            [
              38060,
              47575
            ],
            [
              38060,
              45672
            ]
          ]
        ]
      },
      "properties": {
        "objectType": "annotation",
        "classification": {
          "name": "background_h",
          "color": [
            0,
            0,
            255
          ]
        },
        "isLocked": false
      }
    },
    {
      "type": "Feature",
      "id": "patch_39963_45672",
      "geometry": {
        "type": "Polygon",
        "coordinates": [
          [
            [
              39963,
              45672
            ],
            [
              41866,
              45672
            ],
            [
              41866,
              47575
            ],
            [
              39963,
              47575
            ],
            [
              39963,
              45672
            ]
          ]
        ]
      },
      "properties": {
        "objectType": "annotation",
        "classification": {
          "name": "background_h",
          "color": [
            0,
            0,
            255
          ]
        },
        "isLocked": false
      }
    },
    {
      "type": "Feature",
      "id": "patch_41866_45672",
      "geometry": {
        "type": "Polygon",
        "coordinates": [
          [
            [
              41866,
              45672
            ],
            [
              43769,
              45672
            ],
            [
              43769,
              47575
            ],
            [
              41866,
              47575
            ],
            [
              41866,
              45672
            ]
          ]
        ]
      },
      "properties": {
        "objectType": "annotation",
        "classification": {
          "name": "vessel_h",
          "color": [
            128,
            0,
            128
          ]
        },
        "isLocked": false
      }
    },
    {
      "type": "Feature",
      "id": "patch_43769_45672",
      "geometry": {
        "type": "Polygon",
        "coordinates": [
          [
            [
              43769,
              45672
            ],
            [
              45672,
              45672
            ],
            [
              45672,
              47575
            ],
            [
              43769,
              47575
            ],
            [
              43769,
              45672
            ]
          ]
        ]
      },
      "properties": {
        "objectType": "annotation",
        "classification": {
          "name": "vessel_h",
          "color": [
            128,
            0,
            128
          ]
        },
        "isLocked": false
      }
    },
    {
      "type": "Feature",
      "id": "patch_45672_45672",
      "geometry": {
        "type": "Polygon",
        "coordinates": [
          [
            [
              45672,
              45672
            ],
            [
              47575,
              45672
            ],
            [
              47575,
              47575
            ],
            [
              45672,
              47575
            ],
            [
              45672,
              45672
            ]
          ]
        ]
      },
      "properties": {
        "objectType": "annotation",
        "classification": {
          "name": "vessel_e",
          "color": [
            255,
            0,
            0
          ]
        },
        "isLocked": false
      }
    },
    {
      "type": "Feature",
      "id": "patch_47575_45672",
      "geometry": {
        "type": "Polygon",
        "coordinates": [
          [
            [
              47575,
              45672
            ],
            [
              49478,
              45672
            ],
            [
              49478,
              47575
            ],
            [
              47575,
              47575
            ],
            [
              47575,
              45672
            ]
          ]
        ]
      },
      "properties": {
        "objectType": "annotation",
        "classification": {
          "name": "vessel_e",
          "color": [
            255,
            0,
            0
          ]
        },
        "isLocked": false
      }
    },
    {
      "type": "Feature",
      "id": "patch_49478_45672",
      "geometry": {
        "type": "Polygon",
        "coordinates": [
          [
            [
              49478,
              45672
            ],
            [
              51381,
              45672
            ],
            [
              51381,
              47575
            ],
            [
              49478,
              47575
            ],
            [
              49478,
              45672
            ]
          ]
        ]
      },
      "properties": {
        "objectType": "annotation",
        "classification": {
          "name": "background_e",
          "color": [
            255,
            182,
            193
          ]
        },
        "isLocked": false
      }
    },
    {
      "type": "Feature",
      "id": "patch_51381_45672",
      "geometry": {
        "type": "Polygon",
        "coordinates": [
          [
            [
              51381,
              45672
            ],
            [
              53284,
              45672
            ],
            [
              53284,
              47575
            ],
            [
              51381,
              47575
            ],
            [
              51381,
              45672
            ]
          ]
        ]
      },
      "properties": {
        "objectType": "annotation",
        "classification": {
          "name": "background_e",
          "color": [
            255,
            182,
            193
          ]
        },
        "isLocked": false
      }
    },
    {
      "type": "Feature",
      "id": "patch_53284_45672",
      "geometry": {
        "type": "Polygon",
        "coordinates": [
          [
            [
              53284,
              45672
            ],
            [
              55187,
              45672
            ],
            [
              55187,
              47575
            ],
            [
              53284,
              47575
            ],
            [
              53284,
              45672
            ]
          ]
        ]
      },
      "properties": {
        "objectType": "annotation",
        "classification": {
          "name": "background_e",
          "color": [
            255,
            182,
            193
          ]
        },
        "isLocked": false
      }
    },
    {
      "type": "Feature",
      "id": "patch_55187_45672",
      "geometry": {
        "type": "Polygon",
        "coordinates": [
          [
            [
              55187,
              45672
            ],
            [
              57090,
              45672
            ],
            [
              57090,
              47575
            ],
            [
              55187,
              47575
            ],
            [
              55187,
              45672
            ]
          ]
        ]
      },
      "properties": {
        "objectType": "annotation",
        "classification": {
          "name": "vessel_e",
          "color": [
            255,
            0,
            0
          ]
        },
        "isLocked": false
      }
    },
    {
      "type": "Feature",
      "id": "patch_57090_45672",
      "geometry": {
        "type": "Polygon",
        "coordinates": [
          [
            [
              57090,
              45672
            ],
            [
              58993,
              45672
            ],
            [
              58993,
              47575
            ],
            [
              57090,
              47575
            ],
            [
              57090,
              45672
            ]
          ]
        ]
      },
      "properties": {
        "objectType": "annotation",
        "classification": {
          "name": "background_e",
          "color": [
            255,
            182,
            193
          ]
        },
        "isLocked": false
      }
    },
    {
      "type": "Feature",
      "id": "patch_58993_45672",
      "geometry": {
        "type": "Polygon",
        "coordinates": [
          [
            [
              58993,
              45672
            ],
            [
              60896,
              45672
            ],
            [
              60896,
              47575
            ],
            [
              58993,
              47575
            ],
            [
              58993,
              45672
            ]
          ]
        ]
      },
      "properties": {
        "objectType": "annotation",
        "classification": {
          "name": "background_e",
          "color": [
            255,
            182,
            193
          ]
        },
        "isLocked": false
      }
    },
    {
      "type": "Feature",
      "id": "patch_60896_45672",
      "geometry": {
        "type": "Polygon",
        "coordinates": [
          [
            [
              60896,
              45672
            ],
            [
              62799,
              45672
            ],
            [
              62799,
              47575
            ],
            [
              60896,
              47575
            ],
            [
              60896,
              45672
            ]
          ]
        ]
      },
      "properties": {
        "objectType": "annotation",
        "classification": {
          "name": "background_e",
          "color": [
            255,
            182,
            193
          ]
        },
        "isLocked": false
      }
    },
    {
      "type": "Feature",
      "id": "patch_62799_45672",
      "geometry": {
        "type": "Polygon",
        "coordinates": [
          [
            [
              62799,
              45672
            ],
            [
              64702,
              45672
            ],
            [
              64702,
              47575
            ],
            [
              62799,
              47575
            ],
            [
              62799,
              45672
            ]
          ]
        ]
      },
      "properties": {
        "objectType": "annotation",
        "classification": {
          "name": "background_e",
          "color": [
            255,
            182,
            193
          ]
        },
        "isLocked": false
      }
    },
    {
      "type": "Feature",
      "id": "patch_64702_45672",
      "geometry": {
        "type": "Polygon",
        "coordinates": [
          [
            [
              64702,
              45672
            ],
            [
              66605,
              45672
            ],
            [
              66605,
              47575
            ],
            [
              64702,
              47575
            ],
            [
              64702,
              45672
            ]
          ]
        ]
      },
      "properties": {
        "objectType": "annotation",
        "classification": {
          "name": "vessel_e",
          "color": [
            255,
            0,
            0
          ]
        },
        "isLocked": false
      }
    },
    {
      "type": "Feature",
      "id": "patch_66605_45672",
      "geometry": {
        "type": "Polygon",
        "coordinates": [
          [
            [
              66605,
              45672
            ],
            [
              68508,
              45672
            ],
            [
              68508,
              47575
            ],
            [
              66605,
              47575
            ],
            [
              66605,
              45672
            ]
          ]
        ]
      },
      "properties": {
        "objectType": "annotation",
        "classification": {
          "name": "background_h",
          "color": [
            0,
            0,
            255
          ]
        },
        "isLocked": false
      }
    },
    {
      "type": "Feature",
      "id": "patch_68508_45672",
      "geometry": {
        "type": "Polygon",
        "coordinates": [
          [
            [
              68508,
              45672
            ],
            [
              70411,
              45672
            ],
            [
              70411,
              47575
            ],
            [
              68508,
              47575
            ],
            [
              68508,
              45672
            ]
          ]
        ]
      },
      "properties": {
        "objectType": "annotation",
        "classification": {
          "name": "background_h",
          "color": [
            0,
            0,
            255
          ]
        },
        "isLocked": false
      }
    },
    {
      "type": "Feature",
      "id": "patch_70411_45672",
      "geometry": {
        "type": "Polygon",
        "coordinates": [
          [
            [
              70411,
              45672
            ],
            [
              72314,
              45672
            ],
            [
              72314,
              47575
            ],
            [
              70411,
              47575
            ],
            [
              70411,
              45672
            ]
          ]
        ]
      },
      "properties": {
        "objectType": "annotation",
        "classification": {
          "name": "background_h",
          "color": [
            0,
            0,
            255
          ]
        },
        "isLocked": false
      }
    },
    {
      "type": "Feature",
      "id": "patch_72314_45672",
      "geometry": {
        "type": "Polygon",
        "coordinates": [
          [
            [
              72314,
              45672
            ],
            [
              74217,
              45672
            ],
            [
              74217,
              47575
            ],
            [
              72314,
              47575
            ],
            [
              72314,
              45672
            ]
          ]
        ]
      },
      "properties": {
        "objectType": "annotation",
        "classification": {
          "name": "background_e",
          "color": [
            255,
            182,
            193
          ]
        },
        "isLocked": false
      }
    },
    {
      "type": "Feature",
      "id": "patch_74217_45672",
      "geometry": {
        "type": "Polygon",
        "coordinates": [
          [
            [
              74217,
              45672
            ],
            [
              76120,
              45672
            ],
            [
              76120,
              47575
            ],
            [
              74217,
              47575
            ],
            [
              74217,
              45672
            ]
          ]
        ]
      },
      "properties": {
        "objectType": "annotation",
        "classification": {
          "name": "background_e",
          "color": [
            255,
            182,
            193
          ]
        },
        "isLocked": false
      }
    },
    {
      "type": "Feature",
      "id": "patch_76120_45672",
      "geometry": {
        "type": "Polygon",
        "coordinates": [
          [
            [
              76120,
              45672
            ],
            [
              78023,
              45672
            ],
            [
              78023,
              47575
            ],
            [
              76120,
              47575
            ],
            [
              76120,
              45672
            ]
          ]
        ]
      },
      "properties": {
        "objectType": "annotation",
        "classification": {
          "name": "background_e",
          "color": [
            255,
            182,
            193
          ]
        },
        "isLocked": false
      }
    },
    {
      "type": "Feature",
      "id": "patch_78023_45672",
      "geometry": {
        "type": "Polygon",
        "coordinates": [
          [
            [
              78023,
              45672
            ],
            [
              79926,
              45672
            ],
            [
              79926,
              47575
            ],
            [
              78023,
              47575
            ],
            [
              78023,
              45672
            ]
          ]
        ]
      },
      "properties": {
        "objectType": "annotation",
        "classification": {
          "name": "vessel_e",
          "color": [
            255,
            0,
            0
          ]
        },
        "isLocked": false
      }
    },
    {
      "type": "Feature",
      "id": "patch_79926_45672",
      "geometry": {
        "type": "Polygon",
        "coordinates": [
          [
            [
              79926,
              45672
            ],
            [
              81829,
              45672
            ],
            [
              81829,
              47575
            ],
            [
              79926,
              47575
            ],
            [
              79926,
              45672
            ]
          ]
        ]
      },
      "properties": {
        "objectType": "annotation",
        "classification": {
          "name": "background_e",
          "color": [
            255,
            182,
            193
          ]
        },
        "isLocked": false
      }
    },
    {
      "type": "Feature",
      "id": "patch_81829_45672",
      "geometry": {
        "type": "Polygon",
        "coordinates": [
          [
            [
              81829,
              45672
            ],
            [
              83732,
              45672
            ],
            [
              83732,
              47575
            ],
            [
              81829,
              47575
            ],
            [
              81829,
              45672
            ]
          ]
        ]
      },
      "properties": {
        "objectType": "annotation",
        "classification": {
          "name": "vessel_e",
          "color": [
            255,
            0,
            0
          ]
        },
        "isLocked": false
      }
    },
    {
      "type": "Feature",
      "id": "patch_83732_45672",
      "geometry": {
        "type": "Polygon",
        "coordinates": [
          [
            [
              83732,
              45672
            ],
            [
              85635,
              45672
            ],
            [
              85635,
              47575
            ],
            [
              83732,
              47575
            ],
            [
              83732,
              45672
            ]
          ]
        ]
      },
      "properties": {
        "objectType": "annotation",
        "classification": {
          "name": "background_e",
          "color": [
            255,
            182,
            193
          ]
        },
        "isLocked": false
      }
    },
    {
      "type": "Feature",
      "id": "patch_19030_47575",
      "geometry": {
        "type": "Polygon",
        "coordinates": [
          [
            [
              19030,
              47575
            ],
            [
              20933,
              47575
            ],
            [
              20933,
              49478
            ],
            [
              19030,
              49478
            ],
            [
              19030,
              47575
            ]
          ]
        ]
      },
      "properties": {
        "objectType": "annotation",
        "classification": {
          "name": "background_h",
          "color": [
            0,
            0,
            255
          ]
        },
        "isLocked": false
      }
    },
    {
      "type": "Feature",
      "id": "patch_20933_47575",
      "geometry": {
        "type": "Polygon",
        "coordinates": [
          [
            [
              20933,
              47575
            ],
            [
              22836,
              47575
            ],
            [
              22836,
              49478
            ],
            [
              20933,
              49478
            ],
            [
              20933,
              47575
            ]
          ]
        ]
      },
      "properties": {
        "objectType": "annotation",
        "classification": {
          "name": "vessel_h",
          "color": [
            128,
            0,
            128
          ]
        },
        "isLocked": false
      }
    },
    {
      "type": "Feature",
      "id": "patch_22836_47575",
      "geometry": {
        "type": "Polygon",
        "coordinates": [
          [
            [
              22836,
              47575
            ],
            [
              24739,
              47575
            ],
            [
              24739,
              49478
            ],
            [
              22836,
              49478
            ],
            [
              22836,
              47575
            ]
          ]
        ]
      },
      "properties": {
        "objectType": "annotation",
        "classification": {
          "name": "background_h",
          "color": [
            0,
            0,
            255
          ]
        },
        "isLocked": false
      }
    },
    {
      "type": "Feature",
      "id": "patch_24739_47575",
      "geometry": {
        "type": "Polygon",
        "coordinates": [
          [
            [
              24739,
              47575
            ],
            [
              26642,
              47575
            ],
            [
              26642,
              49478
            ],
            [
              24739,
              49478
            ],
            [
              24739,
              47575
            ]
          ]
        ]
      },
      "properties": {
        "objectType": "annotation",
        "classification": {
          "name": "background_h",
          "color": [
            0,
            0,
            255
          ]
        },
        "isLocked": false
      }
    },
    {
      "type": "Feature",
      "id": "patch_26642_47575",
      "geometry": {
        "type": "Polygon",
        "coordinates": [
          [
            [
              26642,
              47575
            ],
            [
              28545,
              47575
            ],
            [
              28545,
              49478
            ],
            [
              26642,
              49478
            ],
            [
              26642,
              47575
            ]
          ]
        ]
      },
      "properties": {
        "objectType": "annotation",
        "classification": {
          "name": "background_h",
          "color": [
            0,
            0,
            255
          ]
        },
        "isLocked": false
      }
    },
    {
      "type": "Feature",
      "id": "patch_28545_47575",
      "geometry": {
        "type": "Polygon",
        "coordinates": [
          [
            [
              28545,
              47575
            ],
            [
              30448,
              47575
            ],
            [
              30448,
              49478
            ],
            [
              28545,
              49478
            ],
            [
              28545,
              47575
            ]
          ]
        ]
      },
      "properties": {
        "objectType": "annotation",
        "classification": {
          "name": "background_h",
          "color": [
            0,
            0,
            255
          ]
        },
        "isLocked": false
      }
    },
    {
      "type": "Feature",
      "id": "patch_30448_47575",
      "geometry": {
        "type": "Polygon",
        "coordinates": [
          [
            [
              30448,
              47575
            ],
            [
              32351,
              47575
            ],
            [
              32351,
              49478
            ],
            [
              30448,
              49478
            ],
            [
              30448,
              47575
            ]
          ]
        ]
      },
      "properties": {
        "objectType": "annotation",
        "classification": {
          "name": "vessel_h",
          "color": [
            128,
            0,
            128
          ]
        },
        "isLocked": false
      }
    },
    {
      "type": "Feature",
      "id": "patch_32351_47575",
      "geometry": {
        "type": "Polygon",
        "coordinates": [
          [
            [
              32351,
              47575
            ],
            [
              34254,
              47575
            ],
            [
              34254,
              49478
            ],
            [
              32351,
              49478
            ],
            [
              32351,
              47575
            ]
          ]
        ]
      },
      "properties": {
        "objectType": "annotation",
        "classification": {
          "name": "background_h",
          "color": [
            0,
            0,
            255
          ]
        },
        "isLocked": false
      }
    },
    {
      "type": "Feature",
      "id": "patch_34254_47575",
      "geometry": {
        "type": "Polygon",
        "coordinates": [
          [
            [
              34254,
              47575
            ],
            [
              36157,
              47575
            ],
            [
              36157,
              49478
            ],
            [
              34254,
              49478
            ],
            [
              34254,
              47575
            ]
          ]
        ]
      },
      "properties": {
        "objectType": "annotation",
        "classification": {
          "name": "background_h",
          "color": [
            0,
            0,
            255
          ]
        },
        "isLocked": false
      }
    },
    {
      "type": "Feature",
      "id": "patch_36157_47575",
      "geometry": {
        "type": "Polygon",
        "coordinates": [
          [
            [
              36157,
              47575
            ],
            [
              38060,
              47575
            ],
            [
              38060,
              49478
            ],
            [
              36157,
              49478
            ],
            [
              36157,
              47575
            ]
          ]
        ]
      },
      "properties": {
        "objectType": "annotation",
        "classification": {
          "name": "background_h",
          "color": [
            0,
            0,
            255
          ]
        },
        "isLocked": false
      }
    },
    {
      "type": "Feature",
      "id": "patch_38060_47575",
      "geometry": {
        "type": "Polygon",
        "coordinates": [
          [
            [
              38060,
              47575
            ],
            [
              39963,
              47575
            ],
            [
              39963,
              49478
            ],
            [
              38060,
              49478
            ],
            [
              38060,
              47575
            ]
          ]
        ]
      },
      "properties": {
        "objectType": "annotation",
        "classification": {
          "name": "vessel_h",
          "color": [
            128,
            0,
            128
          ]
        },
        "isLocked": false
      }
    },
    {
      "type": "Feature",
      "id": "patch_39963_47575",
      "geometry": {
        "type": "Polygon",
        "coordinates": [
          [
            [
              39963,
              47575
            ],
            [
              41866,
              47575
            ],
            [
              41866,
              49478
            ],
            [
              39963,
              49478
            ],
            [
              39963,
              47575
            ]
          ]
        ]
      },
      "properties": {
        "objectType": "annotation",
        "classification": {
          "name": "vessel_h",
          "color": [
            128,
            0,
            128
          ]
        },
        "isLocked": false
      }
    },
    {
      "type": "Feature",
      "id": "patch_41866_47575",
      "geometry": {
        "type": "Polygon",
        "coordinates": [
          [
            [
              41866,
              47575
            ],
            [
              43769,
              47575
            ],
            [
              43769,
              49478
            ],
            [
              41866,
              49478
            ],
            [
              41866,
              47575
            ]
          ]
        ]
      },
      "properties": {
        "objectType": "annotation",
        "classification": {
          "name": "background_h",
          "color": [
            0,
            0,
            255
          ]
        },
        "isLocked": false
      }
    },
    {
      "type": "Feature",
      "id": "patch_43769_47575",
      "geometry": {
        "type": "Polygon",
        "coordinates": [
          [
            [
              43769,
              47575
            ],
            [
              45672,
              47575
            ],
            [
              45672,
              49478
            ],
            [
              43769,
              49478
            ],
            [
              43769,
              47575
            ]
          ]
        ]
      },
      "properties": {
        "objectType": "annotation",
        "classification": {
          "name": "vessel_h",
          "color": [
            128,
            0,
            128
          ]
        },
        "isLocked": false
      }
    },
    {
      "type": "Feature",
      "id": "patch_45672_47575",
      "geometry": {
        "type": "Polygon",
        "coordinates": [
          [
            [
              45672,
              47575
            ],
            [
              47575,
              47575
            ],
            [
              47575,
              49478
            ],
            [
              45672,
              49478
            ],
            [
              45672,
              47575
            ]
          ]
        ]
      },
      "properties": {
        "objectType": "annotation",
        "classification": {
          "name": "background_h",
          "color": [
            0,
            0,
            255
          ]
        },
        "isLocked": false
      }
    },
    {
      "type": "Feature",
      "id": "patch_47575_47575",
      "geometry": {
        "type": "Polygon",
        "coordinates": [
          [
            [
              47575,
              47575
            ],
            [
              49478,
              47575
            ],
            [
              49478,
              49478
            ],
            [
              47575,
              49478
            ],
            [
              47575,
              47575
            ]
          ]
        ]
      },
      "properties": {
        "objectType": "annotation",
        "classification": {
          "name": "vessel_h",
          "color": [
            128,
            0,
            128
          ]
        },
        "isLocked": false
      }
    },
    {
      "type": "Feature",
      "id": "patch_49478_47575",
      "geometry": {
        "type": "Polygon",
        "coordinates": [
          [
            [
              49478,
              47575
            ],
            [
              51381,
              47575
            ],
            [
              51381,
              49478
            ],
            [
              49478,
              49478
            ],
            [
              49478,
              47575
            ]
          ]
        ]
      },
      "properties": {
        "objectType": "annotation",
        "classification": {
          "name": "background_h",
          "color": [
            0,
            0,
            255
          ]
        },
        "isLocked": false
      }
    },
    {
      "type": "Feature",
      "id": "patch_51381_47575",
      "geometry": {
        "type": "Polygon",
        "coordinates": [
          [
            [
              51381,
              47575
            ],
            [
              53284,
              47575
            ],
            [
              53284,
              49478
            ],
            [
              51381,
              49478
            ],
            [
              51381,
              47575
            ]
          ]
        ]
      },
      "properties": {
        "objectType": "annotation",
        "classification": {
          "name": "background_h",
          "color": [
            0,
            0,
            255
          ]
        },
        "isLocked": false
      }
    },
    {
      "type": "Feature",
      "id": "patch_53284_47575",
      "geometry": {
        "type": "Polygon",
        "coordinates": [
          [
            [
              53284,
              47575
            ],
            [
              55187,
              47575
            ],
            [
              55187,
              49478
            ],
            [
              53284,
              49478
            ],
            [
              53284,
              47575
            ]
          ]
        ]
      },
      "properties": {
        "objectType": "annotation",
        "classification": {
          "name": "background_h",
          "color": [
            0,
            0,
            255
          ]
        },
        "isLocked": false
      }
    },
    {
      "type": "Feature",
      "id": "patch_55187_47575",
      "geometry": {
        "type": "Polygon",
        "coordinates": [
          [
            [
              55187,
              47575
            ],
            [
              57090,
              47575
            ],
            [
              57090,
              49478
            ],
            [
              55187,
              49478
            ],
            [
              55187,
              47575
            ]
          ]
        ]
      },
      "properties": {
        "objectType": "annotation",
        "classification": {
          "name": "background_h",
          "color": [
            0,
            0,
            255
          ]
        },
        "isLocked": false
      }
    },
    {
      "type": "Feature",
      "id": "patch_57090_47575",
      "geometry": {
        "type": "Polygon",
        "coordinates": [
          [
            [
              57090,
              47575
            ],
            [
              58993,
              47575
            ],
            [
              58993,
              49478
            ],
            [
              57090,
              49478
            ],
            [
              57090,
              47575
            ]
          ]
        ]
      },
      "properties": {
        "objectType": "annotation",
        "classification": {
          "name": "background_h",
          "color": [
            0,
            0,
            255
          ]
        },
        "isLocked": false
      }
    },
    {
      "type": "Feature",
      "id": "patch_58993_47575",
      "geometry": {
        "type": "Polygon",
        "coordinates": [
          [
            [
              58993,
              47575
            ],
            [
              60896,
              47575
            ],
            [
              60896,
              49478
            ],
            [
              58993,
              49478
            ],
            [
              58993,
              47575
            ]
          ]
        ]
      },
      "properties": {
        "objectType": "annotation",
        "classification": {
          "name": "background_h",
          "color": [
            0,
            0,
            255
          ]
        },
        "isLocked": false
      }
    },
    {
      "type": "Feature",
      "id": "patch_60896_47575",
      "geometry": {
        "type": "Polygon",
        "coordinates": [
          [
            [
              60896,
              47575
            ],
            [
              62799,
              47575
            ],
            [
              62799,
              49478
            ],
            [
              60896,
              49478
            ],
            [
              60896,
              47575
            ]
          ]
        ]
      },
      "properties": {
        "objectType": "annotation",
        "classification": {
          "name": "background_h",
          "color": [
            0,
            0,
            255
          ]
        },
        "isLocked": false
      }
    },
    {
      "type": "Feature",
      "id": "patch_62799_47575",
      "geometry": {
        "type": "Polygon",
        "coordinates": [
          [
            [
              62799,
              47575
            ],
            [
              64702,
              47575
            ],
            [
              64702,
              49478
            ],
            [
              62799,
              49478
            ],
            [
              62799,
              47575
            ]
          ]
        ]
      },
      "properties": {
        "objectType": "annotation",
        "classification": {
          "name": "background_h",
          "color": [
            0,
            0,
            255
          ]
        },
        "isLocked": false
      }
    },
    {
      "type": "Feature",
      "id": "patch_64702_47575",
      "geometry": {
        "type": "Polygon",
        "coordinates": [
          [
            [
              64702,
              47575
            ],
            [
              66605,
              47575
            ],
            [
              66605,
              49478
            ],
            [
              64702,
              49478
            ],
            [
              64702,
              47575
            ]
          ]
        ]
      },
      "properties": {
        "objectType": "annotation",
        "classification": {
          "name": "vessel_h",
          "color": [
            128,
            0,
            128
          ]
        },
        "isLocked": false
      }
    },
    {
      "type": "Feature",
      "id": "patch_66605_47575",
      "geometry": {
        "type": "Polygon",
        "coordinates": [
          [
            [
              66605,
              47575
            ],
            [
              68508,
              47575
            ],
            [
              68508,
              49478
            ],
            [
              66605,
              49478
            ],
            [
              66605,
              47575
            ]
          ]
        ]
      },
      "properties": {
        "objectType": "annotation",
        "classification": {
          "name": "background_h",
          "color": [
            0,
            0,
            255
          ]
        },
        "isLocked": false
      }
    },
    {
      "type": "Feature",
      "id": "patch_68508_47575",
      "geometry": {
        "type": "Polygon",
        "coordinates": [
          [
            [
              68508,
              47575
            ],
            [
              70411,
              47575
            ],
            [
              70411,
              49478
            ],
            [
              68508,
              49478
            ],
            [
              68508,
              47575
            ]
          ]
        ]
      },
      "properties": {
        "objectType": "annotation",
        "classification": {
          "name": "background_h",
          "color": [
            0,
            0,
            255
          ]
        },
        "isLocked": false
      }
    },
    {
      "type": "Feature",
      "id": "patch_70411_47575",
      "geometry": {
        "type": "Polygon",
        "coordinates": [
          [
            [
              70411,
              47575
            ],
            [
              72314,
              47575
            ],
            [
              72314,
              49478
            ],
            [
              70411,
              49478
            ],
            [
              70411,
              47575
            ]
          ]
        ]
      },
      "properties": {
        "objectType": "annotation",
        "classification": {
          "name": "vessel_h",
          "color": [
            128,
            0,
            128
          ]
        },
        "isLocked": false
      }
    },
    {
      "type": "Feature",
      "id": "patch_72314_47575",
      "geometry": {
        "type": "Polygon",
        "coordinates": [
          [
            [
              72314,
              47575
            ],
            [
              74217,
              47575
            ],
            [
              74217,
              49478
            ],
            [
              72314,
              49478
            ],
            [
              72314,
              47575
            ]
          ]
        ]
      },
      "properties": {
        "objectType": "annotation",
        "classification": {
          "name": "background_e",
          "color": [
            255,
            182,
            193
          ]
        },
        "isLocked": false
      }
    },
    {
      "type": "Feature",
      "id": "patch_74217_47575",
      "geometry": {
        "type": "Polygon",
        "coordinates": [
          [
            [
              74217,
              47575
            ],
            [
              76120,
              47575
            ],
            [
              76120,
              49478
            ],
            [
              74217,
              49478
            ],
            [
              74217,
              47575
            ]
          ]
        ]
      },
      "properties": {
        "objectType": "annotation",
        "classification": {
          "name": "background_e",
          "color": [
            255,
            182,
            193
          ]
        },
        "isLocked": false
      }
    },
    {
      "type": "Feature",
      "id": "patch_76120_47575",
      "geometry": {
        "type": "Polygon",
        "coordinates": [
          [
            [
              76120,
              47575
            ],
            [
              78023,
              47575
            ],
            [
              78023,
              49478
            ],
            [
              76120,
              49478
            ],
            [
              76120,
              47575
            ]
          ]
        ]
      },
      "properties": {
        "objectType": "annotation",
        "classification": {
          "name": "background_e",
          "color": [
            255,
            182,
            193
          ]
        },
        "isLocked": false
      }
    },
    {
      "type": "Feature",
      "id": "patch_78023_47575",
      "geometry": {
        "type": "Polygon",
        "coordinates": [
          [
            [
              78023,
              47575
            ],
            [
              79926,
              47575
            ],
            [
              79926,
              49478
            ],
            [
              78023,
              49478
            ],
            [
              78023,
              47575
            ]
          ]
        ]
      },
      "properties": {
        "objectType": "annotation",
        "classification": {
          "name": "background_e",
          "color": [
            255,
            182,
            193
          ]
        },
        "isLocked": false
      }
    },
    {
      "type": "Feature",
      "id": "patch_79926_47575",
      "geometry": {
        "type": "Polygon",
        "coordinates": [
          [
            [
              79926,
              47575
            ],
            [
              81829,
              47575
            ],
            [
              81829,
              49478
            ],
            [
              79926,
              49478
            ],
            [
              79926,
              47575
            ]
          ]
        ]
      },
      "properties": {
        "objectType": "annotation",
        "classification": {
          "name": "vessel_e",
          "color": [
            255,
            0,
            0
          ]
        },
        "isLocked": false
      }
    },
    {
      "type": "Feature",
      "id": "patch_81829_47575",
      "geometry": {
        "type": "Polygon",
        "coordinates": [
          [
            [
              81829,
              47575
            ],
            [
              83732,
              47575
            ],
            [
              83732,
              49478
            ],
            [
              81829,
              49478
            ],
            [
              81829,
              47575
            ]
          ]
        ]
      },
      "properties": {
        "objectType": "annotation",
        "classification": {
          "name": "background_e",
          "color": [
            255,
            182,
            193
          ]
        },
        "isLocked": false
      }
    },
    {
      "type": "Feature",
      "id": "patch_83732_47575",
      "geometry": {
        "type": "Polygon",
        "coordinates": [
          [
            [
              83732,
              47575
            ],
            [
              85635,
              47575
            ],
            [
              85635,
              49478
            ],
            [
              83732,
              49478
            ],
            [
              83732,
              47575
            ]
          ]
        ]
      },
      "properties": {
        "objectType": "annotation",
        "classification": {
          "name": "background_e",
          "color": [
            255,
            182,
            193
          ]
        },
        "isLocked": false
      }
    },
    {
      "type": "Feature",
      "id": "patch_85635_47575",
      "geometry": {
        "type": "Polygon",
        "coordinates": [
          [
            [
              85635,
              47575
            ],
            [
              87538,
              47575
            ],
            [
              87538,
              49478
            ],
            [
              85635,
              49478
            ],
            [
              85635,
              47575
            ]
          ]
        ]
      },
      "properties": {
        "objectType": "annotation",
        "classification": {
          "name": "white",
          "color": [
            200,
            200,
            200
          ]
        },
        "isLocked": false
      }
    },
    {
      "type": "Feature",
      "id": "patch_19030_49478",
      "geometry": {
        "type": "Polygon",
        "coordinates": [
          [
            [
              19030,
              49478
            ],
            [
              20933,
              49478
            ],
            [
              20933,
              51381
            ],
            [
              19030,
              51381
            ],
            [
              19030,
              49478
            ]
          ]
        ]
      },
      "properties": {
        "objectType": "annotation",
        "classification": {
          "name": "vessel_h",
          "color": [
            128,
            0,
            128
          ]
        },
        "isLocked": false
      }
    },
    {
      "type": "Feature",
      "id": "patch_20933_49478",
      "geometry": {
        "type": "Polygon",
        "coordinates": [
          [
            [
              20933,
              49478
            ],
            [
              22836,
              49478
            ],
            [
              22836,
              51381
            ],
            [
              20933,
              51381
            ],
            [
              20933,
              49478
            ]
          ]
        ]
      },
      "properties": {
        "objectType": "annotation",
        "classification": {
          "name": "background_h",
          "color": [
            0,
            0,
            255
          ]
        },
        "isLocked": false
      }
    },
    {
      "type": "Feature",
      "id": "patch_22836_49478",
      "geometry": {
        "type": "Polygon",
        "coordinates": [
          [
            [
              22836,
              49478
            ],
            [
              24739,
              49478
            ],
            [
              24739,
              51381
            ],
            [
              22836,
              51381
            ],
            [
              22836,
              49478
            ]
          ]
        ]
      },
      "properties": {
        "objectType": "annotation",
        "classification": {
          "name": "background_h",
          "color": [
            0,
            0,
            255
          ]
        },
        "isLocked": false
      }
    },
    {
      "type": "Feature",
      "id": "patch_24739_49478",
      "geometry": {
        "type": "Polygon",
        "coordinates": [
          [
            [
              24739,
              49478
            ],
            [
              26642,
              49478
            ],
            [
              26642,
              51381
            ],
            [
              24739,
              51381
            ],
            [
              24739,
              49478
            ]
          ]
        ]
      },
      "properties": {
        "objectType": "annotation",
        "classification": {
          "name": "background_h",
          "color": [
            0,
            0,
            255
          ]
        },
        "isLocked": false
      }
    },
    {
      "type": "Feature",
      "id": "patch_26642_49478",
      "geometry": {
        "type": "Polygon",
        "coordinates": [
          [
            [
              26642,
              49478
            ],
            [
              28545,
              49478
            ],
            [
              28545,
              51381
            ],
            [
              26642,
              51381
            ],
            [
              26642,
              49478
            ]
          ]
        ]
      },
      "properties": {
        "objectType": "annotation",
        "classification": {
          "name": "background_h",
          "color": [
            0,
            0,
            255
          ]
        },
        "isLocked": false
      }
    },
    {
      "type": "Feature",
      "id": "patch_28545_49478",
      "geometry": {
        "type": "Polygon",
        "coordinates": [
          [
            [
              28545,
              49478
            ],
            [
              30448,
              49478
            ],
            [
              30448,
              51381
            ],
            [
              28545,
              51381
            ],
            [
              28545,
              49478
            ]
          ]
        ]
      },
      "properties": {
        "objectType": "annotation",
        "classification": {
          "name": "background_h",
          "color": [
            0,
            0,
            255
          ]
        },
        "isLocked": false
      }
    },
    {
      "type": "Feature",
      "id": "patch_30448_49478",
      "geometry": {
        "type": "Polygon",
        "coordinates": [
          [
            [
              30448,
              49478
            ],
            [
              32351,
              49478
            ],
            [
              32351,
              51381
            ],
            [
              30448,
              51381
            ],
            [
              30448,
              49478
            ]
          ]
        ]
      },
      "properties": {
        "objectType": "annotation",
        "classification": {
          "name": "background_h",
          "color": [
            0,
            0,
            255
          ]
        },
        "isLocked": false
      }
    },
    {
      "type": "Feature",
      "id": "patch_32351_49478",
      "geometry": {
        "type": "Polygon",
        "coordinates": [
          [
            [
              32351,
              49478
            ],
            [
              34254,
              49478
            ],
            [
              34254,
              51381
            ],
            [
              32351,
              51381
            ],
            [
              32351,
              49478
            ]
          ]
        ]
      },
      "properties": {
        "objectType": "annotation",
        "classification": {
          "name": "background_h",
          "color": [
            0,
            0,
            255
          ]
        },
        "isLocked": false
      }
    },
    {
      "type": "Feature",
      "id": "patch_34254_49478",
      "geometry": {
        "type": "Polygon",
        "coordinates": [
          [
            [
              34254,
              49478
            ],
            [
              36157,
              49478
            ],
            [
              36157,
              51381
            ],
            [
              34254,
              51381
            ],
            [
              34254,
              49478
            ]
          ]
        ]
      },
      "properties": {
        "objectType": "annotation",
        "classification": {
          "name": "background_h",
          "color": [
            0,
            0,
            255
          ]
        },
        "isLocked": false
      }
    },
    {
      "type": "Feature",
      "id": "patch_36157_49478",
      "geometry": {
        "type": "Polygon",
        "coordinates": [
          [
            [
              36157,
              49478
            ],
            [
              38060,
              49478
            ],
            [
              38060,
              51381
            ],
            [
              36157,
              51381
            ],
            [
              36157,
              49478
            ]
          ]
        ]
      },
      "properties": {
        "objectType": "annotation",
        "classification": {
          "name": "background_h",
          "color": [
            0,
            0,
            255
          ]
        },
        "isLocked": false
      }
    },
    {
      "type": "Feature",
      "id": "patch_38060_49478",
      "geometry": {
        "type": "Polygon",
        "coordinates": [
          [
            [
              38060,
              49478
            ],
            [
              39963,
              49478
            ],
            [
              39963,
              51381
            ],
            [
              38060,
              51381
            ],
            [
              38060,
              49478
            ]
          ]
        ]
      },
      "properties": {
        "objectType": "annotation",
        "classification": {
          "name": "vessel_h",
          "color": [
            128,
            0,
            128
          ]
        },
        "isLocked": false
      }
    },
    {
      "type": "Feature",
      "id": "patch_39963_49478",
      "geometry": {
        "type": "Polygon",
        "coordinates": [
          [
            [
              39963,
              49478
            ],
            [
              41866,
              49478
            ],
            [
              41866,
              51381
            ],
            [
              39963,
              51381
            ],
            [
              39963,
              49478
            ]
          ]
        ]
      },
      "properties": {
        "objectType": "annotation",
        "classification": {
          "name": "background_h",
          "color": [
            0,
            0,
            255
          ]
        },
        "isLocked": false
      }
    },
    {
      "type": "Feature",
      "id": "patch_41866_49478",
      "geometry": {
        "type": "Polygon",
        "coordinates": [
          [
            [
              41866,
              49478
            ],
            [
              43769,
              49478
            ],
            [
              43769,
              51381
            ],
            [
              41866,
              51381
            ],
            [
              41866,
              49478
            ]
          ]
        ]
      },
      "properties": {
        "objectType": "annotation",
        "classification": {
          "name": "background_h",
          "color": [
            0,
            0,
            255
          ]
        },
        "isLocked": false
      }
    },
    {
      "type": "Feature",
      "id": "patch_43769_49478",
      "geometry": {
        "type": "Polygon",
        "coordinates": [
          [
            [
              43769,
              49478
            ],
            [
              45672,
              49478
            ],
            [
              45672,
              51381
            ],
            [
              43769,
              51381
            ],
            [
              43769,
              49478
            ]
          ]
        ]
      },
      "properties": {
        "objectType": "annotation",
        "classification": {
          "name": "background_h",
          "color": [
            0,
            0,
            255
          ]
        },
        "isLocked": false
      }
    },
    {
      "type": "Feature",
      "id": "patch_45672_49478",
      "geometry": {
        "type": "Polygon",
        "coordinates": [
          [
            [
              45672,
              49478
            ],
            [
              47575,
              49478
            ],
            [
              47575,
              51381
            ],
            [
              45672,
              51381
            ],
            [
              45672,
              49478
            ]
          ]
        ]
      },
      "properties": {
        "objectType": "annotation",
        "classification": {
          "name": "vessel_h",
          "color": [
            128,
            0,
            128
          ]
        },
        "isLocked": false
      }
    },
    {
      "type": "Feature",
      "id": "patch_47575_49478",
      "geometry": {
        "type": "Polygon",
        "coordinates": [
          [
            [
              47575,
              49478
            ],
            [
              49478,
              49478
            ],
            [
              49478,
              51381
            ],
            [
              47575,
              51381
            ],
            [
              47575,
              49478
            ]
          ]
        ]
      },
      "properties": {
        "objectType": "annotation",
        "classification": {
          "name": "background_h",
          "color": [
            0,
            0,
            255
          ]
        },
        "isLocked": false
      }
    },
    {
      "type": "Feature",
      "id": "patch_49478_49478",
      "geometry": {
        "type": "Polygon",
        "coordinates": [
          [
            [
              49478,
              49478
            ],
            [
              51381,
              49478
            ],
            [
              51381,
              51381
            ],
            [
              49478,
              51381
            ],
            [
              49478,
              49478
            ]
          ]
        ]
      },
      "properties": {
        "objectType": "annotation",
        "classification": {
          "name": "background_h",
          "color": [
            0,
            0,
            255
          ]
        },
        "isLocked": false
      }
    },
    {
      "type": "Feature",
      "id": "patch_51381_49478",
      "geometry": {
        "type": "Polygon",
        "coordinates": [
          [
            [
              51381,
              49478
            ],
            [
              53284,
              49478
            ],
            [
              53284,
              51381
            ],
            [
              51381,
              51381
            ],
            [
              51381,
              49478
            ]
          ]
        ]
      },
      "properties": {
        "objectType": "annotation",
        "classification": {
          "name": "background_h",
          "color": [
            0,
            0,
            255
          ]
        },
        "isLocked": false
      }
    },
    {
      "type": "Feature",
      "id": "patch_53284_49478",
      "geometry": {
        "type": "Polygon",
        "coordinates": [
          [
            [
              53284,
              49478
            ],
            [
              55187,
              49478
            ],
            [
              55187,
              51381
            ],
            [
              53284,
              51381
            ],
            [
              53284,
              49478
            ]
          ]
        ]
      },
      "properties": {
        "objectType": "annotation",
        "classification": {
          "name": "background_h",
          "color": [
            0,
            0,
            255
          ]
        },
        "isLocked": false
      }
    },
    {
      "type": "Feature",
      "id": "patch_55187_49478",
      "geometry": {
        "type": "Polygon",
        "coordinates": [
          [
            [
              55187,
              49478
            ],
            [
              57090,
              49478
            ],
            [
              57090,
              51381
            ],
            [
              55187,
              51381
            ],
            [
              55187,
              49478
            ]
          ]
        ]
      },
      "properties": {
        "objectType": "annotation",
        "classification": {
          "name": "background_h",
          "color": [
            0,
            0,
            255
          ]
        },
        "isLocked": false
      }
    },
    {
      "type": "Feature",
      "id": "patch_57090_49478",
      "geometry": {
        "type": "Polygon",
        "coordinates": [
          [
            [
              57090,
              49478
            ],
            [
              58993,
              49478
            ],
            [
              58993,
              51381
            ],
            [
              57090,
              51381
            ],
            [
              57090,
              49478
            ]
          ]
        ]
      },
      "properties": {
        "objectType": "annotation",
        "classification": {
          "name": "background_h",
          "color": [
            0,
            0,
            255
          ]
        },
        "isLocked": false
      }
    },
    {
      "type": "Feature",
      "id": "patch_58993_49478",
      "geometry": {
        "type": "Polygon",
        "coordinates": [
          [
            [
              58993,
              49478
            ],
            [
              60896,
              49478
            ],
            [
              60896,
              51381
            ],
            [
              58993,
              51381
            ],
            [
              58993,
              49478
            ]
          ]
        ]
      },
      "properties": {
        "objectType": "annotation",
        "classification": {
          "name": "background_h",
          "color": [
            0,
            0,
            255
          ]
        },
        "isLocked": false
      }
    },
    {
      "type": "Feature",
      "id": "patch_60896_49478",
      "geometry": {
        "type": "Polygon",
        "coordinates": [
          [
            [
              60896,
              49478
            ],
            [
              62799,
              49478
            ],
            [
              62799,
              51381
            ],
            [
              60896,
              51381
            ],
            [
              60896,
              49478
            ]
          ]
        ]
      },
      "properties": {
        "objectType": "annotation",
        "classification": {
          "name": "background_h",
          "color": [
            0,
            0,
            255
          ]
        },
        "isLocked": false
      }
    },
    {
      "type": "Feature",
      "id": "patch_62799_49478",
      "geometry": {
        "type": "Polygon",
        "coordinates": [
          [
            [
              62799,
              49478
            ],
            [
              64702,
              49478
            ],
            [
              64702,
              51381
            ],
            [
              62799,
              51381
            ],
            [
              62799,
              49478
            ]
          ]
        ]
      },
      "properties": {
        "objectType": "annotation",
        "classification": {
          "name": "vessel_h",
          "color": [
            128,
            0,
            128
          ]
        },
        "isLocked": false
      }
    },
    {
      "type": "Feature",
      "id": "patch_64702_49478",
      "geometry": {
        "type": "Polygon",
        "coordinates": [
          [
            [
              64702,
              49478
            ],
            [
              66605,
              49478
            ],
            [
              66605,
              51381
            ],
            [
              64702,
              51381
            ],
            [
              64702,
              49478
            ]
          ]
        ]
      },
      "properties": {
        "objectType": "annotation",
        "classification": {
          "name": "background_h",
          "color": [
            0,
            0,
            255
          ]
        },
        "isLocked": false
      }
    },
    {
      "type": "Feature",
      "id": "patch_66605_49478",
      "geometry": {
        "type": "Polygon",
        "coordinates": [
          [
            [
              66605,
              49478
            ],
            [
              68508,
              49478
            ],
            [
              68508,
              51381
            ],
            [
              66605,
              51381
            ],
            [
              66605,
              49478
            ]
          ]
        ]
      },
      "properties": {
        "objectType": "annotation",
        "classification": {
          "name": "background_h",
          "color": [
            0,
            0,
            255
          ]
        },
        "isLocked": false
      }
    },
    {
      "type": "Feature",
      "id": "patch_68508_49478",
      "geometry": {
        "type": "Polygon",
        "coordinates": [
          [
            [
              68508,
              49478
            ],
            [
              70411,
              49478
            ],
            [
              70411,
              51381
            ],
            [
              68508,
              51381
            ],
            [
              68508,
              49478
            ]
          ]
        ]
      },
      "properties": {
        "objectType": "annotation",
        "classification": {
          "name": "background_h",
          "color": [
            0,
            0,
            255
          ]
        },
        "isLocked": false
      }
    },
    {
      "type": "Feature",
      "id": "patch_70411_49478",
      "geometry": {
        "type": "Polygon",
        "coordinates": [
          [
            [
              70411,
              49478
            ],
            [
              72314,
              49478
            ],
            [
              72314,
              51381
            ],
            [
              70411,
              51381
            ],
            [
              70411,
              49478
            ]
          ]
        ]
      },
      "properties": {
        "objectType": "annotation",
        "classification": {
          "name": "vessel_h",
          "color": [
            128,
            0,
            128
          ]
        },
        "isLocked": false
      }
    },
    {
      "type": "Feature",
      "id": "patch_72314_49478",
      "geometry": {
        "type": "Polygon",
        "coordinates": [
          [
            [
              72314,
              49478
            ],
            [
              74217,
              49478
            ],
            [
              74217,
              51381
            ],
            [
              72314,
              51381
            ],
            [
              72314,
              49478
            ]
          ]
        ]
      },
      "properties": {
        "objectType": "annotation",
        "classification": {
          "name": "background_h",
          "color": [
            0,
            0,
            255
          ]
        },
        "isLocked": false
      }
    },
    {
      "type": "Feature",
      "id": "patch_74217_49478",
      "geometry": {
        "type": "Polygon",
        "coordinates": [
          [
            [
              74217,
              49478
            ],
            [
              76120,
              49478
            ],
            [
              76120,
              51381
            ],
            [
              74217,
              51381
            ],
            [
              74217,
              49478
            ]
          ]
        ]
      },
      "properties": {
        "objectType": "annotation",
        "classification": {
          "name": "vessel_e",
          "color": [
            255,
            0,
            0
          ]
        },
        "isLocked": false
      }
    },
    {
      "type": "Feature",
      "id": "patch_76120_49478",
      "geometry": {
        "type": "Polygon",
        "coordinates": [
          [
            [
              76120,
              49478
            ],
            [
              78023,
              49478
            ],
            [
              78023,
              51381
            ],
            [
              76120,
              51381
            ],
            [
              76120,
              49478
            ]
          ]
        ]
      },
      "properties": {
        "objectType": "annotation",
        "classification": {
          "name": "background_e",
          "color": [
            255,
            182,
            193
          ]
        },
        "isLocked": false
      }
    },
    {
      "type": "Feature",
      "id": "patch_78023_49478",
      "geometry": {
        "type": "Polygon",
        "coordinates": [
          [
            [
              78023,
              49478
            ],
            [
              79926,
              49478
            ],
            [
              79926,
              51381
            ],
            [
              78023,
              51381
            ],
            [
              78023,
              49478
            ]
          ]
        ]
      },
      "properties": {
        "objectType": "annotation",
        "classification": {
          "name": "background_e",
          "color": [
            255,
            182,
            193
          ]
        },
        "isLocked": false
      }
    },
    {
      "type": "Feature",
      "id": "patch_79926_49478",
      "geometry": {
        "type": "Polygon",
        "coordinates": [
          [
            [
              79926,
              49478
            ],
            [
              81829,
              49478
            ],
            [
              81829,
              51381
            ],
            [
              79926,
              51381
            ],
            [
              79926,
              49478
            ]
          ]
        ]
      },
      "properties": {
        "objectType": "annotation",
        "classification": {
          "name": "background_e",
          "color": [
            255,
            182,
            193
          ]
        },
        "isLocked": false
      }
    },
    {
      "type": "Feature",
      "id": "patch_81829_49478",
      "geometry": {
        "type": "Polygon",
        "coordinates": [
          [
            [
              81829,
              49478
            ],
            [
              83732,
              49478
            ],
            [
              83732,
              51381
            ],
            [
              81829,
              51381
            ],
            [
              81829,
              49478
            ]
          ]
        ]
      },
      "properties": {
        "objectType": "annotation",
        "classification": {
          "name": "background_e",
          "color": [
            255,
            182,
            193
          ]
        },
        "isLocked": false
      }
    },
    {
      "type": "Feature",
      "id": "patch_83732_49478",
      "geometry": {
        "type": "Polygon",
        "coordinates": [
          [
            [
              83732,
              49478
            ],
            [
              85635,
              49478
            ],
            [
              85635,
              51381
            ],
            [
              83732,
              51381
            ],
            [
              83732,
              49478
            ]
          ]
        ]
      },
      "properties": {
        "objectType": "annotation",
        "classification": {
          "name": "background_e",
          "color": [
            255,
            182,
            193
          ]
        },
        "isLocked": false
      }
    },
    {
      "type": "Feature",
      "id": "patch_19030_51381",
      "geometry": {
        "type": "Polygon",
        "coordinates": [
          [
            [
              19030,
              51381
            ],
            [
              20933,
              51381
            ],
            [
              20933,
              53284
            ],
            [
              19030,
              53284
            ],
            [
              19030,
              51381
            ]
          ]
        ]
      },
      "properties": {
        "objectType": "annotation",
        "classification": {
          "name": "background_h",
          "color": [
            0,
            0,
            255
          ]
        },
        "isLocked": false
      }
    },
    {
      "type": "Feature",
      "id": "patch_20933_51381",
      "geometry": {
        "type": "Polygon",
        "coordinates": [
          [
            [
              20933,
              51381
            ],
            [
              22836,
              51381
            ],
            [
              22836,
              53284
            ],
            [
              20933,
              53284
            ],
            [
              20933,
              51381
            ]
          ]
        ]
      },
      "properties": {
        "objectType": "annotation",
        "classification": {
          "name": "background_h",
          "color": [
            0,
            0,
            255
          ]
        },
        "isLocked": false
      }
    },
    {
      "type": "Feature",
      "id": "patch_22836_51381",
      "geometry": {
        "type": "Polygon",
        "coordinates": [
          [
            [
              22836,
              51381
            ],
            [
              24739,
              51381
            ],
            [
              24739,
              53284
            ],
            [
              22836,
              53284
            ],
            [
              22836,
              51381
            ]
          ]
        ]
      },
      "properties": {
        "objectType": "annotation",
        "classification": {
          "name": "vessel_h",
          "color": [
            128,
            0,
            128
          ]
        },
        "isLocked": false
      }
    },
    {
      "type": "Feature",
      "id": "patch_24739_51381",
      "geometry": {
        "type": "Polygon",
        "coordinates": [
          [
            [
              24739,
              51381
            ],
            [
              26642,
              51381
            ],
            [
              26642,
              53284
            ],
            [
              24739,
              53284
            ],
            [
              24739,
              51381
            ]
          ]
        ]
      },
      "properties": {
        "objectType": "annotation",
        "classification": {
          "name": "background_h",
          "color": [
            0,
            0,
            255
          ]
        },
        "isLocked": false
      }
    },
    {
      "type": "Feature",
      "id": "patch_26642_51381",
      "geometry": {
        "type": "Polygon",
        "coordinates": [
          [
            [
              26642,
              51381
            ],
            [
              28545,
              51381
            ],
            [
              28545,
              53284
            ],
            [
              26642,
              53284
            ],
            [
              26642,
              51381
            ]
          ]
        ]
      },
      "properties": {
        "objectType": "annotation",
        "classification": {
          "name": "background_h",
          "color": [
            0,
            0,
            255
          ]
        },
        "isLocked": false
      }
    },
    {
      "type": "Feature",
      "id": "patch_28545_51381",
      "geometry": {
        "type": "Polygon",
        "coordinates": [
          [
            [
              28545,
              51381
            ],
            [
              30448,
              51381
            ],
            [
              30448,
              53284
            ],
            [
              28545,
              53284
            ],
            [
              28545,
              51381
            ]
          ]
        ]
      },
      "properties": {
        "objectType": "annotation",
        "classification": {
          "name": "background_h",
          "color": [
            0,
            0,
            255
          ]
        },
        "isLocked": false
      }
    },
    {
      "type": "Feature",
      "id": "patch_30448_51381",
      "geometry": {
        "type": "Polygon",
        "coordinates": [
          [
            [
              30448,
              51381
            ],
            [
              32351,
              51381
            ],
            [
              32351,
              53284
            ],
            [
              30448,
              53284
            ],
            [
              30448,
              51381
            ]
          ]
        ]
      },
      "properties": {
        "objectType": "annotation",
        "classification": {
          "name": "vessel_h",
          "color": [
            128,
            0,
            128
          ]
        },
        "isLocked": false
      }
    },
    {
      "type": "Feature",
      "id": "patch_32351_51381",
      "geometry": {
        "type": "Polygon",
        "coordinates": [
          [
            [
              32351,
              51381
            ],
            [
              34254,
              51381
            ],
            [
              34254,
              53284
            ],
            [
              32351,
              53284
            ],
            [
              32351,
              51381
            ]
          ]
        ]
      },
      "properties": {
        "objectType": "annotation",
        "classification": {
          "name": "background_h",
          "color": [
            0,
            0,
            255
          ]
        },
        "isLocked": false
      }
    },
    {
      "type": "Feature",
      "id": "patch_34254_51381",
      "geometry": {
        "type": "Polygon",
        "coordinates": [
          [
            [
              34254,
              51381
            ],
            [
              36157,
              51381
            ],
            [
              36157,
              53284
            ],
            [
              34254,
              53284
            ],
            [
              34254,
              51381
            ]
          ]
        ]
      },
      "properties": {
        "objectType": "annotation",
        "classification": {
          "name": "vessel_h",
          "color": [
            128,
            0,
            128
          ]
        },
        "isLocked": false
      }
    },
    {
      "type": "Feature",
      "id": "patch_36157_51381",
      "geometry": {
        "type": "Polygon",
        "coordinates": [
          [
            [
              36157,
              51381
            ],
            [
              38060,
              51381
            ],
            [
              38060,
              53284
            ],
            [
              36157,
              53284
            ],
            [
              36157,
              51381
            ]
          ]
        ]
      },
      "properties": {
        "objectType": "annotation",
        "classification": {
          "name": "background_h",
          "color": [
            0,
            0,
            255
          ]
        },
        "isLocked": false
      }
    },
    {
      "type": "Feature",
      "id": "patch_38060_51381",
      "geometry": {
        "type": "Polygon",
        "coordinates": [
          [
            [
              38060,
              51381
            ],
            [
              39963,
              51381
            ],
            [
              39963,
              53284
            ],
            [
              38060,
              53284
            ],
            [
              38060,
              51381
            ]
          ]
        ]
      },
      "properties": {
        "objectType": "annotation",
        "classification": {
          "name": "background_h",
          "color": [
            0,
            0,
            255
          ]
        },
        "isLocked": false
      }
    },
    {
      "type": "Feature",
      "id": "patch_39963_51381",
      "geometry": {
        "type": "Polygon",
        "coordinates": [
          [
            [
              39963,
              51381
            ],
            [
              41866,
              51381
            ],
            [
              41866,
              53284
            ],
            [
              39963,
              53284
            ],
            [
              39963,
              51381
            ]
          ]
        ]
      },
      "properties": {
        "objectType": "annotation",
        "classification": {
          "name": "vessel_h",
          "color": [
            128,
            0,
            128
          ]
        },
        "isLocked": false
      }
    },
    {
      "type": "Feature",
      "id": "patch_41866_51381",
      "geometry": {
        "type": "Polygon",
        "coordinates": [
          [
            [
              41866,
              51381
            ],
            [
              43769,
              51381
            ],
            [
              43769,
              53284
            ],
            [
              41866,
              53284
            ],
            [
              41866,
              51381
            ]
          ]
        ]
      },
      "properties": {
        "objectType": "annotation",
        "classification": {
          "name": "vessel_h",
          "color": [
            128,
            0,
            128
          ]
        },
        "isLocked": false
      }
    },
    {
      "type": "Feature",
      "id": "patch_43769_51381",
      "geometry": {
        "type": "Polygon",
        "coordinates": [
          [
            [
              43769,
              51381
            ],
            [
              45672,
              51381
            ],
            [
              45672,
              53284
            ],
            [
              43769,
              53284
            ],
            [
              43769,
              51381
            ]
          ]
        ]
      },
      "properties": {
        "objectType": "annotation",
        "classification": {
          "name": "background_h",
          "color": [
            0,
            0,
            255
          ]
        },
        "isLocked": false
      }
    },
    {
      "type": "Feature",
      "id": "patch_45672_51381",
      "geometry": {
        "type": "Polygon",
        "coordinates": [
          [
            [
              45672,
              51381
            ],
            [
              47575,
              51381
            ],
            [
              47575,
              53284
            ],
            [
              45672,
              53284
            ],
            [
              45672,
              51381
            ]
          ]
        ]
      },
      "properties": {
        "objectType": "annotation",
        "classification": {
          "name": "vessel_h",
          "color": [
            128,
            0,
            128
          ]
        },
        "isLocked": false
      }
    },
    {
      "type": "Feature",
      "id": "patch_47575_51381",
      "geometry": {
        "type": "Polygon",
        "coordinates": [
          [
            [
              47575,
              51381
            ],
            [
              49478,
              51381
            ],
            [
              49478,
              53284
            ],
            [
              47575,
              53284
            ],
            [
              47575,
              51381
            ]
          ]
        ]
      },
      "properties": {
        "objectType": "annotation",
        "classification": {
          "name": "vessel_h",
          "color": [
            128,
            0,
            128
          ]
        },
        "isLocked": false
      }
    },
    {
      "type": "Feature",
      "id": "patch_49478_51381",
      "geometry": {
        "type": "Polygon",
        "coordinates": [
          [
            [
              49478,
              51381
            ],
            [
              51381,
              51381
            ],
            [
              51381,
              53284
            ],
            [
              49478,
              53284
            ],
            [
              49478,
              51381
            ]
          ]
        ]
      },
      "properties": {
        "objectType": "annotation",
        "classification": {
          "name": "vessel_h",
          "color": [
            128,
            0,
            128
          ]
        },
        "isLocked": false
      }
    },
    {
      "type": "Feature",
      "id": "patch_51381_51381",
      "geometry": {
        "type": "Polygon",
        "coordinates": [
          [
            [
              51381,
              51381
            ],
            [
              53284,
              51381
            ],
            [
              53284,
              53284
            ],
            [
              51381,
              53284
            ],
            [
              51381,
              51381
            ]
          ]
        ]
      },
      "properties": {
        "objectType": "annotation",
        "classification": {
          "name": "background_h",
          "color": [
            0,
            0,
            255
          ]
        },
        "isLocked": false
      }
    },
    {
      "type": "Feature",
      "id": "patch_53284_51381",
      "geometry": {
        "type": "Polygon",
        "coordinates": [
          [
            [
              53284,
              51381
            ],
            [
              55187,
              51381
            ],
            [
              55187,
              53284
            ],
            [
              53284,
              53284
            ],
            [
              53284,
              51381
            ]
          ]
        ]
      },
      "properties": {
        "objectType": "annotation",
        "classification": {
          "name": "vessel_h",
          "color": [
            128,
            0,
            128
          ]
        },
        "isLocked": false
      }
    },
    {
      "type": "Feature",
      "id": "patch_55187_51381",
      "geometry": {
        "type": "Polygon",
        "coordinates": [
          [
            [
              55187,
              51381
            ],
            [
              57090,
              51381
            ],
            [
              57090,
              53284
            ],
            [
              55187,
              53284
            ],
            [
              55187,
              51381
            ]
          ]
        ]
      },
      "properties": {
        "objectType": "annotation",
        "classification": {
          "name": "background_h",
          "color": [
            0,
            0,
            255
          ]
        },
        "isLocked": false
      }
    },
    {
      "type": "Feature",
      "id": "patch_57090_51381",
      "geometry": {
        "type": "Polygon",
        "coordinates": [
          [
            [
              57090,
              51381
            ],
            [
              58993,
              51381
            ],
            [
              58993,
              53284
            ],
            [
              57090,
              53284
            ],
            [
              57090,
              51381
            ]
          ]
        ]
      },
      "properties": {
        "objectType": "annotation",
        "classification": {
          "name": "vessel_h",
          "color": [
            128,
            0,
            128
          ]
        },
        "isLocked": false
      }
    },
    {
      "type": "Feature",
      "id": "patch_58993_51381",
      "geometry": {
        "type": "Polygon",
        "coordinates": [
          [
            [
              58993,
              51381
            ],
            [
              60896,
              51381
            ],
            [
              60896,
              53284
            ],
            [
              58993,
              53284
            ],
            [
              58993,
              51381
            ]
          ]
        ]
      },
      "properties": {
        "objectType": "annotation",
        "classification": {
          "name": "background_h",
          "color": [
            0,
            0,
            255
          ]
        },
        "isLocked": false
      }
    },
    {
      "type": "Feature",
      "id": "patch_60896_51381",
      "geometry": {
        "type": "Polygon",
        "coordinates": [
          [
            [
              60896,
              51381
            ],
            [
              62799,
              51381
            ],
            [
              62799,
              53284
            ],
            [
              60896,
              53284
            ],
            [
              60896,
              51381
            ]
          ]
        ]
      },
      "properties": {
        "objectType": "annotation",
        "classification": {
          "name": "background_h",
          "color": [
            0,
            0,
            255
          ]
        },
        "isLocked": false
      }
    },
    {
      "type": "Feature",
      "id": "patch_62799_51381",
      "geometry": {
        "type": "Polygon",
        "coordinates": [
          [
            [
              62799,
              51381
            ],
            [
              64702,
              51381
            ],
            [
              64702,
              53284
            ],
            [
              62799,
              53284
            ],
            [
              62799,
              51381
            ]
          ]
        ]
      },
      "properties": {
        "objectType": "annotation",
        "classification": {
          "name": "background_h",
          "color": [
            0,
            0,
            255
          ]
        },
        "isLocked": false
      }
    },
    {
      "type": "Feature",
      "id": "patch_64702_51381",
      "geometry": {
        "type": "Polygon",
        "coordinates": [
          [
            [
              64702,
              51381
            ],
            [
              66605,
              51381
            ],
            [
              66605,
              53284
            ],
            [
              64702,
              53284
            ],
            [
              64702,
              51381
            ]
          ]
        ]
      },
      "properties": {
        "objectType": "annotation",
        "classification": {
          "name": "background_h",
          "color": [
            0,
            0,
            255
          ]
        },
        "isLocked": false
      }
    },
    {
      "type": "Feature",
      "id": "patch_66605_51381",
      "geometry": {
        "type": "Polygon",
        "coordinates": [
          [
            [
              66605,
              51381
            ],
            [
              68508,
              51381
            ],
            [
              68508,
              53284
            ],
            [
              66605,
              53284
            ],
            [
              66605,
              51381
            ]
          ]
        ]
      },
      "properties": {
        "objectType": "annotation",
        "classification": {
          "name": "vessel_h",
          "color": [
            128,
            0,
            128
          ]
        },
        "isLocked": false
      }
    },
    {
      "type": "Feature",
      "id": "patch_68508_51381",
      "geometry": {
        "type": "Polygon",
        "coordinates": [
          [
            [
              68508,
              51381
            ],
            [
              70411,
              51381
            ],
            [
              70411,
              53284
            ],
            [
              68508,
              53284
            ],
            [
              68508,
              51381
            ]
          ]
        ]
      },
      "properties": {
        "objectType": "annotation",
        "classification": {
          "name": "background_h",
          "color": [
            0,
            0,
            255
          ]
        },
        "isLocked": false
      }
    },
    {
      "type": "Feature",
      "id": "patch_70411_51381",
      "geometry": {
        "type": "Polygon",
        "coordinates": [
          [
            [
              70411,
              51381
            ],
            [
              72314,
              51381
            ],
            [
              72314,
              53284
            ],
            [
              70411,
              53284
            ],
            [
              70411,
              51381
            ]
          ]
        ]
      },
      "properties": {
        "objectType": "annotation",
        "classification": {
          "name": "background_e",
          "color": [
            255,
            182,
            193
          ]
        },
        "isLocked": false
      }
    },
    {
      "type": "Feature",
      "id": "patch_72314_51381",
      "geometry": {
        "type": "Polygon",
        "coordinates": [
          [
            [
              72314,
              51381
            ],
            [
              74217,
              51381
            ],
            [
              74217,
              53284
            ],
            [
              72314,
              53284
            ],
            [
              72314,
              51381
            ]
          ]
        ]
      },
      "properties": {
        "objectType": "annotation",
        "classification": {
          "name": "background_e",
          "color": [
            255,
            182,
            193
          ]
        },
        "isLocked": false
      }
    },
    {
      "type": "Feature",
      "id": "patch_74217_51381",
      "geometry": {
        "type": "Polygon",
        "coordinates": [
          [
            [
              74217,
              51381
            ],
            [
              76120,
              51381
            ],
            [
              76120,
              53284
            ],
            [
              74217,
              53284
            ],
            [
              74217,
              51381
            ]
          ]
        ]
      },
      "properties": {
        "objectType": "annotation",
        "classification": {
          "name": "background_e",
          "color": [
            255,
            182,
            193
          ]
        },
        "isLocked": false
      }
    },
    {
      "type": "Feature",
      "id": "patch_76120_51381",
      "geometry": {
        "type": "Polygon",
        "coordinates": [
          [
            [
              76120,
              51381
            ],
            [
              78023,
              51381
            ],
            [
              78023,
              53284
            ],
            [
              76120,
              53284
            ],
            [
              76120,
              51381
            ]
          ]
        ]
      },
      "properties": {
        "objectType": "annotation",
        "classification": {
          "name": "background_e",
          "color": [
            255,
            182,
            193
          ]
        },
        "isLocked": false
      }
    },
    {
      "type": "Feature",
      "id": "patch_78023_51381",
      "geometry": {
        "type": "Polygon",
        "coordinates": [
          [
            [
              78023,
              51381
            ],
            [
              79926,
              51381
            ],
            [
              79926,
              53284
            ],
            [
              78023,
              53284
            ],
            [
              78023,
              51381
            ]
          ]
        ]
      },
      "properties": {
        "objectType": "annotation",
        "classification": {
          "name": "background_e",
          "color": [
            255,
            182,
            193
          ]
        },
        "isLocked": false
      }
    },
    {
      "type": "Feature",
      "id": "patch_79926_51381",
      "geometry": {
        "type": "Polygon",
        "coordinates": [
          [
            [
              79926,
              51381
            ],
            [
              81829,
              51381
            ],
            [
              81829,
              53284
            ],
            [
              79926,
              53284
            ],
            [
              79926,
              51381
            ]
          ]
        ]
      },
      "properties": {
        "objectType": "annotation",
        "classification": {
          "name": "vessel_e",
          "color": [
            255,
            0,
            0
          ]
        },
        "isLocked": false
      }
    },
    {
      "type": "Feature",
      "id": "patch_81829_51381",
      "geometry": {
        "type": "Polygon",
        "coordinates": [
          [
            [
              81829,
              51381
            ],
            [
              83732,
              51381
            ],
            [
              83732,
              53284
            ],
            [
              81829,
              53284
            ],
            [
              81829,
              51381
            ]
          ]
        ]
      },
      "properties": {
        "objectType": "annotation",
        "classification": {
          "name": "background_e",
          "color": [
            255,
            182,
            193
          ]
        },
        "isLocked": false
      }
    },
    {
      "type": "Feature",
      "id": "patch_83732_51381",
      "geometry": {
        "type": "Polygon",
        "coordinates": [
          [
            [
              83732,
              51381
            ],
            [
              85635,
              51381
            ],
            [
              85635,
              53284
            ],
            [
              83732,
              53284
            ],
            [
              83732,
              51381
            ]
          ]
        ]
      },
      "properties": {
        "objectType": "annotation",
        "classification": {
          "name": "background_e",
          "color": [
            255,
            182,
            193
          ]
        },
        "isLocked": false
      }
    },
    {
      "type": "Feature",
      "id": "patch_20933_53284",
      "geometry": {
        "type": "Polygon",
        "coordinates": [
          [
            [
              20933,
              53284
            ],
            [
              22836,
              53284
            ],
            [
              22836,
              55187
            ],
            [
              20933,
              55187
            ],
            [
              20933,
              53284
            ]
          ]
        ]
      },
      "properties": {
        "objectType": "annotation",
        "classification": {
          "name": "background_h",
          "color": [
            0,
            0,
            255
          ]
        },
        "isLocked": false
      }
    },
    {
      "type": "Feature",
      "id": "patch_22836_53284",
      "geometry": {
        "type": "Polygon",
        "coordinates": [
          [
            [
              22836,
              53284
            ],
            [
              24739,
              53284
            ],
            [
              24739,
              55187
            ],
            [
              22836,
              55187
            ],
            [
              22836,
              53284
            ]
          ]
        ]
      },
      "properties": {
        "objectType": "annotation",
        "classification": {
          "name": "vessel_h",
          "color": [
            128,
            0,
            128
          ]
        },
        "isLocked": false
      }
    },
    {
      "type": "Feature",
      "id": "patch_24739_53284",
      "geometry": {
        "type": "Polygon",
        "coordinates": [
          [
            [
              24739,
              53284
            ],
            [
              26642,
              53284
            ],
            [
              26642,
              55187
            ],
            [
              24739,
              55187
            ],
            [
              24739,
              53284
            ]
          ]
        ]
      },
      "properties": {
        "objectType": "annotation",
        "classification": {
          "name": "background_h",
          "color": [
            0,
            0,
            255
          ]
        },
        "isLocked": false
      }
    },
    {
      "type": "Feature",
      "id": "patch_26642_53284",
      "geometry": {
        "type": "Polygon",
        "coordinates": [
          [
            [
              26642,
              53284
            ],
            [
              28545,
              53284
            ],
            [
              28545,
              55187
            ],
            [
              26642,
              55187
            ],
            [
              26642,
              53284
            ]
          ]
        ]
      },
      "properties": {
        "objectType": "annotation",
        "classification": {
          "name": "background_h",
          "color": [
            0,
            0,
            255
          ]
        },
        "isLocked": false
      }
    },
    {
      "type": "Feature",
      "id": "patch_28545_53284",
      "geometry": {
        "type": "Polygon",
        "coordinates": [
          [
            [
              28545,
              53284
            ],
            [
              30448,
              53284
            ],
            [
              30448,
              55187
            ],
            [
              28545,
              55187
            ],
            [
              28545,
              53284
            ]
          ]
        ]
      },
      "properties": {
        "objectType": "annotation",
        "classification": {
          "name": "background_h",
          "color": [
            0,
            0,
            255
          ]
        },
        "isLocked": false
      }
    },
    {
      "type": "Feature",
      "id": "patch_30448_53284",
      "geometry": {
        "type": "Polygon",
        "coordinates": [
          [
            [
              30448,
              53284
            ],
            [
              32351,
              53284
            ],
            [
              32351,
              55187
            ],
            [
              30448,
              55187
            ],
            [
              30448,
              53284
            ]
          ]
        ]
      },
      "properties": {
        "objectType": "annotation",
        "classification": {
          "name": "background_h",
          "color": [
            0,
            0,
            255
          ]
        },
        "isLocked": false
      }
    },
    {
      "type": "Feature",
      "id": "patch_32351_53284",
      "geometry": {
        "type": "Polygon",
        "coordinates": [
          [
            [
              32351,
              53284
            ],
            [
              34254,
              53284
            ],
            [
              34254,
              55187
            ],
            [
              32351,
              55187
            ],
            [
              32351,
              53284
            ]
          ]
        ]
      },
      "properties": {
        "objectType": "annotation",
        "classification": {
          "name": "vessel_h",
          "color": [
            128,
            0,
            128
          ]
        },
        "isLocked": false
      }
    },
    {
      "type": "Feature",
      "id": "patch_34254_53284",
      "geometry": {
        "type": "Polygon",
        "coordinates": [
          [
            [
              34254,
              53284
            ],
            [
              36157,
              53284
            ],
            [
              36157,
              55187
            ],
            [
              34254,
              55187
            ],
            [
              34254,
              53284
            ]
          ]
        ]
      },
      "properties": {
        "objectType": "annotation",
        "classification": {
          "name": "vessel_h",
          "color": [
            128,
            0,
            128
          ]
        },
        "isLocked": false
      }
    },
    {
      "type": "Feature",
      "id": "patch_36157_53284",
      "geometry": {
        "type": "Polygon",
        "coordinates": [
          [
            [
              36157,
              53284
            ],
            [
              38060,
              53284
            ],
            [
              38060,
              55187
            ],
            [
              36157,
              55187
            ],
            [
              36157,
              53284
            ]
          ]
        ]
      },
      "properties": {
        "objectType": "annotation",
        "classification": {
          "name": "vessel_h",
          "color": [
            128,
            0,
            128
          ]
        },
        "isLocked": false
      }
    },
    {
      "type": "Feature",
      "id": "patch_38060_53284",
      "geometry": {
        "type": "Polygon",
        "coordinates": [
          [
            [
              38060,
              53284
            ],
            [
              39963,
              53284
            ],
            [
              39963,
              55187
            ],
            [
              38060,
              55187
            ],
            [
              38060,
              53284
            ]
          ]
        ]
      },
      "properties": {
        "objectType": "annotation",
        "classification": {
          "name": "background_h",
          "color": [
            0,
            0,
            255
          ]
        },
        "isLocked": false
      }
    },
    {
      "type": "Feature",
      "id": "patch_39963_53284",
      "geometry": {
        "type": "Polygon",
        "coordinates": [
          [
            [
              39963,
              53284
            ],
            [
              41866,
              53284
            ],
            [
              41866,
              55187
            ],
            [
              39963,
              55187
            ],
            [
              39963,
              53284
            ]
          ]
        ]
      },
      "properties": {
        "objectType": "annotation",
        "classification": {
          "name": "background_h",
          "color": [
            0,
            0,
            255
          ]
        },
        "isLocked": false
      }
    },
    {
      "type": "Feature",
      "id": "patch_41866_53284",
      "geometry": {
        "type": "Polygon",
        "coordinates": [
          [
            [
              41866,
              53284
            ],
            [
              43769,
              53284
            ],
            [
              43769,
              55187
            ],
            [
              41866,
              55187
            ],
            [
              41866,
              53284
            ]
          ]
        ]
      },
      "properties": {
        "objectType": "annotation",
        "classification": {
          "name": "background_h",
          "color": [
            0,
            0,
            255
          ]
        },
        "isLocked": false
      }
    },
    {
      "type": "Feature",
      "id": "patch_43769_53284",
      "geometry": {
        "type": "Polygon",
        "coordinates": [
          [
            [
              43769,
              53284
            ],
            [
              45672,
              53284
            ],
            [
              45672,
              55187
            ],
            [
              43769,
              55187
            ],
            [
              43769,
              53284
            ]
          ]
        ]
      },
      "properties": {
        "objectType": "annotation",
        "classification": {
          "name": "background_h",
          "color": [
            0,
            0,
            255
          ]
        },
        "isLocked": false
      }
    },
    {
      "type": "Feature",
      "id": "patch_45672_53284",
      "geometry": {
        "type": "Polygon",
        "coordinates": [
          [
            [
              45672,
              53284
            ],
            [
              47575,
              53284
            ],
            [
              47575,
              55187
            ],
            [
              45672,
              55187
            ],
            [
              45672,
              53284
            ]
          ]
        ]
      },
      "properties": {
        "objectType": "annotation",
        "classification": {
          "name": "background_h",
          "color": [
            0,
            0,
            255
          ]
        },
        "isLocked": false
      }
    },
    {
      "type": "Feature",
      "id": "patch_47575_53284",
      "geometry": {
        "type": "Polygon",
        "coordinates": [
          [
            [
              47575,
              53284
            ],
            [
              49478,
              53284
            ],
            [
              49478,
              55187
            ],
            [
              47575,
              55187
            ],
            [
              47575,
              53284
            ]
          ]
        ]
      },
      "properties": {
        "objectType": "annotation",
        "classification": {
          "name": "background_h",
          "color": [
            0,
            0,
            255
          ]
        },
        "isLocked": false
      }
    },
    {
      "type": "Feature",
      "id": "patch_49478_53284",
      "geometry": {
        "type": "Polygon",
        "coordinates": [
          [
            [
              49478,
              53284
            ],
            [
              51381,
              53284
            ],
            [
              51381,
              55187
            ],
            [
              49478,
              55187
            ],
            [
              49478,
              53284
            ]
          ]
        ]
      },
      "properties": {
        "objectType": "annotation",
        "classification": {
          "name": "background_h",
          "color": [
            0,
            0,
            255
          ]
        },
        "isLocked": false
      }
    },
    {
      "type": "Feature",
      "id": "patch_51381_53284",
      "geometry": {
        "type": "Polygon",
        "coordinates": [
          [
            [
              51381,
              53284
            ],
            [
              53284,
              53284
            ],
            [
              53284,
              55187
            ],
            [
              51381,
              55187
            ],
            [
              51381,
              53284
            ]
          ]
        ]
      },
      "properties": {
        "objectType": "annotation",
        "classification": {
          "name": "background_h",
          "color": [
            0,
            0,
            255
          ]
        },
        "isLocked": false
      }
    },
    {
      "type": "Feature",
      "id": "patch_53284_53284",
      "geometry": {
        "type": "Polygon",
        "coordinates": [
          [
            [
              53284,
              53284
            ],
            [
              55187,
              53284
            ],
            [
              55187,
              55187
            ],
            [
              53284,
              55187
            ],
            [
              53284,
              53284
            ]
          ]
        ]
      },
      "properties": {
        "objectType": "annotation",
        "classification": {
          "name": "background_h",
          "color": [
            0,
            0,
            255
          ]
        },
        "isLocked": false
      }
    },
    {
      "type": "Feature",
      "id": "patch_55187_53284",
      "geometry": {
        "type": "Polygon",
        "coordinates": [
          [
            [
              55187,
              53284
            ],
            [
              57090,
              53284
            ],
            [
              57090,
              55187
            ],
            [
              55187,
              55187
            ],
            [
              55187,
              53284
            ]
          ]
        ]
      },
      "properties": {
        "objectType": "annotation",
        "classification": {
          "name": "background_h",
          "color": [
            0,
            0,
            255
          ]
        },
        "isLocked": false
      }
    },
    {
      "type": "Feature",
      "id": "patch_57090_53284",
      "geometry": {
        "type": "Polygon",
        "coordinates": [
          [
            [
              57090,
              53284
            ],
            [
              58993,
              53284
            ],
            [
              58993,
              55187
            ],
            [
              57090,
              55187
            ],
            [
              57090,
              53284
            ]
          ]
        ]
      },
      "properties": {
        "objectType": "annotation",
        "classification": {
          "name": "background_h",
          "color": [
            0,
            0,
            255
          ]
        },
        "isLocked": false
      }
    },
    {
      "type": "Feature",
      "id": "patch_58993_53284",
      "geometry": {
        "type": "Polygon",
        "coordinates": [
          [
            [
              58993,
              53284
            ],
            [
              60896,
              53284
            ],
            [
              60896,
              55187
            ],
            [
              58993,
              55187
            ],
            [
              58993,
              53284
            ]
          ]
        ]
      },
      "properties": {
        "objectType": "annotation",
        "classification": {
          "name": "background_e",
          "color": [
            255,
            182,
            193
          ]
        },
        "isLocked": false
      }
    },
    {
      "type": "Feature",
      "id": "patch_60896_53284",
      "geometry": {
        "type": "Polygon",
        "coordinates": [
          [
            [
              60896,
              53284
            ],
            [
              62799,
              53284
            ],
            [
              62799,
              55187
            ],
            [
              60896,
              55187
            ],
            [
              60896,
              53284
            ]
          ]
        ]
      },
      "properties": {
        "objectType": "annotation",
        "classification": {
          "name": "vessel_e",
          "color": [
            255,
            0,
            0
          ]
        },
        "isLocked": false
      }
    },
    {
      "type": "Feature",
      "id": "patch_62799_53284",
      "geometry": {
        "type": "Polygon",
        "coordinates": [
          [
            [
              62799,
              53284
            ],
            [
              64702,
              53284
            ],
            [
              64702,
              55187
            ],
            [
              62799,
              55187
            ],
            [
              62799,
              53284
            ]
          ]
        ]
      },
      "properties": {
        "objectType": "annotation",
        "classification": {
          "name": "background_e",
          "color": [
            255,
            182,
            193
          ]
        },
        "isLocked": false
      }
    },
    {
      "type": "Feature",
      "id": "patch_64702_53284",
      "geometry": {
        "type": "Polygon",
        "coordinates": [
          [
            [
              64702,
              53284
            ],
            [
              66605,
              53284
            ],
            [
              66605,
              55187
            ],
            [
              64702,
              55187
            ],
            [
              64702,
              53284
            ]
          ]
        ]
      },
      "properties": {
        "objectType": "annotation",
        "classification": {
          "name": "background_e",
          "color": [
            255,
            182,
            193
          ]
        },
        "isLocked": false
      }
    },
    {
      "type": "Feature",
      "id": "patch_66605_53284",
      "geometry": {
        "type": "Polygon",
        "coordinates": [
          [
            [
              66605,
              53284
            ],
            [
              68508,
              53284
            ],
            [
              68508,
              55187
            ],
            [
              66605,
              55187
            ],
            [
              66605,
              53284
            ]
          ]
        ]
      },
      "properties": {
        "objectType": "annotation",
        "classification": {
          "name": "background_e",
          "color": [
            255,
            182,
            193
          ]
        },
        "isLocked": false
      }
    },
    {
      "type": "Feature",
      "id": "patch_68508_53284",
      "geometry": {
        "type": "Polygon",
        "coordinates": [
          [
            [
              68508,
              53284
            ],
            [
              70411,
              53284
            ],
            [
              70411,
              55187
            ],
            [
              68508,
              55187
            ],
            [
              68508,
              53284
            ]
          ]
        ]
      },
      "properties": {
        "objectType": "annotation",
        "classification": {
          "name": "background_e",
          "color": [
            255,
            182,
            193
          ]
        },
        "isLocked": false
      }
    },
    {
      "type": "Feature",
      "id": "patch_70411_53284",
      "geometry": {
        "type": "Polygon",
        "coordinates": [
          [
            [
              70411,
              53284
            ],
            [
              72314,
              53284
            ],
            [
              72314,
              55187
            ],
            [
              70411,
              55187
            ],
            [
              70411,
              53284
            ]
          ]
        ]
      },
      "properties": {
        "objectType": "annotation",
        "classification": {
          "name": "background_e",
          "color": [
            255,
            182,
            193
          ]
        },
        "isLocked": false
      }
    },
    {
      "type": "Feature",
      "id": "patch_72314_53284",
      "geometry": {
        "type": "Polygon",
        "coordinates": [
          [
            [
              72314,
              53284
            ],
            [
              74217,
              53284
            ],
            [
              74217,
              55187
            ],
            [
              72314,
              55187
            ],
            [
              72314,
              53284
            ]
          ]
        ]
      },
      "properties": {
        "objectType": "annotation",
        "classification": {
          "name": "background_e",
          "color": [
            255,
            182,
            193
          ]
        },
        "isLocked": false
      }
    },
    {
      "type": "Feature",
      "id": "patch_74217_53284",
      "geometry": {
        "type": "Polygon",
        "coordinates": [
          [
            [
              74217,
              53284
            ],
            [
              76120,
              53284
            ],
            [
              76120,
              55187
            ],
            [
              74217,
              55187
            ],
            [
              74217,
              53284
            ]
          ]
        ]
      },
      "properties": {
        "objectType": "annotation",
        "classification": {
          "name": "vessel_e",
          "color": [
            255,
            0,
            0
          ]
        },
        "isLocked": false
      }
    },
    {
      "type": "Feature",
      "id": "patch_76120_53284",
      "geometry": {
        "type": "Polygon",
        "coordinates": [
          [
            [
              76120,
              53284
            ],
            [
              78023,
              53284
            ],
            [
              78023,
              55187
            ],
            [
              76120,
              55187
            ],
            [
              76120,
              53284
            ]
          ]
        ]
      },
      "properties": {
        "objectType": "annotation",
        "classification": {
          "name": "background_e",
          "color": [
            255,
            182,
            193
          ]
        },
        "isLocked": false
      }
    },
    {
      "type": "Feature",
      "id": "patch_78023_53284",
      "geometry": {
        "type": "Polygon",
        "coordinates": [
          [
            [
              78023,
              53284
            ],
            [
              79926,
              53284
            ],
            [
              79926,
              55187
            ],
            [
              78023,
              55187
            ],
            [
              78023,
              53284
            ]
          ]
        ]
      },
      "properties": {
        "objectType": "annotation",
        "classification": {
          "name": "background_e",
          "color": [
            255,
            182,
            193
          ]
        },
        "isLocked": false
      }
    },
    {
      "type": "Feature",
      "id": "patch_79926_53284",
      "geometry": {
        "type": "Polygon",
        "coordinates": [
          [
            [
              79926,
              53284
            ],
            [
              81829,
              53284
            ],
            [
              81829,
              55187
            ],
            [
              79926,
              55187
            ],
            [
              79926,
              53284
            ]
          ]
        ]
      },
      "properties": {
        "objectType": "annotation",
        "classification": {
          "name": "background_e",
          "color": [
            255,
            182,
            193
          ]
        },
        "isLocked": false
      }
    },
    {
      "type": "Feature",
      "id": "patch_81829_53284",
      "geometry": {
        "type": "Polygon",
        "coordinates": [
          [
            [
              81829,
              53284
            ],
            [
              83732,
              53284
            ],
            [
              83732,
              55187
            ],
            [
              81829,
              55187
            ],
            [
              81829,
              53284
            ]
          ]
        ]
      },
      "properties": {
        "objectType": "annotation",
        "classification": {
          "name": "background_e",
          "color": [
            255,
            182,
            193
          ]
        },
        "isLocked": false
      }
    },
    {
      "type": "Feature",
      "id": "patch_83732_53284",
      "geometry": {
        "type": "Polygon",
        "coordinates": [
          [
            [
              83732,
              53284
            ],
            [
              85635,
              53284
            ],
            [
              85635,
              55187
            ],
            [
              83732,
              55187
            ],
            [
              83732,
              53284
            ]
          ]
        ]
      },
      "properties": {
        "objectType": "annotation",
        "classification": {
          "name": "background_e",
          "color": [
            255,
            182,
            193
          ]
        },
        "isLocked": false
      }
    },
    {
      "type": "Feature",
      "id": "patch_20933_55187",
      "geometry": {
        "type": "Polygon",
        "coordinates": [
          [
            [
              20933,
              55187
            ],
            [
              22836,
              55187
            ],
            [
              22836,
              57090
            ],
            [
              20933,
              57090
            ],
            [
              20933,
              55187
            ]
          ]
        ]
      },
      "properties": {
        "objectType": "annotation",
        "classification": {
          "name": "background_e",
          "color": [
            255,
            182,
            193
          ]
        },
        "isLocked": false
      }
    },
    {
      "type": "Feature",
      "id": "patch_22836_55187",
      "geometry": {
        "type": "Polygon",
        "coordinates": [
          [
            [
              22836,
              55187
            ],
            [
              24739,
              55187
            ],
            [
              24739,
              57090
            ],
            [
              22836,
              57090
            ],
            [
              22836,
              55187
            ]
          ]
        ]
      },
      "properties": {
        "objectType": "annotation",
        "classification": {
          "name": "background_e",
          "color": [
            255,
            182,
            193
          ]
        },
        "isLocked": false
      }
    },
    {
      "type": "Feature",
      "id": "patch_24739_55187",
      "geometry": {
        "type": "Polygon",
        "coordinates": [
          [
            [
              24739,
              55187
            ],
            [
              26642,
              55187
            ],
            [
              26642,
              57090
            ],
            [
              24739,
              57090
            ],
            [
              24739,
              55187
            ]
          ]
        ]
      },
      "properties": {
        "objectType": "annotation",
        "classification": {
          "name": "background_h",
          "color": [
            0,
            0,
            255
          ]
        },
        "isLocked": false
      }
    },
    {
      "type": "Feature",
      "id": "patch_26642_55187",
      "geometry": {
        "type": "Polygon",
        "coordinates": [
          [
            [
              26642,
              55187
            ],
            [
              28545,
              55187
            ],
            [
              28545,
              57090
            ],
            [
              26642,
              57090
            ],
            [
              26642,
              55187
            ]
          ]
        ]
      },
      "properties": {
        "objectType": "annotation",
        "classification": {
          "name": "background_h",
          "color": [
            0,
            0,
            255
          ]
        },
        "isLocked": false
      }
    },
    {
      "type": "Feature",
      "id": "patch_28545_55187",
      "geometry": {
        "type": "Polygon",
        "coordinates": [
          [
            [
              28545,
              55187
            ],
            [
              30448,
              55187
            ],
            [
              30448,
              57090
            ],
            [
              28545,
              57090
            ],
            [
              28545,
              55187
            ]
          ]
        ]
      },
      "properties": {
        "objectType": "annotation",
        "classification": {
          "name": "background_h",
          "color": [
            0,
            0,
            255
          ]
        },
        "isLocked": false
      }
    },
    {
      "type": "Feature",
      "id": "patch_30448_55187",
      "geometry": {
        "type": "Polygon",
        "coordinates": [
          [
            [
              30448,
              55187
            ],
            [
              32351,
              55187
            ],
            [
              32351,
              57090
            ],
            [
              30448,
              57090
            ],
            [
              30448,
              55187
            ]
          ]
        ]
      },
      "properties": {
        "objectType": "annotation",
        "classification": {
          "name": "background_h",
          "color": [
            0,
            0,
            255
          ]
        },
        "isLocked": false
      }
    },
    {
      "type": "Feature",
      "id": "patch_32351_55187",
      "geometry": {
        "type": "Polygon",
        "coordinates": [
          [
            [
              32351,
              55187
            ],
            [
              34254,
              55187
            ],
            [
              34254,
              57090
            ],
            [
              32351,
              57090
            ],
            [
              32351,
              55187
            ]
          ]
        ]
      },
      "properties": {
        "objectType": "annotation",
        "classification": {
          "name": "background_h",
          "color": [
            0,
            0,
            255
          ]
        },
        "isLocked": false
      }
    },
    {
      "type": "Feature",
      "id": "patch_34254_55187",
      "geometry": {
        "type": "Polygon",
        "coordinates": [
          [
            [
              34254,
              55187
            ],
            [
              36157,
              55187
            ],
            [
              36157,
              57090
            ],
            [
              34254,
              57090
            ],
            [
              34254,
              55187
            ]
          ]
        ]
      },
      "properties": {
        "objectType": "annotation",
        "classification": {
          "name": "vessel_h",
          "color": [
            128,
            0,
            128
          ]
        },
        "isLocked": false
      }
    },
    {
      "type": "Feature",
      "id": "patch_36157_55187",
      "geometry": {
        "type": "Polygon",
        "coordinates": [
          [
            [
              36157,
              55187
            ],
            [
              38060,
              55187
            ],
            [
              38060,
              57090
            ],
            [
              36157,
              57090
            ],
            [
              36157,
              55187
            ]
          ]
        ]
      },
      "properties": {
        "objectType": "annotation",
        "classification": {
          "name": "background_h",
          "color": [
            0,
            0,
            255
          ]
        },
        "isLocked": false
      }
    },
    {
      "type": "Feature",
      "id": "patch_38060_55187",
      "geometry": {
        "type": "Polygon",
        "coordinates": [
          [
            [
              38060,
              55187
            ],
            [
              39963,
              55187
            ],
            [
              39963,
              57090
            ],
            [
              38060,
              57090
            ],
            [
              38060,
              55187
            ]
          ]
        ]
      },
      "properties": {
        "objectType": "annotation",
        "classification": {
          "name": "vessel_h",
          "color": [
            128,
            0,
            128
          ]
        },
        "isLocked": false
      }
    },
    {
      "type": "Feature",
      "id": "patch_39963_55187",
      "geometry": {
        "type": "Polygon",
        "coordinates": [
          [
            [
              39963,
              55187
            ],
            [
              41866,
              55187
            ],
            [
              41866,
              57090
            ],
            [
              39963,
              57090
            ],
            [
              39963,
              55187
            ]
          ]
        ]
      },
      "properties": {
        "objectType": "annotation",
        "classification": {
          "name": "vessel_h",
          "color": [
            128,
            0,
            128
          ]
        },
        "isLocked": false
      }
    },
    {
      "type": "Feature",
      "id": "patch_41866_55187",
      "geometry": {
        "type": "Polygon",
        "coordinates": [
          [
            [
              41866,
              55187
            ],
            [
              43769,
              55187
            ],
            [
              43769,
              57090
            ],
            [
              41866,
              57090
            ],
            [
              41866,
              55187
            ]
          ]
        ]
      },
      "properties": {
        "objectType": "annotation",
        "classification": {
          "name": "background_h",
          "color": [
            0,
            0,
            255
          ]
        },
        "isLocked": false
      }
    },
    {
      "type": "Feature",
      "id": "patch_43769_55187",
      "geometry": {
        "type": "Polygon",
        "coordinates": [
          [
            [
              43769,
              55187
            ],
            [
              45672,
              55187
            ],
            [
              45672,
              57090
            ],
            [
              43769,
              57090
            ],
            [
              43769,
              55187
            ]
          ]
        ]
      },
      "properties": {
        "objectType": "annotation",
        "classification": {
          "name": "background_h",
          "color": [
            0,
            0,
            255
          ]
        },
        "isLocked": false
      }
    },
    {
      "type": "Feature",
      "id": "patch_45672_55187",
      "geometry": {
        "type": "Polygon",
        "coordinates": [
          [
            [
              45672,
              55187
            ],
            [
              47575,
              55187
            ],
            [
              47575,
              57090
            ],
            [
              45672,
              57090
            ],
            [
              45672,
              55187
            ]
          ]
        ]
      },
      "properties": {
        "objectType": "annotation",
        "classification": {
          "name": "background_h",
          "color": [
            0,
            0,
            255
          ]
        },
        "isLocked": false
      }
    },
    {
      "type": "Feature",
      "id": "patch_47575_55187",
      "geometry": {
        "type": "Polygon",
        "coordinates": [
          [
            [
              47575,
              55187
            ],
            [
              49478,
              55187
            ],
            [
              49478,
              57090
            ],
            [
              47575,
              57090
            ],
            [
              47575,
              55187
            ]
          ]
        ]
      },
      "properties": {
        "objectType": "annotation",
        "classification": {
          "name": "background_h",
          "color": [
            0,
            0,
            255
          ]
        },
        "isLocked": false
      }
    },
    {
      "type": "Feature",
      "id": "patch_49478_55187",
      "geometry": {
        "type": "Polygon",
        "coordinates": [
          [
            [
              49478,
              55187
            ],
            [
              51381,
              55187
            ],
            [
              51381,
              57090
            ],
            [
              49478,
              57090
            ],
            [
              49478,
              55187
            ]
          ]
        ]
      },
      "properties": {
        "objectType": "annotation",
        "classification": {
          "name": "background_e",
          "color": [
            255,
            182,
            193
          ]
        },
        "isLocked": false
      }
    },
    {
      "type": "Feature",
      "id": "patch_51381_55187",
      "geometry": {
        "type": "Polygon",
        "coordinates": [
          [
            [
              51381,
              55187
            ],
            [
              53284,
              55187
            ],
            [
              53284,
              57090
            ],
            [
              51381,
              57090
            ],
            [
              51381,
              55187
            ]
          ]
        ]
      },
      "properties": {
        "objectType": "annotation",
        "classification": {
          "name": "background_e",
          "color": [
            255,
            182,
            193
          ]
        },
        "isLocked": false
      }
    },
    {
      "type": "Feature",
      "id": "patch_53284_55187",
      "geometry": {
        "type": "Polygon",
        "coordinates": [
          [
            [
              53284,
              55187
            ],
            [
              55187,
              55187
            ],
            [
              55187,
              57090
            ],
            [
              53284,
              57090
            ],
            [
              53284,
              55187
            ]
          ]
        ]
      },
      "properties": {
        "objectType": "annotation",
        "classification": {
          "name": "vessel_e",
          "color": [
            255,
            0,
            0
          ]
        },
        "isLocked": false
      }
    },
    {
      "type": "Feature",
      "id": "patch_55187_55187",
      "geometry": {
        "type": "Polygon",
        "coordinates": [
          [
            [
              55187,
              55187
            ],
            [
              57090,
              55187
            ],
            [
              57090,
              57090
            ],
            [
              55187,
              57090
            ],
            [
              55187,
              55187
            ]
          ]
        ]
      },
      "properties": {
        "objectType": "annotation",
        "classification": {
          "name": "background_e",
          "color": [
            255,
            182,
            193
          ]
        },
        "isLocked": false
      }
    },
    {
      "type": "Feature",
      "id": "patch_57090_55187",
      "geometry": {
        "type": "Polygon",
        "coordinates": [
          [
            [
              57090,
              55187
            ],
            [
              58993,
              55187
            ],
            [
              58993,
              57090
            ],
            [
              57090,
              57090
            ],
            [
              57090,
              55187
            ]
          ]
        ]
      },
      "properties": {
        "objectType": "annotation",
        "classification": {
          "name": "background_e",
          "color": [
            255,
            182,
            193
          ]
        },
        "isLocked": false
      }
    },
    {
      "type": "Feature",
      "id": "patch_58993_55187",
      "geometry": {
        "type": "Polygon",
        "coordinates": [
          [
            [
              58993,
              55187
            ],
            [
              60896,
              55187
            ],
            [
              60896,
              57090
            ],
            [
              58993,
              57090
            ],
            [
              58993,
              55187
            ]
          ]
        ]
      },
      "properties": {
        "objectType": "annotation",
        "classification": {
          "name": "background_e",
          "color": [
            255,
            182,
            193
          ]
        },
        "isLocked": false
      }
    },
    {
      "type": "Feature",
      "id": "patch_60896_55187",
      "geometry": {
        "type": "Polygon",
        "coordinates": [
          [
            [
              60896,
              55187
            ],
            [
              62799,
              55187
            ],
            [
              62799,
              57090
            ],
            [
              60896,
              57090
            ],
            [
              60896,
              55187
            ]
          ]
        ]
      },
      "properties": {
        "objectType": "annotation",
        "classification": {
          "name": "background_e",
          "color": [
            255,
            182,
            193
          ]
        },
        "isLocked": false
      }
    },
    {
      "type": "Feature",
      "id": "patch_62799_55187",
      "geometry": {
        "type": "Polygon",
        "coordinates": [
          [
            [
              62799,
              55187
            ],
            [
              64702,
              55187
            ],
            [
              64702,
              57090
            ],
            [
              62799,
              57090
            ],
            [
              62799,
              55187
            ]
          ]
        ]
      },
      "properties": {
        "objectType": "annotation",
        "classification": {
          "name": "background_e",
          "color": [
            255,
            182,
            193
          ]
        },
        "isLocked": false
      }
    },
    {
      "type": "Feature",
      "id": "patch_64702_55187",
      "geometry": {
        "type": "Polygon",
        "coordinates": [
          [
            [
              64702,
              55187
            ],
            [
              66605,
              55187
            ],
            [
              66605,
              57090
            ],
            [
              64702,
              57090
            ],
            [
              64702,
              55187
            ]
          ]
        ]
      },
      "properties": {
        "objectType": "annotation",
        "classification": {
          "name": "background_e",
          "color": [
            255,
            182,
            193
          ]
        },
        "isLocked": false
      }
    },
    {
      "type": "Feature",
      "id": "patch_66605_55187",
      "geometry": {
        "type": "Polygon",
        "coordinates": [
          [
            [
              66605,
              55187
            ],
            [
              68508,
              55187
            ],
            [
              68508,
              57090
            ],
            [
              66605,
              57090
            ],
            [
              66605,
              55187
            ]
          ]
        ]
      },
      "properties": {
        "objectType": "annotation",
        "classification": {
          "name": "background_e",
          "color": [
            255,
            182,
            193
          ]
        },
        "isLocked": false
      }
    },
    {
      "type": "Feature",
      "id": "patch_68508_55187",
      "geometry": {
        "type": "Polygon",
        "coordinates": [
          [
            [
              68508,
              55187
            ],
            [
              70411,
              55187
            ],
            [
              70411,
              57090
            ],
            [
              68508,
              57090
            ],
            [
              68508,
              55187
            ]
          ]
        ]
      },
      "properties": {
        "objectType": "annotation",
        "classification": {
          "name": "background_e",
          "color": [
            255,
            182,
            193
          ]
        },
        "isLocked": false
      }
    },
    {
      "type": "Feature",
      "id": "patch_70411_55187",
      "geometry": {
        "type": "Polygon",
        "coordinates": [
          [
            [
              70411,
              55187
            ],
            [
              72314,
              55187
            ],
            [
              72314,
              57090
            ],
            [
              70411,
              57090
            ],
            [
              70411,
              55187
            ]
          ]
        ]
      },
      "properties": {
        "objectType": "annotation",
        "classification": {
          "name": "background_e",
          "color": [
            255,
            182,
            193
          ]
        },
        "isLocked": false
      }
    },
    {
      "type": "Feature",
      "id": "patch_72314_55187",
      "geometry": {
        "type": "Polygon",
        "coordinates": [
          [
            [
              72314,
              55187
            ],
            [
              74217,
              55187
            ],
            [
              74217,
              57090
            ],
            [
              72314,
              57090
            ],
            [
              72314,
              55187
            ]
          ]
        ]
      },
      "properties": {
        "objectType": "annotation",
        "classification": {
          "name": "background_e",
          "color": [
            255,
            182,
            193
          ]
        },
        "isLocked": false
      }
    },
    {
      "type": "Feature",
      "id": "patch_74217_55187",
      "geometry": {
        "type": "Polygon",
        "coordinates": [
          [
            [
              74217,
              55187
            ],
            [
              76120,
              55187
            ],
            [
              76120,
              57090
            ],
            [
              74217,
              57090
            ],
            [
              74217,
              55187
            ]
          ]
        ]
      },
      "properties": {
        "objectType": "annotation",
        "classification": {
          "name": "vessel_e",
          "color": [
            255,
            0,
            0
          ]
        },
        "isLocked": false
      }
    },
    {
      "type": "Feature",
      "id": "patch_76120_55187",
      "geometry": {
        "type": "Polygon",
        "coordinates": [
          [
            [
              76120,
              55187
            ],
            [
              78023,
              55187
            ],
            [
              78023,
              57090
            ],
            [
              76120,
              57090
            ],
            [
              76120,
              55187
            ]
          ]
        ]
      },
      "properties": {
        "objectType": "annotation",
        "classification": {
          "name": "background_e",
          "color": [
            255,
            182,
            193
          ]
        },
        "isLocked": false
      }
    },
    {
      "type": "Feature",
      "id": "patch_78023_55187",
      "geometry": {
        "type": "Polygon",
        "coordinates": [
          [
            [
              78023,
              55187
            ],
            [
              79926,
              55187
            ],
            [
              79926,
              57090
            ],
            [
              78023,
              57090
            ],
            [
              78023,
              55187
            ]
          ]
        ]
      },
      "properties": {
        "objectType": "annotation",
        "classification": {
          "name": "background_e",
          "color": [
            255,
            182,
            193
          ]
        },
        "isLocked": false
      }
    },
    {
      "type": "Feature",
      "id": "patch_79926_55187",
      "geometry": {
        "type": "Polygon",
        "coordinates": [
          [
            [
              79926,
              55187
            ],
            [
              81829,
              55187
            ],
            [
              81829,
              57090
            ],
            [
              79926,
              57090
            ],
            [
              79926,
              55187
            ]
          ]
        ]
      },
      "properties": {
        "objectType": "annotation",
        "classification": {
          "name": "background_e",
          "color": [
            255,
            182,
            193
          ]
        },
        "isLocked": false
      }
    },
    {
      "type": "Feature",
      "id": "patch_81829_55187",
      "geometry": {
        "type": "Polygon",
        "coordinates": [
          [
            [
              81829,
              55187
            ],
            [
              83732,
              55187
            ],
            [
              83732,
              57090
            ],
            [
              81829,
              57090
            ],
            [
              81829,
              55187
            ]
          ]
        ]
      },
      "properties": {
        "objectType": "annotation",
        "classification": {
          "name": "background_e",
          "color": [
            255,
            182,
            193
          ]
        },
        "isLocked": false
      }
    },
    {
      "type": "Feature",
      "id": "patch_83732_55187",
      "geometry": {
        "type": "Polygon",
        "coordinates": [
          [
            [
              83732,
              55187
            ],
            [
              85635,
              55187
            ],
            [
              85635,
              57090
            ],
            [
              83732,
              57090
            ],
            [
              83732,
              55187
            ]
          ]
        ]
      },
      "properties": {
        "objectType": "annotation",
        "classification": {
          "name": "vessel_e",
          "color": [
            255,
            0,
            0
          ]
        },
        "isLocked": false
      }
    },
    {
      "type": "Feature",
      "id": "patch_85635_55187",
      "geometry": {
        "type": "Polygon",
        "coordinates": [
          [
            [
              85635,
              55187
            ],
            [
              87538,
              55187
            ],
            [
              87538,
              57090
            ],
            [
              85635,
              57090
            ],
            [
              85635,
              55187
            ]
          ]
        ]
      },
      "properties": {
        "objectType": "annotation",
        "classification": {
          "name": "white",
          "color": [
            200,
            200,
            200
          ]
        },
        "isLocked": false
      }
    },
    {
      "type": "Feature",
      "id": "patch_20933_57090",
      "geometry": {
        "type": "Polygon",
        "coordinates": [
          [
            [
              20933,
              57090
            ],
            [
              22836,
              57090
            ],
            [
              22836,
              58993
            ],
            [
              20933,
              58993
            ],
            [
              20933,
              57090
            ]
          ]
        ]
      },
      "properties": {
        "objectType": "annotation",
        "classification": {
          "name": "background_e",
          "color": [
            255,
            182,
            193
          ]
        },
        "isLocked": false
      }
    },
    {
      "type": "Feature",
      "id": "patch_22836_57090",
      "geometry": {
        "type": "Polygon",
        "coordinates": [
          [
            [
              22836,
              57090
            ],
            [
              24739,
              57090
            ],
            [
              24739,
              58993
            ],
            [
              22836,
              58993
            ],
            [
              22836,
              57090
            ]
          ]
        ]
      },
      "properties": {
        "objectType": "annotation",
        "classification": {
          "name": "background_e",
          "color": [
            255,
            182,
            193
          ]
        },
        "isLocked": false
      }
    },
    {
      "type": "Feature",
      "id": "patch_24739_57090",
      "geometry": {
        "type": "Polygon",
        "coordinates": [
          [
            [
              24739,
              57090
            ],
            [
              26642,
              57090
            ],
            [
              26642,
              58993
            ],
            [
              24739,
              58993
            ],
            [
              24739,
              57090
            ]
          ]
        ]
      },
      "properties": {
        "objectType": "annotation",
        "classification": {
          "name": "background_e",
          "color": [
            255,
            182,
            193
          ]
        },
        "isLocked": false
      }
    },
    {
      "type": "Feature",
      "id": "patch_26642_57090",
      "geometry": {
        "type": "Polygon",
        "coordinates": [
          [
            [
              26642,
              57090
            ],
            [
              28545,
              57090
            ],
            [
              28545,
              58993
            ],
            [
              26642,
              58993
            ],
            [
              26642,
              57090
            ]
          ]
        ]
      },
      "properties": {
        "objectType": "annotation",
        "classification": {
          "name": "background_e",
          "color": [
            255,
            182,
            193
          ]
        },
        "isLocked": false
      }
    },
    {
      "type": "Feature",
      "id": "patch_28545_57090",
      "geometry": {
        "type": "Polygon",
        "coordinates": [
          [
            [
              28545,
              57090
            ],
            [
              30448,
              57090
            ],
            [
              30448,
              58993
            ],
            [
              28545,
              58993
            ],
            [
              28545,
              57090
            ]
          ]
        ]
      },
      "properties": {
        "objectType": "annotation",
        "classification": {
          "name": "background_h",
          "color": [
            0,
            0,
            255
          ]
        },
        "isLocked": false
      }
    },
    {
      "type": "Feature",
      "id": "patch_30448_57090",
      "geometry": {
        "type": "Polygon",
        "coordinates": [
          [
            [
              30448,
              57090
            ],
            [
              32351,
              57090
            ],
            [
              32351,
              58993
            ],
            [
              30448,
              58993
            ],
            [
              30448,
              57090
            ]
          ]
        ]
      },
      "properties": {
        "objectType": "annotation",
        "classification": {
          "name": "background_h",
          "color": [
            0,
            0,
            255
          ]
        },
        "isLocked": false
      }
    },
    {
      "type": "Feature",
      "id": "patch_32351_57090",
      "geometry": {
        "type": "Polygon",
        "coordinates": [
          [
            [
              32351,
              57090
            ],
            [
              34254,
              57090
            ],
            [
              34254,
              58993
            ],
            [
              32351,
              58993
            ],
            [
              32351,
              57090
            ]
          ]
        ]
      },
      "properties": {
        "objectType": "annotation",
        "classification": {
          "name": "background_h",
          "color": [
            0,
            0,
            255
          ]
        },
        "isLocked": false
      }
    },
    {
      "type": "Feature",
      "id": "patch_34254_57090",
      "geometry": {
        "type": "Polygon",
        "coordinates": [
          [
            [
              34254,
              57090
            ],
            [
              36157,
              57090
            ],
            [
              36157,
              58993
            ],
            [
              34254,
              58993
            ],
            [
              34254,
              57090
            ]
          ]
        ]
      },
      "properties": {
        "objectType": "annotation",
        "classification": {
          "name": "vessel_h",
          "color": [
            128,
            0,
            128
          ]
        },
        "isLocked": false
      }
    },
    {
      "type": "Feature",
      "id": "patch_36157_57090",
      "geometry": {
        "type": "Polygon",
        "coordinates": [
          [
            [
              36157,
              57090
            ],
            [
              38060,
              57090
            ],
            [
              38060,
              58993
            ],
            [
              36157,
              58993
            ],
            [
              36157,
              57090
            ]
          ]
        ]
      },
      "properties": {
        "objectType": "annotation",
        "classification": {
          "name": "vessel_h",
          "color": [
            128,
            0,
            128
          ]
        },
        "isLocked": false
      }
    },
    {
      "type": "Feature",
      "id": "patch_38060_57090",
      "geometry": {
        "type": "Polygon",
        "coordinates": [
          [
            [
              38060,
              57090
            ],
            [
              39963,
              57090
            ],
            [
              39963,
              58993
            ],
            [
              38060,
              58993
            ],
            [
              38060,
              57090
            ]
          ]
        ]
      },
      "properties": {
        "objectType": "annotation",
        "classification": {
          "name": "vessel_h",
          "color": [
            128,
            0,
            128
          ]
        },
        "isLocked": false
      }
    },
    {
      "type": "Feature",
      "id": "patch_39963_57090",
      "geometry": {
        "type": "Polygon",
        "coordinates": [
          [
            [
              39963,
              57090
            ],
            [
              41866,
              57090
            ],
            [
              41866,
              58993
            ],
            [
              39963,
              58993
            ],
            [
              39963,
              57090
            ]
          ]
        ]
      },
      "properties": {
        "objectType": "annotation",
        "classification": {
          "name": "vessel_h",
          "color": [
            128,
            0,
            128
          ]
        },
        "isLocked": false
      }
    },
    {
      "type": "Feature",
      "id": "patch_41866_57090",
      "geometry": {
        "type": "Polygon",
        "coordinates": [
          [
            [
              41866,
              57090
            ],
            [
              43769,
              57090
            ],
            [
              43769,
              58993
            ],
            [
              41866,
              58993
            ],
            [
              41866,
              57090
            ]
          ]
        ]
      },
      "properties": {
        "objectType": "annotation",
        "classification": {
          "name": "background_h",
          "color": [
            0,
            0,
            255
          ]
        },
        "isLocked": false
      }
    },
    {
      "type": "Feature",
      "id": "patch_43769_57090",
      "geometry": {
        "type": "Polygon",
        "coordinates": [
          [
            [
              43769,
              57090
            ],
            [
              45672,
              57090
            ],
            [
              45672,
              58993
            ],
            [
              43769,
              58993
            ],
            [
              43769,
              57090
            ]
          ]
        ]
      },
      "properties": {
        "objectType": "annotation",
        "classification": {
          "name": "background_e",
          "color": [
            255,
            182,
            193
          ]
        },
        "isLocked": false
      }
    },
    {
      "type": "Feature",
      "id": "patch_45672_57090",
      "geometry": {
        "type": "Polygon",
        "coordinates": [
          [
            [
              45672,
              57090
            ],
            [
              47575,
              57090
            ],
            [
              47575,
              58993
            ],
            [
              45672,
              58993
            ],
            [
              45672,
              57090
            ]
          ]
        ]
      },
      "properties": {
        "objectType": "annotation",
        "classification": {
          "name": "background_e",
          "color": [
            255,
            182,
            193
          ]
        },
        "isLocked": false
      }
    },
    {
      "type": "Feature",
      "id": "patch_47575_57090",
      "geometry": {
        "type": "Polygon",
        "coordinates": [
          [
            [
              47575,
              57090
            ],
            [
              49478,
              57090
            ],
            [
              49478,
              58993
            ],
            [
              47575,
              58993
            ],
            [
              47575,
              57090
            ]
          ]
        ]
      },
      "properties": {
        "objectType": "annotation",
        "classification": {
          "name": "background_e",
          "color": [
            255,
            182,
            193
          ]
        },
        "isLocked": false
      }
    },
    {
      "type": "Feature",
      "id": "patch_49478_57090",
      "geometry": {
        "type": "Polygon",
        "coordinates": [
          [
            [
              49478,
              57090
            ],
            [
              51381,
              57090
            ],
            [
              51381,
              58993
            ],
            [
              49478,
              58993
            ],
            [
              49478,
              57090
            ]
          ]
        ]
      },
      "properties": {
        "objectType": "annotation",
        "classification": {
          "name": "background_e",
          "color": [
            255,
            182,
            193
          ]
        },
        "isLocked": false
      }
    },
    {
      "type": "Feature",
      "id": "patch_51381_57090",
      "geometry": {
        "type": "Polygon",
        "coordinates": [
          [
            [
              51381,
              57090
            ],
            [
              53284,
              57090
            ],
            [
              53284,
              58993
            ],
            [
              51381,
              58993
            ],
            [
              51381,
              57090
            ]
          ]
        ]
      },
      "properties": {
        "objectType": "annotation",
        "classification": {
          "name": "background_e",
          "color": [
            255,
            182,
            193
          ]
        },
        "isLocked": false
      }
    },
    {
      "type": "Feature",
      "id": "patch_53284_57090",
      "geometry": {
        "type": "Polygon",
        "coordinates": [
          [
            [
              53284,
              57090
            ],
            [
              55187,
              57090
            ],
            [
              55187,
              58993
            ],
            [
              53284,
              58993
            ],
            [
              53284,
              57090
            ]
          ]
        ]
      },
      "properties": {
        "objectType": "annotation",
        "classification": {
          "name": "background_e",
          "color": [
            255,
            182,
            193
          ]
        },
        "isLocked": false
      }
    },
    {
      "type": "Feature",
      "id": "patch_55187_57090",
      "geometry": {
        "type": "Polygon",
        "coordinates": [
          [
            [
              55187,
              57090
            ],
            [
              57090,
              57090
            ],
            [
              57090,
              58993
            ],
            [
              55187,
              58993
            ],
            [
              55187,
              57090
            ]
          ]
        ]
      },
      "properties": {
        "objectType": "annotation",
        "classification": {
          "name": "background_e",
          "color": [
            255,
            182,
            193
          ]
        },
        "isLocked": false
      }
    },
    {
      "type": "Feature",
      "id": "patch_57090_57090",
      "geometry": {
        "type": "Polygon",
        "coordinates": [
          [
            [
              57090,
              57090
            ],
            [
              58993,
              57090
            ],
            [
              58993,
              58993
            ],
            [
              57090,
              58993
            ],
            [
              57090,
              57090
            ]
          ]
        ]
      },
      "properties": {
        "objectType": "annotation",
        "classification": {
          "name": "background_e",
          "color": [
            255,
            182,
            193
          ]
        },
        "isLocked": false
      }
    },
    {
      "type": "Feature",
      "id": "patch_58993_57090",
      "geometry": {
        "type": "Polygon",
        "coordinates": [
          [
            [
              58993,
              57090
            ],
            [
              60896,
              57090
            ],
            [
              60896,
              58993
            ],
            [
              58993,
              58993
            ],
            [
              58993,
              57090
            ]
          ]
        ]
      },
      "properties": {
        "objectType": "annotation",
        "classification": {
          "name": "background_e",
          "color": [
            255,
            182,
            193
          ]
        },
        "isLocked": false
      }
    },
    {
      "type": "Feature",
      "id": "patch_60896_57090",
      "geometry": {
        "type": "Polygon",
        "coordinates": [
          [
            [
              60896,
              57090
            ],
            [
              62799,
              57090
            ],
            [
              62799,
              58993
            ],
            [
              60896,
              58993
            ],
            [
              60896,
              57090
            ]
          ]
        ]
      },
      "properties": {
        "objectType": "annotation",
        "classification": {
          "name": "background_e",
          "color": [
            255,
            182,
            193
          ]
        },
        "isLocked": false
      }
    },
    {
      "type": "Feature",
      "id": "patch_62799_57090",
      "geometry": {
        "type": "Polygon",
        "coordinates": [
          [
            [
              62799,
              57090
            ],
            [
              64702,
              57090
            ],
            [
              64702,
              58993
            ],
            [
              62799,
              58993
            ],
            [
              62799,
              57090
            ]
          ]
        ]
      },
      "properties": {
        "objectType": "annotation",
        "classification": {
          "name": "background_e",
          "color": [
            255,
            182,
            193
          ]
        },
        "isLocked": false
      }
    },
    {
      "type": "Feature",
      "id": "patch_64702_57090",
      "geometry": {
        "type": "Polygon",
        "coordinates": [
          [
            [
              64702,
              57090
            ],
            [
              66605,
              57090
            ],
            [
              66605,
              58993
            ],
            [
              64702,
              58993
            ],
            [
              64702,
              57090
            ]
          ]
        ]
      },
      "properties": {
        "objectType": "annotation",
        "classification": {
          "name": "background_e",
          "color": [
            255,
            182,
            193
          ]
        },
        "isLocked": false
      }
    },
    {
      "type": "Feature",
      "id": "patch_66605_57090",
      "geometry": {
        "type": "Polygon",
        "coordinates": [
          [
            [
              66605,
              57090
            ],
            [
              68508,
              57090
            ],
            [
              68508,
              58993
            ],
            [
              66605,
              58993
            ],
            [
              66605,
              57090
            ]
          ]
        ]
      },
      "properties": {
        "objectType": "annotation",
        "classification": {
          "name": "background_e",
          "color": [
            255,
            182,
            193
          ]
        },
        "isLocked": false
      }
    },
    {
      "type": "Feature",
      "id": "patch_68508_57090",
      "geometry": {
        "type": "Polygon",
        "coordinates": [
          [
            [
              68508,
              57090
            ],
            [
              70411,
              57090
            ],
            [
              70411,
              58993
            ],
            [
              68508,
              58993
            ],
            [
              68508,
              57090
            ]
          ]
        ]
      },
      "properties": {
        "objectType": "annotation",
        "classification": {
          "name": "background_e",
          "color": [
            255,
            182,
            193
          ]
        },
        "isLocked": false
      }
    },
    {
      "type": "Feature",
      "id": "patch_70411_57090",
      "geometry": {
        "type": "Polygon",
        "coordinates": [
          [
            [
              70411,
              57090
            ],
            [
              72314,
              57090
            ],
            [
              72314,
              58993
            ],
            [
              70411,
              58993
            ],
            [
              70411,
              57090
            ]
          ]
        ]
      },
      "properties": {
        "objectType": "annotation",
        "classification": {
          "name": "background_e",
          "color": [
            255,
            182,
            193
          ]
        },
        "isLocked": false
      }
    },
    {
      "type": "Feature",
      "id": "patch_72314_57090",
      "geometry": {
        "type": "Polygon",
        "coordinates": [
          [
            [
              72314,
              57090
            ],
            [
              74217,
              57090
            ],
            [
              74217,
              58993
            ],
            [
              72314,
              58993
            ],
            [
              72314,
              57090
            ]
          ]
        ]
      },
      "properties": {
        "objectType": "annotation",
        "classification": {
          "name": "background_e",
          "color": [
            255,
            182,
            193
          ]
        },
        "isLocked": false
      }
    },
    {
      "type": "Feature",
      "id": "patch_74217_57090",
      "geometry": {
        "type": "Polygon",
        "coordinates": [
          [
            [
              74217,
              57090
            ],
            [
              76120,
              57090
            ],
            [
              76120,
              58993
            ],
            [
              74217,
              58993
            ],
            [
              74217,
              57090
            ]
          ]
        ]
      },
      "properties": {
        "objectType": "annotation",
        "classification": {
          "name": "background_e",
          "color": [
            255,
            182,
            193
          ]
        },
        "isLocked": false
      }
    },
    {
      "type": "Feature",
      "id": "patch_76120_57090",
      "geometry": {
        "type": "Polygon",
        "coordinates": [
          [
            [
              76120,
              57090
            ],
            [
              78023,
              57090
            ],
            [
              78023,
              58993
            ],
            [
              76120,
              58993
            ],
            [
              76120,
              57090
            ]
          ]
        ]
      },
      "properties": {
        "objectType": "annotation",
        "classification": {
          "name": "background_e",
          "color": [
            255,
            182,
            193
          ]
        },
        "isLocked": false
      }
    },
    {
      "type": "Feature",
      "id": "patch_78023_57090",
      "geometry": {
        "type": "Polygon",
        "coordinates": [
          [
            [
              78023,
              57090
            ],
            [
              79926,
              57090
            ],
            [
              79926,
              58993
            ],
            [
              78023,
              58993
            ],
            [
              78023,
              57090
            ]
          ]
        ]
      },
      "properties": {
        "objectType": "annotation",
        "classification": {
          "name": "background_e",
          "color": [
            255,
            182,
            193
          ]
        },
        "isLocked": false
      }
    },
    {
      "type": "Feature",
      "id": "patch_79926_57090",
      "geometry": {
        "type": "Polygon",
        "coordinates": [
          [
            [
              79926,
              57090
            ],
            [
              81829,
              57090
            ],
            [
              81829,
              58993
            ],
            [
              79926,
              58993
            ],
            [
              79926,
              57090
            ]
          ]
        ]
      },
      "properties": {
        "objectType": "annotation",
        "classification": {
          "name": "background_e",
          "color": [
            255,
            182,
            193
          ]
        },
        "isLocked": false
      }
    },
    {
      "type": "Feature",
      "id": "patch_81829_57090",
      "geometry": {
        "type": "Polygon",
        "coordinates": [
          [
            [
              81829,
              57090
            ],
            [
              83732,
              57090
            ],
            [
              83732,
              58993
            ],
            [
              81829,
              58993
            ],
            [
              81829,
              57090
            ]
          ]
        ]
      },
      "properties": {
        "objectType": "annotation",
        "classification": {
          "name": "background_e",
          "color": [
            255,
            182,
            193
          ]
        },
        "isLocked": false
      }
    },
    {
      "type": "Feature",
      "id": "patch_85635_57090",
      "geometry": {
        "type": "Polygon",
        "coordinates": [
          [
            [
              85635,
              57090
            ],
            [
              87538,
              57090
            ],
            [
              87538,
              58993
            ],
            [
              85635,
              58993
            ],
            [
              85635,
              57090
            ]
          ]
        ]
      },
      "properties": {
        "objectType": "annotation",
        "classification": {
          "name": "white",
          "color": [
            200,
            200,
            200
          ]
        },
        "isLocked": false
      }
    },
    {
      "type": "Feature",
      "id": "patch_20933_58993",
      "geometry": {
        "type": "Polygon",
        "coordinates": [
          [
            [
              20933,
              58993
            ],
            [
              22836,
              58993
            ],
            [
              22836,
              60896
            ],
            [
              20933,
              60896
            ],
            [
              20933,
              58993
            ]
          ]
        ]
      },
      "properties": {
        "objectType": "annotation",
        "classification": {
          "name": "vessel_e",
          "color": [
            255,
            0,
            0
          ]
        },
        "isLocked": false
      }
    },
    {
      "type": "Feature",
      "id": "patch_22836_58993",
      "geometry": {
        "type": "Polygon",
        "coordinates": [
          [
            [
              22836,
              58993
            ],
            [
              24739,
              58993
            ],
            [
              24739,
              60896
            ],
            [
              22836,
              60896
            ],
            [
              22836,
              58993
            ]
          ]
        ]
      },
      "properties": {
        "objectType": "annotation",
        "classification": {
          "name": "background_e",
          "color": [
            255,
            182,
            193
          ]
        },
        "isLocked": false
      }
    },
    {
      "type": "Feature",
      "id": "patch_24739_58993",
      "geometry": {
        "type": "Polygon",
        "coordinates": [
          [
            [
              24739,
              58993
            ],
            [
              26642,
              58993
            ],
            [
              26642,
              60896
            ],
            [
              24739,
              60896
            ],
            [
              24739,
              58993
            ]
          ]
        ]
      },
      "properties": {
        "objectType": "annotation",
        "classification": {
          "name": "vessel_e",
          "color": [
            255,
            0,
            0
          ]
        },
        "isLocked": false
      }
    },
    {
      "type": "Feature",
      "id": "patch_26642_58993",
      "geometry": {
        "type": "Polygon",
        "coordinates": [
          [
            [
              26642,
              58993
            ],
            [
              28545,
              58993
            ],
            [
              28545,
              60896
            ],
            [
              26642,
              60896
            ],
            [
              26642,
              58993
            ]
          ]
        ]
      },
      "properties": {
        "objectType": "annotation",
        "classification": {
          "name": "background_e",
          "color": [
            255,
            182,
            193
          ]
        },
        "isLocked": false
      }
    },
    {
      "type": "Feature",
      "id": "patch_28545_58993",
      "geometry": {
        "type": "Polygon",
        "coordinates": [
          [
            [
              28545,
              58993
            ],
            [
              30448,
              58993
            ],
            [
              30448,
              60896
            ],
            [
              28545,
              60896
            ],
            [
              28545,
              58993
            ]
          ]
        ]
      },
      "properties": {
        "objectType": "annotation",
        "classification": {
          "name": "background_e",
          "color": [
            255,
            182,
            193
          ]
        },
        "isLocked": false
      }
    },
    {
      "type": "Feature",
      "id": "patch_30448_58993",
      "geometry": {
        "type": "Polygon",
        "coordinates": [
          [
            [
              30448,
              58993
            ],
            [
              32351,
              58993
            ],
            [
              32351,
              60896
            ],
            [
              30448,
              60896
            ],
            [
              30448,
              58993
            ]
          ]
        ]
      },
      "properties": {
        "objectType": "annotation",
        "classification": {
          "name": "background_e",
          "color": [
            255,
            182,
            193
          ]
        },
        "isLocked": false
      }
    },
    {
      "type": "Feature",
      "id": "patch_32351_58993",
      "geometry": {
        "type": "Polygon",
        "coordinates": [
          [
            [
              32351,
              58993
            ],
            [
              34254,
              58993
            ],
            [
              34254,
              60896
            ],
            [
              32351,
              60896
            ],
            [
              32351,
              58993
            ]
          ]
        ]
      },
      "properties": {
        "objectType": "annotation",
        "classification": {
          "name": "background_h",
          "color": [
            0,
            0,
            255
          ]
        },
        "isLocked": false
      }
    },
    {
      "type": "Feature",
      "id": "patch_34254_58993",
      "geometry": {
        "type": "Polygon",
        "coordinates": [
          [
            [
              34254,
              58993
            ],
            [
              36157,
              58993
            ],
            [
              36157,
              60896
            ],
            [
              34254,
              60896
            ],
            [
              34254,
              58993
            ]
          ]
        ]
      },
      "properties": {
        "objectType": "annotation",
        "classification": {
          "name": "background_h",
          "color": [
            0,
            0,
            255
          ]
        },
        "isLocked": false
      }
    },
    {
      "type": "Feature",
      "id": "patch_36157_58993",
      "geometry": {
        "type": "Polygon",
        "coordinates": [
          [
            [
              36157,
              58993
            ],
            [
              38060,
              58993
            ],
            [
              38060,
              60896
            ],
            [
              36157,
              60896
            ],
            [
              36157,
              58993
            ]
          ]
        ]
      },
      "properties": {
        "objectType": "annotation",
        "classification": {
          "name": "background_h",
          "color": [
            0,
            0,
            255
          ]
        },
        "isLocked": false
      }
    },
    {
      "type": "Feature",
      "id": "patch_38060_58993",
      "geometry": {
        "type": "Polygon",
        "coordinates": [
          [
            [
              38060,
              58993
            ],
            [
              39963,
              58993
            ],
            [
              39963,
              60896
            ],
            [
              38060,
              60896
            ],
            [
              38060,
              58993
            ]
          ]
        ]
      },
      "properties": {
        "objectType": "annotation",
        "classification": {
          "name": "vessel_h",
          "color": [
            128,
            0,
            128
          ]
        },
        "isLocked": false
      }
    },
    {
      "type": "Feature",
      "id": "patch_39963_58993",
      "geometry": {
        "type": "Polygon",
        "coordinates": [
          [
            [
              39963,
              58993
            ],
            [
              41866,
              58993
            ],
            [
              41866,
              60896
            ],
            [
              39963,
              60896
            ],
            [
              39963,
              58993
            ]
          ]
        ]
      },
      "properties": {
        "objectType": "annotation",
        "classification": {
          "name": "background_e",
          "color": [
            255,
            182,
            193
          ]
        },
        "isLocked": false
      }
    },
    {
      "type": "Feature",
      "id": "patch_41866_58993",
      "geometry": {
        "type": "Polygon",
        "coordinates": [
          [
            [
              41866,
              58993
            ],
            [
              43769,
              58993
            ],
            [
              43769,
              60896
            ],
            [
              41866,
              60896
            ],
            [
              41866,
              58993
            ]
          ]
        ]
      },
      "properties": {
        "objectType": "annotation",
        "classification": {
          "name": "vessel_e",
          "color": [
            255,
            0,
            0
          ]
        },
        "isLocked": false
      }
    },
    {
      "type": "Feature",
      "id": "patch_43769_58993",
      "geometry": {
        "type": "Polygon",
        "coordinates": [
          [
            [
              43769,
              58993
            ],
            [
              45672,
              58993
            ],
            [
              45672,
              60896
            ],
            [
              43769,
              60896
            ],
            [
              43769,
              58993
            ]
          ]
        ]
      },
      "properties": {
        "objectType": "annotation",
        "classification": {
          "name": "background_e",
          "color": [
            255,
            182,
            193
          ]
        },
        "isLocked": false
      }
    },
    {
      "type": "Feature",
      "id": "patch_45672_58993",
      "geometry": {
        "type": "Polygon",
        "coordinates": [
          [
            [
              45672,
              58993
            ],
            [
              47575,
              58993
            ],
            [
              47575,
              60896
            ],
            [
              45672,
              60896
            ],
            [
              45672,
              58993
            ]
          ]
        ]
      },
      "properties": {
        "objectType": "annotation",
        "classification": {
          "name": "background_e",
          "color": [
            255,
            182,
            193
          ]
        },
        "isLocked": false
      }
    },
    {
      "type": "Feature",
      "id": "patch_47575_58993",
      "geometry": {
        "type": "Polygon",
        "coordinates": [
          [
            [
              47575,
              58993
            ],
            [
              49478,
              58993
            ],
            [
              49478,
              60896
            ],
            [
              47575,
              60896
            ],
            [
              47575,
              58993
            ]
          ]
        ]
      },
      "properties": {
        "objectType": "annotation",
        "classification": {
          "name": "background_e",
          "color": [
            255,
            182,
            193
          ]
        },
        "isLocked": false
      }
    },
    {
      "type": "Feature",
      "id": "patch_49478_58993",
      "geometry": {
        "type": "Polygon",
        "coordinates": [
          [
            [
              49478,
              58993
            ],
            [
              51381,
              58993
            ],
            [
              51381,
              60896
            ],
            [
              49478,
              60896
            ],
            [
              49478,
              58993
            ]
          ]
        ]
      },
      "properties": {
        "objectType": "annotation",
        "classification": {
          "name": "background_e",
          "color": [
            255,
            182,
            193
          ]
        },
        "isLocked": false
      }
    },
    {
      "type": "Feature",
      "id": "patch_51381_58993",
      "geometry": {
        "type": "Polygon",
        "coordinates": [
          [
            [
              51381,
              58993
            ],
            [
              53284,
              58993
            ],
            [
              53284,
              60896
            ],
            [
              51381,
              60896
            ],
            [
              51381,
              58993
            ]
          ]
        ]
      },
      "properties": {
        "objectType": "annotation",
        "classification": {
          "name": "background_e",
          "color": [
            255,
            182,
            193
          ]
        },
        "isLocked": false
      }
    },
    {
      "type": "Feature",
      "id": "patch_53284_58993",
      "geometry": {
        "type": "Polygon",
        "coordinates": [
          [
            [
              53284,
              58993
            ],
            [
              55187,
              58993
            ],
            [
              55187,
              60896
            ],
            [
              53284,
              60896
            ],
            [
              53284,
              58993
            ]
          ]
        ]
      },
      "properties": {
        "objectType": "annotation",
        "classification": {
          "name": "background_e",
          "color": [
            255,
            182,
            193
          ]
        },
        "isLocked": false
      }
    },
    {
      "type": "Feature",
      "id": "patch_55187_58993",
      "geometry": {
        "type": "Polygon",
        "coordinates": [
          [
            [
              55187,
              58993
            ],
            [
              57090,
              58993
            ],
            [
              57090,
              60896
            ],
            [
              55187,
              60896
            ],
            [
              55187,
              58993
            ]
          ]
        ]
      },
      "properties": {
        "objectType": "annotation",
        "classification": {
          "name": "background_e",
          "color": [
            255,
            182,
            193
          ]
        },
        "isLocked": false
      }
    },
    {
      "type": "Feature",
      "id": "patch_57090_58993",
      "geometry": {
        "type": "Polygon",
        "coordinates": [
          [
            [
              57090,
              58993
            ],
            [
              58993,
              58993
            ],
            [
              58993,
              60896
            ],
            [
              57090,
              60896
            ],
            [
              57090,
              58993
            ]
          ]
        ]
      },
      "properties": {
        "objectType": "annotation",
        "classification": {
          "name": "background_e",
          "color": [
            255,
            182,
            193
          ]
        },
        "isLocked": false
      }
    },
    {
      "type": "Feature",
      "id": "patch_58993_58993",
      "geometry": {
        "type": "Polygon",
        "coordinates": [
          [
            [
              58993,
              58993
            ],
            [
              60896,
              58993
            ],
            [
              60896,
              60896
            ],
            [
              58993,
              60896
            ],
            [
              58993,
              58993
            ]
          ]
        ]
      },
      "properties": {
        "objectType": "annotation",
        "classification": {
          "name": "background_e",
          "color": [
            255,
            182,
            193
          ]
        },
        "isLocked": false
      }
    },
    {
      "type": "Feature",
      "id": "patch_60896_58993",
      "geometry": {
        "type": "Polygon",
        "coordinates": [
          [
            [
              60896,
              58993
            ],
            [
              62799,
              58993
            ],
            [
              62799,
              60896
            ],
            [
              60896,
              60896
            ],
            [
              60896,
              58993
            ]
          ]
        ]
      },
      "properties": {
        "objectType": "annotation",
        "classification": {
          "name": "background_e",
          "color": [
            255,
            182,
            193
          ]
        },
        "isLocked": false
      }
    },
    {
      "type": "Feature",
      "id": "patch_62799_58993",
      "geometry": {
        "type": "Polygon",
        "coordinates": [
          [
            [
              62799,
              58993
            ],
            [
              64702,
              58993
            ],
            [
              64702,
              60896
            ],
            [
              62799,
              60896
            ],
            [
              62799,
              58993
            ]
          ]
        ]
      },
      "properties": {
        "objectType": "annotation",
        "classification": {
          "name": "background_e",
          "color": [
            255,
            182,
            193
          ]
        },
        "isLocked": false
      }
    },
    {
      "type": "Feature",
      "id": "patch_64702_58993",
      "geometry": {
        "type": "Polygon",
        "coordinates": [
          [
            [
              64702,
              58993
            ],
            [
              66605,
              58993
            ],
            [
              66605,
              60896
            ],
            [
              64702,
              60896
            ],
            [
              64702,
              58993
            ]
          ]
        ]
      },
      "properties": {
        "objectType": "annotation",
        "classification": {
          "name": "background_e",
          "color": [
            255,
            182,
            193
          ]
        },
        "isLocked": false
      }
    },
    {
      "type": "Feature",
      "id": "patch_66605_58993",
      "geometry": {
        "type": "Polygon",
        "coordinates": [
          [
            [
              66605,
              58993
            ],
            [
              68508,
              58993
            ],
            [
              68508,
              60896
            ],
            [
              66605,
              60896
            ],
            [
              66605,
              58993
            ]
          ]
        ]
      },
      "properties": {
        "objectType": "annotation",
        "classification": {
          "name": "background_e",
          "color": [
            255,
            182,
            193
          ]
        },
        "isLocked": false
      }
    },
    {
      "type": "Feature",
      "id": "patch_68508_58993",
      "geometry": {
        "type": "Polygon",
        "coordinates": [
          [
            [
              68508,
              58993
            ],
            [
              70411,
              58993
            ],
            [
              70411,
              60896
            ],
            [
              68508,
              60896
            ],
            [
              68508,
              58993
            ]
          ]
        ]
      },
      "properties": {
        "objectType": "annotation",
        "classification": {
          "name": "background_e",
          "color": [
            255,
            182,
            193
          ]
        },
        "isLocked": false
      }
    },
    {
      "type": "Feature",
      "id": "patch_70411_58993",
      "geometry": {
        "type": "Polygon",
        "coordinates": [
          [
            [
              70411,
              58993
            ],
            [
              72314,
              58993
            ],
            [
              72314,
              60896
            ],
            [
              70411,
              60896
            ],
            [
              70411,
              58993
            ]
          ]
        ]
      },
      "properties": {
        "objectType": "annotation",
        "classification": {
          "name": "background_e",
          "color": [
            255,
            182,
            193
          ]
        },
        "isLocked": false
      }
    },
    {
      "type": "Feature",
      "id": "patch_72314_58993",
      "geometry": {
        "type": "Polygon",
        "coordinates": [
          [
            [
              72314,
              58993
            ],
            [
              74217,
              58993
            ],
            [
              74217,
              60896
            ],
            [
              72314,
              60896
            ],
            [
              72314,
              58993
            ]
          ]
        ]
      },
      "properties": {
        "objectType": "annotation",
        "classification": {
          "name": "background_e",
          "color": [
            255,
            182,
            193
          ]
        },
        "isLocked": false
      }
    },
    {
      "type": "Feature",
      "id": "patch_74217_58993",
      "geometry": {
        "type": "Polygon",
        "coordinates": [
          [
            [
              74217,
              58993
            ],
            [
              76120,
              58993
            ],
            [
              76120,
              60896
            ],
            [
              74217,
              60896
            ],
            [
              74217,
              58993
            ]
          ]
        ]
      },
      "properties": {
        "objectType": "annotation",
        "classification": {
          "name": "background_e",
          "color": [
            255,
            182,
            193
          ]
        },
        "isLocked": false
      }
    },
    {
      "type": "Feature",
      "id": "patch_76120_58993",
      "geometry": {
        "type": "Polygon",
        "coordinates": [
          [
            [
              76120,
              58993
            ],
            [
              78023,
              58993
            ],
            [
              78023,
              60896
            ],
            [
              76120,
              60896
            ],
            [
              76120,
              58993
            ]
          ]
        ]
      },
      "properties": {
        "objectType": "annotation",
        "classification": {
          "name": "background_e",
          "color": [
            255,
            182,
            193
          ]
        },
        "isLocked": false
      }
    },
    {
      "type": "Feature",
      "id": "patch_78023_58993",
      "geometry": {
        "type": "Polygon",
        "coordinates": [
          [
            [
              78023,
              58993
            ],
            [
              79926,
              58993
            ],
            [
              79926,
              60896
            ],
            [
              78023,
              60896
            ],
            [
              78023,
              58993
            ]
          ]
        ]
      },
      "properties": {
        "objectType": "annotation",
        "classification": {
          "name": "background_e",
          "color": [
            255,
            182,
            193
          ]
        },
        "isLocked": false
      }
    },
    {
      "type": "Feature",
      "id": "patch_79926_58993",
      "geometry": {
        "type": "Polygon",
        "coordinates": [
          [
            [
              79926,
              58993
            ],
            [
              81829,
              58993
            ],
            [
              81829,
              60896
            ],
            [
              79926,
              60896
            ],
            [
              79926,
              58993
            ]
          ]
        ]
      },
      "properties": {
        "objectType": "annotation",
        "classification": {
          "name": "background_e",
          "color": [
            255,
            182,
            193
          ]
        },
        "isLocked": false
      }
    },
    {
      "type": "Feature",
      "id": "patch_81829_58993",
      "geometry": {
        "type": "Polygon",
        "coordinates": [
          [
            [
              81829,
              58993
            ],
            [
              83732,
              58993
            ],
            [
              83732,
              60896
            ],
            [
              81829,
              60896
            ],
            [
              81829,
              58993
            ]
          ]
        ]
      },
      "properties": {
        "objectType": "annotation",
        "classification": {
          "name": "white",
          "color": [
            200,
            200,
            200
          ]
        },
        "isLocked": false
      }
    },
    {
      "type": "Feature",
      "id": "patch_83732_58993",
      "geometry": {
        "type": "Polygon",
        "coordinates": [
          [
            [
              83732,
              58993
            ],
            [
              85635,
              58993
            ],
            [
              85635,
              60896
            ],
            [
              83732,
              60896
            ],
            [
              83732,
              58993
            ]
          ]
        ]
      },
      "properties": {
        "objectType": "annotation",
        "classification": {
          "name": "white",
          "color": [
            200,
            200,
            200
          ]
        },
        "isLocked": false
      }
    },
    {
      "type": "Feature",
      "id": "patch_20933_60896",
      "geometry": {
        "type": "Polygon",
        "coordinates": [
          [
            [
              20933,
              60896
            ],
            [
              22836,
              60896
            ],
            [
              22836,
              62799
            ],
            [
              20933,
              62799
            ],
            [
              20933,
              60896
            ]
          ]
        ]
      },
      "properties": {
        "objectType": "annotation",
        "classification": {
          "name": "background_e",
          "color": [
            255,
            182,
            193
          ]
        },
        "isLocked": false
      }
    },
    {
      "type": "Feature",
      "id": "patch_22836_60896",
      "geometry": {
        "type": "Polygon",
        "coordinates": [
          [
            [
              22836,
              60896
            ],
            [
              24739,
              60896
            ],
            [
              24739,
              62799
            ],
            [
              22836,
              62799
            ],
            [
              22836,
              60896
            ]
          ]
        ]
      },
      "properties": {
        "objectType": "annotation",
        "classification": {
          "name": "vessel_e",
          "color": [
            255,
            0,
            0
          ]
        },
        "isLocked": false
      }
    },
    {
      "type": "Feature",
      "id": "patch_24739_60896",
      "geometry": {
        "type": "Polygon",
        "coordinates": [
          [
            [
              24739,
              60896
            ],
            [
              26642,
              60896
            ],
            [
              26642,
              62799
            ],
            [
              24739,
              62799
            ],
            [
              24739,
              60896
            ]
          ]
        ]
      },
      "properties": {
        "objectType": "annotation",
        "classification": {
          "name": "background_e",
          "color": [
            255,
            182,
            193
          ]
        },
        "isLocked": false
      }
    },
    {
      "type": "Feature",
      "id": "patch_26642_60896",
      "geometry": {
        "type": "Polygon",
        "coordinates": [
          [
            [
              26642,
              60896
            ],
            [
              28545,
              60896
            ],
            [
              28545,
              62799
            ],
            [
              26642,
              62799
            ],
            [
              26642,
              60896
            ]
          ]
        ]
      },
      "properties": {
        "objectType": "annotation",
        "classification": {
          "name": "vessel_e",
          "color": [
            255,
            0,
            0
          ]
        },
        "isLocked": false
      }
    },
    {
      "type": "Feature",
      "id": "patch_28545_60896",
      "geometry": {
        "type": "Polygon",
        "coordinates": [
          [
            [
              28545,
              60896
            ],
            [
              30448,
              60896
            ],
            [
              30448,
              62799
            ],
            [
              28545,
              62799
            ],
            [
              28545,
              60896
            ]
          ]
        ]
      },
      "properties": {
        "objectType": "annotation",
        "classification": {
          "name": "background_e",
          "color": [
            255,
            182,
            193
          ]
        },
        "isLocked": false
      }
    },
    {
      "type": "Feature",
      "id": "patch_30448_60896",
      "geometry": {
        "type": "Polygon",
        "coordinates": [
          [
            [
              30448,
              60896
            ],
            [
              32351,
              60896
            ],
            [
              32351,
              62799
            ],
            [
              30448,
              62799
            ],
            [
              30448,
              60896
            ]
          ]
        ]
      },
      "properties": {
        "objectType": "annotation",
        "classification": {
          "name": "vessel_e",
          "color": [
            255,
            0,
            0
          ]
        },
        "isLocked": false
      }
    },
    {
      "type": "Feature",
      "id": "patch_32351_60896",
      "geometry": {
        "type": "Polygon",
        "coordinates": [
          [
            [
              32351,
              60896
            ],
            [
              34254,
              60896
            ],
            [
              34254,
              62799
            ],
            [
              32351,
              62799
            ],
            [
              32351,
              60896
            ]
          ]
        ]
      },
      "properties": {
        "objectType": "annotation",
        "classification": {
          "name": "background_e",
          "color": [
            255,
            182,
            193
          ]
        },
        "isLocked": false
      }
    },
    {
      "type": "Feature",
      "id": "patch_34254_60896",
      "geometry": {
        "type": "Polygon",
        "coordinates": [
          [
            [
              34254,
              60896
            ],
            [
              36157,
              60896
            ],
            [
              36157,
              62799
            ],
            [
              34254,
              62799
            ],
            [
              34254,
              60896
            ]
          ]
        ]
      },
      "properties": {
        "objectType": "annotation",
        "classification": {
          "name": "background_e",
          "color": [
            255,
            182,
            193
          ]
        },
        "isLocked": false
      }
    },
    {
      "type": "Feature",
      "id": "patch_36157_60896",
      "geometry": {
        "type": "Polygon",
        "coordinates": [
          [
            [
              36157,
              60896
            ],
            [
              38060,
              60896
            ],
            [
              38060,
              62799
            ],
            [
              36157,
              62799
            ],
            [
              36157,
              60896
            ]
          ]
        ]
      },
      "properties": {
        "objectType": "annotation",
        "classification": {
          "name": "vessel_e",
          "color": [
            255,
            0,
            0
          ]
        },
        "isLocked": false
      }
    },
    {
      "type": "Feature",
      "id": "patch_38060_60896",
      "geometry": {
        "type": "Polygon",
        "coordinates": [
          [
            [
              38060,
              60896
            ],
            [
              39963,
              60896
            ],
            [
              39963,
              62799
            ],
            [
              38060,
              62799
            ],
            [
              38060,
              60896
            ]
          ]
        ]
      },
      "properties": {
        "objectType": "annotation",
        "classification": {
          "name": "vessel_e",
          "color": [
            255,
            0,
            0
          ]
        },
        "isLocked": false
      }
    },
    {
      "type": "Feature",
      "id": "patch_39963_60896",
      "geometry": {
        "type": "Polygon",
        "coordinates": [
          [
            [
              39963,
              60896
            ],
            [
              41866,
              60896
            ],
            [
              41866,
              62799
            ],
            [
              39963,
              62799
            ],
            [
              39963,
              60896
            ]
          ]
        ]
      },
      "properties": {
        "objectType": "annotation",
        "classification": {
          "name": "background_e",
          "color": [
            255,
            182,
            193
          ]
        },
        "isLocked": false
      }
    },
    {
      "type": "Feature",
      "id": "patch_41866_60896",
      "geometry": {
        "type": "Polygon",
        "coordinates": [
          [
            [
              41866,
              60896
            ],
            [
              43769,
              60896
            ],
            [
              43769,
              62799
            ],
            [
              41866,
              62799
            ],
            [
              41866,
              60896
            ]
          ]
        ]
      },
      "properties": {
        "objectType": "annotation",
        "classification": {
          "name": "background_e",
          "color": [
            255,
            182,
            193
          ]
        },
        "isLocked": false
      }
    },
    {
      "type": "Feature",
      "id": "patch_43769_60896",
      "geometry": {
        "type": "Polygon",
        "coordinates": [
          [
            [
              43769,
              60896
            ],
            [
              45672,
              60896
            ],
            [
              45672,
              62799
            ],
            [
              43769,
              62799
            ],
            [
              43769,
              60896
            ]
          ]
        ]
      },
      "properties": {
        "objectType": "annotation",
        "classification": {
          "name": "vessel_e",
          "color": [
            255,
            0,
            0
          ]
        },
        "isLocked": false
      }
    },
    {
      "type": "Feature",
      "id": "patch_45672_60896",
      "geometry": {
        "type": "Polygon",
        "coordinates": [
          [
            [
              45672,
              60896
            ],
            [
              47575,
              60896
            ],
            [
              47575,
              62799
            ],
            [
              45672,
              62799
            ],
            [
              45672,
              60896
            ]
          ]
        ]
      },
      "properties": {
        "objectType": "annotation",
        "classification": {
          "name": "vessel_e",
          "color": [
            255,
            0,
            0
          ]
        },
        "isLocked": false
      }
    },
    {
      "type": "Feature",
      "id": "patch_47575_60896",
      "geometry": {
        "type": "Polygon",
        "coordinates": [
          [
            [
              47575,
              60896
            ],
            [
              49478,
              60896
            ],
            [
              49478,
              62799
            ],
            [
              47575,
              62799
            ],
            [
              47575,
              60896
            ]
          ]
        ]
      },
      "properties": {
        "objectType": "annotation",
        "classification": {
          "name": "vessel_e",
          "color": [
            255,
            0,
            0
          ]
        },
        "isLocked": false
      }
    },
    {
      "type": "Feature",
      "id": "patch_49478_60896",
      "geometry": {
        "type": "Polygon",
        "coordinates": [
          [
            [
              49478,
              60896
            ],
            [
              51381,
              60896
            ],
            [
              51381,
              62799
            ],
            [
              49478,
              62799
            ],
            [
              49478,
              60896
            ]
          ]
        ]
      },
      "properties": {
        "objectType": "annotation",
        "classification": {
          "name": "background_e",
          "color": [
            255,
            182,
            193
          ]
        },
        "isLocked": false
      }
    },
    {
      "type": "Feature",
      "id": "patch_51381_60896",
      "geometry": {
        "type": "Polygon",
        "coordinates": [
          [
            [
              51381,
              60896
            ],
            [
              53284,
              60896
            ],
            [
              53284,
              62799
            ],
            [
              51381,
              62799
            ],
            [
              51381,
              60896
            ]
          ]
        ]
      },
      "properties": {
        "objectType": "annotation",
        "classification": {
          "name": "background_e",
          "color": [
            255,
            182,
            193
          ]
        },
        "isLocked": false
      }
    },
    {
      "type": "Feature",
      "id": "patch_53284_60896",
      "geometry": {
        "type": "Polygon",
        "coordinates": [
          [
            [
              53284,
              60896
            ],
            [
              55187,
              60896
            ],
            [
              55187,
              62799
            ],
            [
              53284,
              62799
            ],
            [
              53284,
              60896
            ]
          ]
        ]
      },
      "properties": {
        "objectType": "annotation",
        "classification": {
          "name": "background_e",
          "color": [
            255,
            182,
            193
          ]
        },
        "isLocked": false
      }
    },
    {
      "type": "Feature",
      "id": "patch_55187_60896",
      "geometry": {
        "type": "Polygon",
        "coordinates": [
          [
            [
              55187,
              60896
            ],
            [
              57090,
              60896
            ],
            [
              57090,
              62799
            ],
            [
              55187,
              62799
            ],
            [
              55187,
              60896
            ]
          ]
        ]
      },
      "properties": {
        "objectType": "annotation",
        "classification": {
          "name": "background_e",
          "color": [
            255,
            182,
            193
          ]
        },
        "isLocked": false
      }
    },
    {
      "type": "Feature",
      "id": "patch_57090_60896",
      "geometry": {
        "type": "Polygon",
        "coordinates": [
          [
            [
              57090,
              60896
            ],
            [
              58993,
              60896
            ],
            [
              58993,
              62799
            ],
            [
              57090,
              62799
            ],
            [
              57090,
              60896
            ]
          ]
        ]
      },
      "properties": {
        "objectType": "annotation",
        "classification": {
          "name": "background_e",
          "color": [
            255,
            182,
            193
          ]
        },
        "isLocked": false
      }
    },
    {
      "type": "Feature",
      "id": "patch_58993_60896",
      "geometry": {
        "type": "Polygon",
        "coordinates": [
          [
            [
              58993,
              60896
            ],
            [
              60896,
              60896
            ],
            [
              60896,
              62799
            ],
            [
              58993,
              62799
            ],
            [
              58993,
              60896
            ]
          ]
        ]
      },
      "properties": {
        "objectType": "annotation",
        "classification": {
          "name": "background_e",
          "color": [
            255,
            182,
            193
          ]
        },
        "isLocked": false
      }
    },
    {
      "type": "Feature",
      "id": "patch_60896_60896",
      "geometry": {
        "type": "Polygon",
        "coordinates": [
          [
            [
              60896,
              60896
            ],
            [
              62799,
              60896
            ],
            [
              62799,
              62799
            ],
            [
              60896,
              62799
            ],
            [
              60896,
              60896
            ]
          ]
        ]
      },
      "properties": {
        "objectType": "annotation",
        "classification": {
          "name": "background_e",
          "color": [
            255,
            182,
            193
          ]
        },
        "isLocked": false
      }
    },
    {
      "type": "Feature",
      "id": "patch_62799_60896",
      "geometry": {
        "type": "Polygon",
        "coordinates": [
          [
            [
              62799,
              60896
            ],
            [
              64702,
              60896
            ],
            [
              64702,
              62799
            ],
            [
              62799,
              62799
            ],
            [
              62799,
              60896
            ]
          ]
        ]
      },
      "properties": {
        "objectType": "annotation",
        "classification": {
          "name": "background_e",
          "color": [
            255,
            182,
            193
          ]
        },
        "isLocked": false
      }
    },
    {
      "type": "Feature",
      "id": "patch_64702_60896",
      "geometry": {
        "type": "Polygon",
        "coordinates": [
          [
            [
              64702,
              60896
            ],
            [
              66605,
              60896
            ],
            [
              66605,
              62799
            ],
            [
              64702,
              62799
            ],
            [
              64702,
              60896
            ]
          ]
        ]
      },
      "properties": {
        "objectType": "annotation",
        "classification": {
          "name": "background_e",
          "color": [
            255,
            182,
            193
          ]
        },
        "isLocked": false
      }
    },
    {
      "type": "Feature",
      "id": "patch_66605_60896",
      "geometry": {
        "type": "Polygon",
        "coordinates": [
          [
            [
              66605,
              60896
            ],
            [
              68508,
              60896
            ],
            [
              68508,
              62799
            ],
            [
              66605,
              62799
            ],
            [
              66605,
              60896
            ]
          ]
        ]
      },
      "properties": {
        "objectType": "annotation",
        "classification": {
          "name": "background_e",
          "color": [
            255,
            182,
            193
          ]
        },
        "isLocked": false
      }
    },
    {
      "type": "Feature",
      "id": "patch_68508_60896",
      "geometry": {
        "type": "Polygon",
        "coordinates": [
          [
            [
              68508,
              60896
            ],
            [
              70411,
              60896
            ],
            [
              70411,
              62799
            ],
            [
              68508,
              62799
            ],
            [
              68508,
              60896
            ]
          ]
        ]
      },
      "properties": {
        "objectType": "annotation",
        "classification": {
          "name": "background_e",
          "color": [
            255,
            182,
            193
          ]
        },
        "isLocked": false
      }
    },
    {
      "type": "Feature",
      "id": "patch_70411_60896",
      "geometry": {
        "type": "Polygon",
        "coordinates": [
          [
            [
              70411,
              60896
            ],
            [
              72314,
              60896
            ],
            [
              72314,
              62799
            ],
            [
              70411,
              62799
            ],
            [
              70411,
              60896
            ]
          ]
        ]
      },
      "properties": {
        "objectType": "annotation",
        "classification": {
          "name": "background_e",
          "color": [
            255,
            182,
            193
          ]
        },
        "isLocked": false
      }
    },
    {
      "type": "Feature",
      "id": "patch_72314_60896",
      "geometry": {
        "type": "Polygon",
        "coordinates": [
          [
            [
              72314,
              60896
            ],
            [
              74217,
              60896
            ],
            [
              74217,
              62799
            ],
            [
              72314,
              62799
            ],
            [
              72314,
              60896
            ]
          ]
        ]
      },
      "properties": {
        "objectType": "annotation",
        "classification": {
          "name": "background_e",
          "color": [
            255,
            182,
            193
          ]
        },
        "isLocked": false
      }
    },
    {
      "type": "Feature",
      "id": "patch_74217_60896",
      "geometry": {
        "type": "Polygon",
        "coordinates": [
          [
            [
              74217,
              60896
            ],
            [
              76120,
              60896
            ],
            [
              76120,
              62799
            ],
            [
              74217,
              62799
            ],
            [
              74217,
              60896
            ]
          ]
        ]
      },
      "properties": {
        "objectType": "annotation",
        "classification": {
          "name": "background_e",
          "color": [
            255,
            182,
            193
          ]
        },
        "isLocked": false
      }
    },
    {
      "type": "Feature",
      "id": "patch_76120_60896",
      "geometry": {
        "type": "Polygon",
        "coordinates": [
          [
            [
              76120,
              60896
            ],
            [
              78023,
              60896
            ],
            [
              78023,
              62799
            ],
            [
              76120,
              62799
            ],
            [
              76120,
              60896
            ]
          ]
        ]
      },
      "properties": {
        "objectType": "annotation",
        "classification": {
          "name": "background_e",
          "color": [
            255,
            182,
            193
          ]
        },
        "isLocked": false
      }
    },
    {
      "type": "Feature",
      "id": "patch_78023_60896",
      "geometry": {
        "type": "Polygon",
        "coordinates": [
          [
            [
              78023,
              60896
            ],
            [
              79926,
              60896
            ],
            [
              79926,
              62799
            ],
            [
              78023,
              62799
            ],
            [
              78023,
              60896
            ]
          ]
        ]
      },
      "properties": {
        "objectType": "annotation",
        "classification": {
          "name": "vessel_e",
          "color": [
            255,
            0,
            0
          ]
        },
        "isLocked": false
      }
    },
    {
      "type": "Feature",
      "id": "patch_20933_62799",
      "geometry": {
        "type": "Polygon",
        "coordinates": [
          [
            [
              20933,
              62799
            ],
            [
              22836,
              62799
            ],
            [
              22836,
              64702
            ],
            [
              20933,
              64702
            ],
            [
              20933,
              62799
            ]
          ]
        ]
      },
      "properties": {
        "objectType": "annotation",
        "classification": {
          "name": "background_e",
          "color": [
            255,
            182,
            193
          ]
        },
        "isLocked": false
      }
    },
    {
      "type": "Feature",
      "id": "patch_22836_62799",
      "geometry": {
        "type": "Polygon",
        "coordinates": [
          [
            [
              22836,
              62799
            ],
            [
              24739,
              62799
            ],
            [
              24739,
              64702
            ],
            [
              22836,
              64702
            ],
            [
              22836,
              62799
            ]
          ]
        ]
      },
      "properties": {
        "objectType": "annotation",
        "classification": {
          "name": "background_e",
          "color": [
            255,
            182,
            193
          ]
        },
        "isLocked": false
      }
    },
    {
      "type": "Feature",
      "id": "patch_24739_62799",
      "geometry": {
        "type": "Polygon",
        "coordinates": [
          [
            [
              24739,
              62799
            ],
            [
              26642,
              62799
            ],
            [
              26642,
              64702
            ],
            [
              24739,
              64702
            ],
            [
              24739,
              62799
            ]
          ]
        ]
      },
      "properties": {
        "objectType": "annotation",
        "classification": {
          "name": "background_e",
          "color": [
            255,
            182,
            193
          ]
        },
        "isLocked": false
      }
    },
    {
      "type": "Feature",
      "id": "patch_26642_62799",
      "geometry": {
        "type": "Polygon",
        "coordinates": [
          [
            [
              26642,
              62799
            ],
            [
              28545,
              62799
            ],
            [
              28545,
              64702
            ],
            [
              26642,
              64702
            ],
            [
              26642,
              62799
            ]
          ]
        ]
      },
      "properties": {
        "objectType": "annotation",
        "classification": {
          "name": "background_e",
          "color": [
            255,
            182,
            193
          ]
        },
        "isLocked": false
      }
    },
    {
      "type": "Feature",
      "id": "patch_28545_62799",
      "geometry": {
        "type": "Polygon",
        "coordinates": [
          [
            [
              28545,
              62799
            ],
            [
              30448,
              62799
            ],
            [
              30448,
              64702
            ],
            [
              28545,
              64702
            ],
            [
              28545,
              62799
            ]
          ]
        ]
      },
      "properties": {
        "objectType": "annotation",
        "classification": {
          "name": "background_e",
          "color": [
            255,
            182,
            193
          ]
        },
        "isLocked": false
      }
    },
    {
      "type": "Feature",
      "id": "patch_30448_62799",
      "geometry": {
        "type": "Polygon",
        "coordinates": [
          [
            [
              30448,
              62799
            ],
            [
              32351,
              62799
            ],
            [
              32351,
              64702
            ],
            [
              30448,
              64702
            ],
            [
              30448,
              62799
            ]
          ]
        ]
      },
      "properties": {
        "objectType": "annotation",
        "classification": {
          "name": "background_e",
          "color": [
            255,
            182,
            193
          ]
        },
        "isLocked": false
      }
    },
    {
      "type": "Feature",
      "id": "patch_32351_62799",
      "geometry": {
        "type": "Polygon",
        "coordinates": [
          [
            [
              32351,
              62799
            ],
            [
              34254,
              62799
            ],
            [
              34254,
              64702
            ],
            [
              32351,
              64702
            ],
            [
              32351,
              62799
            ]
          ]
        ]
      },
      "properties": {
        "objectType": "annotation",
        "classification": {
          "name": "vessel_e",
          "color": [
            255,
            0,
            0
          ]
        },
        "isLocked": false
      }
    },
    {
      "type": "Feature",
      "id": "patch_34254_62799",
      "geometry": {
        "type": "Polygon",
        "coordinates": [
          [
            [
              34254,
              62799
            ],
            [
              36157,
              62799
            ],
            [
              36157,
              64702
            ],
            [
              34254,
              64702
            ],
            [
              34254,
              62799
            ]
          ]
        ]
      },
      "properties": {
        "objectType": "annotation",
        "classification": {
          "name": "vessel_e",
          "color": [
            255,
            0,
            0
          ]
        },
        "isLocked": false
      }
    },
    {
      "type": "Feature",
      "id": "patch_36157_62799",
      "geometry": {
        "type": "Polygon",
        "coordinates": [
          [
            [
              36157,
              62799
            ],
            [
              38060,
              62799
            ],
            [
              38060,
              64702
            ],
            [
              36157,
              64702
            ],
            [
              36157,
              62799
            ]
          ]
        ]
      },
      "properties": {
        "objectType": "annotation",
        "classification": {
          "name": "background_e",
          "color": [
            255,
            182,
            193
          ]
        },
        "isLocked": false
      }
    },
    {
      "type": "Feature",
      "id": "patch_38060_62799",
      "geometry": {
        "type": "Polygon",
        "coordinates": [
          [
            [
              38060,
              62799
            ],
            [
              39963,
              62799
            ],
            [
              39963,
              64702
            ],
            [
              38060,
              64702
            ],
            [
              38060,
              62799
            ]
          ]
        ]
      },
      "properties": {
        "objectType": "annotation",
        "classification": {
          "name": "background_e",
          "color": [
            255,
            182,
            193
          ]
        },
        "isLocked": false
      }
    },
    {
      "type": "Feature",
      "id": "patch_39963_62799",
      "geometry": {
        "type": "Polygon",
        "coordinates": [
          [
            [
              39963,
              62799
            ],
            [
              41866,
              62799
            ],
            [
              41866,
              64702
            ],
            [
              39963,
              64702
            ],
            [
              39963,
              62799
            ]
          ]
        ]
      },
      "properties": {
        "objectType": "annotation",
        "classification": {
          "name": "background_e",
          "color": [
            255,
            182,
            193
          ]
        },
        "isLocked": false
      }
    },
    {
      "type": "Feature",
      "id": "patch_41866_62799",
      "geometry": {
        "type": "Polygon",
        "coordinates": [
          [
            [
              41866,
              62799
            ],
            [
              43769,
              62799
            ],
            [
              43769,
              64702
            ],
            [
              41866,
              64702
            ],
            [
              41866,
              62799
            ]
          ]
        ]
      },
      "properties": {
        "objectType": "annotation",
        "classification": {
          "name": "background_e",
          "color": [
            255,
            182,
            193
          ]
        },
        "isLocked": false
      }
    },
    {
      "type": "Feature",
      "id": "patch_43769_62799",
      "geometry": {
        "type": "Polygon",
        "coordinates": [
          [
            [
              43769,
              62799
            ],
            [
              45672,
              62799
            ],
            [
              45672,
              64702
            ],
            [
              43769,
              64702
            ],
            [
              43769,
              62799
            ]
          ]
        ]
      },
      "properties": {
        "objectType": "annotation",
        "classification": {
          "name": "background_e",
          "color": [
            255,
            182,
            193
          ]
        },
        "isLocked": false
      }
    },
    {
      "type": "Feature",
      "id": "patch_45672_62799",
      "geometry": {
        "type": "Polygon",
        "coordinates": [
          [
            [
              45672,
              62799
            ],
            [
              47575,
              62799
            ],
            [
              47575,
              64702
            ],
            [
              45672,
              64702
            ],
            [
              45672,
              62799
            ]
          ]
        ]
      },
      "properties": {
        "objectType": "annotation",
        "classification": {
          "name": "vessel_e",
          "color": [
            255,
            0,
            0
          ]
        },
        "isLocked": false
      }
    },
    {
      "type": "Feature",
      "id": "patch_47575_62799",
      "geometry": {
        "type": "Polygon",
        "coordinates": [
          [
            [
              47575,
              62799
            ],
            [
              49478,
              62799
            ],
            [
              49478,
              64702
            ],
            [
              47575,
              64702
            ],
            [
              47575,
              62799
            ]
          ]
        ]
      },
      "properties": {
        "objectType": "annotation",
        "classification": {
          "name": "background_e",
          "color": [
            255,
            182,
            193
          ]
        },
        "isLocked": false
      }
    },
    {
      "type": "Feature",
      "id": "patch_49478_62799",
      "geometry": {
        "type": "Polygon",
        "coordinates": [
          [
            [
              49478,
              62799
            ],
            [
              51381,
              62799
            ],
            [
              51381,
              64702
            ],
            [
              49478,
              64702
            ],
            [
              49478,
              62799
            ]
          ]
        ]
      },
      "properties": {
        "objectType": "annotation",
        "classification": {
          "name": "background_e",
          "color": [
            255,
            182,
            193
          ]
        },
        "isLocked": false
      }
    },
    {
      "type": "Feature",
      "id": "patch_51381_62799",
      "geometry": {
        "type": "Polygon",
        "coordinates": [
          [
            [
              51381,
              62799
            ],
            [
              53284,
              62799
            ],
            [
              53284,
              64702
            ],
            [
              51381,
              64702
            ],
            [
              51381,
              62799
            ]
          ]
        ]
      },
      "properties": {
        "objectType": "annotation",
        "classification": {
          "name": "background_e",
          "color": [
            255,
            182,
            193
          ]
        },
        "isLocked": false
      }
    },
    {
      "type": "Feature",
      "id": "patch_53284_62799",
      "geometry": {
        "type": "Polygon",
        "coordinates": [
          [
            [
              53284,
              62799
            ],
            [
              55187,
              62799
            ],
            [
              55187,
              64702
            ],
            [
              53284,
              64702
            ],
            [
              53284,
              62799
            ]
          ]
        ]
      },
      "properties": {
        "objectType": "annotation",
        "classification": {
          "name": "background_e",
          "color": [
            255,
            182,
            193
          ]
        },
        "isLocked": false
      }
    },
    {
      "type": "Feature",
      "id": "patch_55187_62799",
      "geometry": {
        "type": "Polygon",
        "coordinates": [
          [
            [
              55187,
              62799
            ],
            [
              57090,
              62799
            ],
            [
              57090,
              64702
            ],
            [
              55187,
              64702
            ],
            [
              55187,
              62799
            ]
          ]
        ]
      },
      "properties": {
        "objectType": "annotation",
        "classification": {
          "name": "background_e",
          "color": [
            255,
            182,
            193
          ]
        },
        "isLocked": false
      }
    },
    {
      "type": "Feature",
      "id": "patch_57090_62799",
      "geometry": {
        "type": "Polygon",
        "coordinates": [
          [
            [
              57090,
              62799
            ],
            [
              58993,
              62799
            ],
            [
              58993,
              64702
            ],
            [
              57090,
              64702
            ],
            [
              57090,
              62799
            ]
          ]
        ]
      },
      "properties": {
        "objectType": "annotation",
        "classification": {
          "name": "background_e",
          "color": [
            255,
            182,
            193
          ]
        },
        "isLocked": false
      }
    },
    {
      "type": "Feature",
      "id": "patch_58993_62799",
      "geometry": {
        "type": "Polygon",
        "coordinates": [
          [
            [
              58993,
              62799
            ],
            [
              60896,
              62799
            ],
            [
              60896,
              64702
            ],
            [
              58993,
              64702
            ],
            [
              58993,
              62799
            ]
          ]
        ]
      },
      "properties": {
        "objectType": "annotation",
        "classification": {
          "name": "background_e",
          "color": [
            255,
            182,
            193
          ]
        },
        "isLocked": false
      }
    },
    {
      "type": "Feature",
      "id": "patch_60896_62799",
      "geometry": {
        "type": "Polygon",
        "coordinates": [
          [
            [
              60896,
              62799
            ],
            [
              62799,
              62799
            ],
            [
              62799,
              64702
            ],
            [
              60896,
              64702
            ],
            [
              60896,
              62799
            ]
          ]
        ]
      },
      "properties": {
        "objectType": "annotation",
        "classification": {
          "name": "background_e",
          "color": [
            255,
            182,
            193
          ]
        },
        "isLocked": false
      }
    },
    {
      "type": "Feature",
      "id": "patch_62799_62799",
      "geometry": {
        "type": "Polygon",
        "coordinates": [
          [
            [
              62799,
              62799
            ],
            [
              64702,
              62799
            ],
            [
              64702,
              64702
            ],
            [
              62799,
              64702
            ],
            [
              62799,
              62799
            ]
          ]
        ]
      },
      "properties": {
        "objectType": "annotation",
        "classification": {
          "name": "background_e",
          "color": [
            255,
            182,
            193
          ]
        },
        "isLocked": false
      }
    },
    {
      "type": "Feature",
      "id": "patch_64702_62799",
      "geometry": {
        "type": "Polygon",
        "coordinates": [
          [
            [
              64702,
              62799
            ],
            [
              66605,
              62799
            ],
            [
              66605,
              64702
            ],
            [
              64702,
              64702
            ],
            [
              64702,
              62799
            ]
          ]
        ]
      },
      "properties": {
        "objectType": "annotation",
        "classification": {
          "name": "background_e",
          "color": [
            255,
            182,
            193
          ]
        },
        "isLocked": false
      }
    },
    {
      "type": "Feature",
      "id": "patch_66605_62799",
      "geometry": {
        "type": "Polygon",
        "coordinates": [
          [
            [
              66605,
              62799
            ],
            [
              68508,
              62799
            ],
            [
              68508,
              64702
            ],
            [
              66605,
              64702
            ],
            [
              66605,
              62799
            ]
          ]
        ]
      },
      "properties": {
        "objectType": "annotation",
        "classification": {
          "name": "background_e",
          "color": [
            255,
            182,
            193
          ]
        },
        "isLocked": false
      }
    },
    {
      "type": "Feature",
      "id": "patch_68508_62799",
      "geometry": {
        "type": "Polygon",
        "coordinates": [
          [
            [
              68508,
              62799
            ],
            [
              70411,
              62799
            ],
            [
              70411,
              64702
            ],
            [
              68508,
              64702
            ],
            [
              68508,
              62799
            ]
          ]
        ]
      },
      "properties": {
        "objectType": "annotation",
        "classification": {
          "name": "background_e",
          "color": [
            255,
            182,
            193
          ]
        },
        "isLocked": false
      }
    },
    {
      "type": "Feature",
      "id": "patch_70411_62799",
      "geometry": {
        "type": "Polygon",
        "coordinates": [
          [
            [
              70411,
              62799
            ],
            [
              72314,
              62799
            ],
            [
              72314,
              64702
            ],
            [
              70411,
              64702
            ],
            [
              70411,
              62799
            ]
          ]
        ]
      },
      "properties": {
        "objectType": "annotation",
        "classification": {
          "name": "background_e",
          "color": [
            255,
            182,
            193
          ]
        },
        "isLocked": false
      }
    },
    {
      "type": "Feature",
      "id": "patch_72314_62799",
      "geometry": {
        "type": "Polygon",
        "coordinates": [
          [
            [
              72314,
              62799
            ],
            [
              74217,
              62799
            ],
            [
              74217,
              64702
            ],
            [
              72314,
              64702
            ],
            [
              72314,
              62799
            ]
          ]
        ]
      },
      "properties": {
        "objectType": "annotation",
        "classification": {
          "name": "white",
          "color": [
            200,
            200,
            200
          ]
        },
        "isLocked": false
      }
    },
    {
      "type": "Feature",
      "id": "patch_22836_64702",
      "geometry": {
        "type": "Polygon",
        "coordinates": [
          [
            [
              22836,
              64702
            ],
            [
              24739,
              64702
            ],
            [
              24739,
              66605
            ],
            [
              22836,
              66605
            ],
            [
              22836,
              64702
            ]
          ]
        ]
      },
      "properties": {
        "objectType": "annotation",
        "classification": {
          "name": "vessel_e",
          "color": [
            255,
            0,
            0
          ]
        },
        "isLocked": false
      }
    },
    {
      "type": "Feature",
      "id": "patch_24739_64702",
      "geometry": {
        "type": "Polygon",
        "coordinates": [
          [
            [
              24739,
              64702
            ],
            [
              26642,
              64702
            ],
            [
              26642,
              66605
            ],
            [
              24739,
              66605
            ],
            [
              24739,
              64702
            ]
          ]
        ]
      },
      "properties": {
        "objectType": "annotation",
        "classification": {
          "name": "background_e",
          "color": [
            255,
            182,
            193
          ]
        },
        "isLocked": false
      }
    },
    {
      "type": "Feature",
      "id": "patch_26642_64702",
      "geometry": {
        "type": "Polygon",
        "coordinates": [
          [
            [
              26642,
              64702
            ],
            [
              28545,
              64702
            ],
            [
              28545,
              66605
            ],
            [
              26642,
              66605
            ],
            [
              26642,
              64702
            ]
          ]
        ]
      },
      "properties": {
        "objectType": "annotation",
        "classification": {
          "name": "background_e",
          "color": [
            255,
            182,
            193
          ]
        },
        "isLocked": false
      }
    },
    {
      "type": "Feature",
      "id": "patch_28545_64702",
      "geometry": {
        "type": "Polygon",
        "coordinates": [
          [
            [
              28545,
              64702
            ],
            [
              30448,
              64702
            ],
            [
              30448,
              66605
            ],
            [
              28545,
              66605
            ],
            [
              28545,
              64702
            ]
          ]
        ]
      },
      "properties": {
        "objectType": "annotation",
        "classification": {
          "name": "vessel_e",
          "color": [
            255,
            0,
            0
          ]
        },
        "isLocked": false
      }
    },
    {
      "type": "Feature",
      "id": "patch_30448_64702",
      "geometry": {
        "type": "Polygon",
        "coordinates": [
          [
            [
              30448,
              64702
            ],
            [
              32351,
              64702
            ],
            [
              32351,
              66605
            ],
            [
              30448,
              66605
            ],
            [
              30448,
              64702
            ]
          ]
        ]
      },
      "properties": {
        "objectType": "annotation",
        "classification": {
          "name": "background_e",
          "color": [
            255,
            182,
            193
          ]
        },
        "isLocked": false
      }
    },
    {
      "type": "Feature",
      "id": "patch_32351_64702",
      "geometry": {
        "type": "Polygon",
        "coordinates": [
          [
            [
              32351,
              64702
            ],
            [
              34254,
              64702
            ],
            [
              34254,
              66605
            ],
            [
              32351,
              66605
            ],
            [
              32351,
              64702
            ]
          ]
        ]
      },
      "properties": {
        "objectType": "annotation",
        "classification": {
          "name": "background_e",
          "color": [
            255,
            182,
            193
          ]
        },
        "isLocked": false
      }
    },
    {
      "type": "Feature",
      "id": "patch_34254_64702",
      "geometry": {
        "type": "Polygon",
        "coordinates": [
          [
            [
              34254,
              64702
            ],
            [
              36157,
              64702
            ],
            [
              36157,
              66605
            ],
            [
              34254,
              66605
            ],
            [
              34254,
              64702
            ]
          ]
        ]
      },
      "properties": {
        "objectType": "annotation",
        "classification": {
          "name": "background_e",
          "color": [
            255,
            182,
            193
          ]
        },
        "isLocked": false
      }
    },
    {
      "type": "Feature",
      "id": "patch_36157_64702",
      "geometry": {
        "type": "Polygon",
        "coordinates": [
          [
            [
              36157,
              64702
            ],
            [
              38060,
              64702
            ],
            [
              38060,
              66605
            ],
            [
              36157,
              66605
            ],
            [
              36157,
              64702
            ]
          ]
        ]
      },
      "properties": {
        "objectType": "annotation",
        "classification": {
          "name": "background_e",
          "color": [
            255,
            182,
            193
          ]
        },
        "isLocked": false
      }
    },
    {
      "type": "Feature",
      "id": "patch_38060_64702",
      "geometry": {
        "type": "Polygon",
        "coordinates": [
          [
            [
              38060,
              64702
            ],
            [
              39963,
              64702
            ],
            [
              39963,
              66605
            ],
            [
              38060,
              66605
            ],
            [
              38060,
              64702
            ]
          ]
        ]
      },
      "properties": {
        "objectType": "annotation",
        "classification": {
          "name": "background_e",
          "color": [
            255,
            182,
            193
          ]
        },
        "isLocked": false
      }
    },
    {
      "type": "Feature",
      "id": "patch_39963_64702",
      "geometry": {
        "type": "Polygon",
        "coordinates": [
          [
            [
              39963,
              64702
            ],
            [
              41866,
              64702
            ],
            [
              41866,
              66605
            ],
            [
              39963,
              66605
            ],
            [
              39963,
              64702
            ]
          ]
        ]
      },
      "properties": {
        "objectType": "annotation",
        "classification": {
          "name": "background_e",
          "color": [
            255,
            182,
            193
          ]
        },
        "isLocked": false
      }
    },
    {
      "type": "Feature",
      "id": "patch_41866_64702",
      "geometry": {
        "type": "Polygon",
        "coordinates": [
          [
            [
              41866,
              64702
            ],
            [
              43769,
              64702
            ],
            [
              43769,
              66605
            ],
            [
              41866,
              66605
            ],
            [
              41866,
              64702
            ]
          ]
        ]
      },
      "properties": {
        "objectType": "annotation",
        "classification": {
          "name": "background_e",
          "color": [
            255,
            182,
            193
          ]
        },
        "isLocked": false
      }
    },
    {
      "type": "Feature",
      "id": "patch_43769_64702",
      "geometry": {
        "type": "Polygon",
        "coordinates": [
          [
            [
              43769,
              64702
            ],
            [
              45672,
              64702
            ],
            [
              45672,
              66605
            ],
            [
              43769,
              66605
            ],
            [
              43769,
              64702
            ]
          ]
        ]
      },
      "properties": {
        "objectType": "annotation",
        "classification": {
          "name": "vessel_e",
          "color": [
            255,
            0,
            0
          ]
        },
        "isLocked": false
      }
    },
    {
      "type": "Feature",
      "id": "patch_45672_64702",
      "geometry": {
        "type": "Polygon",
        "coordinates": [
          [
            [
              45672,
              64702
            ],
            [
              47575,
              64702
            ],
            [
              47575,
              66605
            ],
            [
              45672,
              66605
            ],
            [
              45672,
              64702
            ]
          ]
        ]
      },
      "properties": {
        "objectType": "annotation",
        "classification": {
          "name": "background_e",
          "color": [
            255,
            182,
            193
          ]
        },
        "isLocked": false
      }
    },
    {
      "type": "Feature",
      "id": "patch_47575_64702",
      "geometry": {
        "type": "Polygon",
        "coordinates": [
          [
            [
              47575,
              64702
            ],
            [
              49478,
              64702
            ],
            [
              49478,
              66605
            ],
            [
              47575,
              66605
            ],
            [
              47575,
              64702
            ]
          ]
        ]
      },
      "properties": {
        "objectType": "annotation",
        "classification": {
          "name": "background_e",
          "color": [
            255,
            182,
            193
          ]
        },
        "isLocked": false
      }
    },
    {
      "type": "Feature",
      "id": "patch_49478_64702",
      "geometry": {
        "type": "Polygon",
        "coordinates": [
          [
            [
              49478,
              64702
            ],
            [
              51381,
              64702
            ],
            [
              51381,
              66605
            ],
            [
              49478,
              66605
            ],
            [
              49478,
              64702
            ]
          ]
        ]
      },
      "properties": {
        "objectType": "annotation",
        "classification": {
          "name": "background_e",
          "color": [
            255,
            182,
            193
          ]
        },
        "isLocked": false
      }
    },
    {
      "type": "Feature",
      "id": "patch_51381_64702",
      "geometry": {
        "type": "Polygon",
        "coordinates": [
          [
            [
              51381,
              64702
            ],
            [
              53284,
              64702
            ],
            [
              53284,
              66605
            ],
            [
              51381,
              66605
            ],
            [
              51381,
              64702
            ]
          ]
        ]
      },
      "properties": {
        "objectType": "annotation",
        "classification": {
          "name": "background_e",
          "color": [
            255,
            182,
            193
          ]
        },
        "isLocked": false
      }
    },
    {
      "type": "Feature",
      "id": "patch_53284_64702",
      "geometry": {
        "type": "Polygon",
        "coordinates": [
          [
            [
              53284,
              64702
            ],
            [
              55187,
              64702
            ],
            [
              55187,
              66605
            ],
            [
              53284,
              66605
            ],
            [
              53284,
              64702
            ]
          ]
        ]
      },
      "properties": {
        "objectType": "annotation",
        "classification": {
          "name": "background_e",
          "color": [
            255,
            182,
            193
          ]
        },
        "isLocked": false
      }
    },
    {
      "type": "Feature",
      "id": "patch_55187_64702",
      "geometry": {
        "type": "Polygon",
        "coordinates": [
          [
            [
              55187,
              64702
            ],
            [
              57090,
              64702
            ],
            [
              57090,
              66605
            ],
            [
              55187,
              66605
            ],
            [
              55187,
              64702
            ]
          ]
        ]
      },
      "properties": {
        "objectType": "annotation",
        "classification": {
          "name": "background_e",
          "color": [
            255,
            182,
            193
          ]
        },
        "isLocked": false
      }
    },
    {
      "type": "Feature",
      "id": "patch_57090_64702",
      "geometry": {
        "type": "Polygon",
        "coordinates": [
          [
            [
              57090,
              64702
            ],
            [
              58993,
              64702
            ],
            [
              58993,
              66605
            ],
            [
              57090,
              66605
            ],
            [
              57090,
              64702
            ]
          ]
        ]
      },
      "properties": {
        "objectType": "annotation",
        "classification": {
          "name": "vessel_e",
          "color": [
            255,
            0,
            0
          ]
        },
        "isLocked": false
      }
    },
    {
      "type": "Feature",
      "id": "patch_58993_64702",
      "geometry": {
        "type": "Polygon",
        "coordinates": [
          [
            [
              58993,
              64702
            ],
            [
              60896,
              64702
            ],
            [
              60896,
              66605
            ],
            [
              58993,
              66605
            ],
            [
              58993,
              64702
            ]
          ]
        ]
      },
      "properties": {
        "objectType": "annotation",
        "classification": {
          "name": "white",
          "color": [
            200,
            200,
            200
          ]
        },
        "isLocked": false
      }
    },
    {
      "type": "Feature",
      "id": "patch_60896_64702",
      "geometry": {
        "type": "Polygon",
        "coordinates": [
          [
            [
              60896,
              64702
            ],
            [
              62799,
              64702
            ],
            [
              62799,
              66605
            ],
            [
              60896,
              66605
            ],
            [
              60896,
              64702
            ]
          ]
        ]
      },
      "properties": {
        "objectType": "annotation",
        "classification": {
          "name": "white",
          "color": [
            200,
            200,
            200
          ]
        },
        "isLocked": false
      }
    },
    {
      "type": "Feature",
      "id": "patch_62799_64702",
      "geometry": {
        "type": "Polygon",
        "coordinates": [
          [
            [
              62799,
              64702
            ],
            [
              64702,
              64702
            ],
            [
              64702,
              66605
            ],
            [
              62799,
              66605
            ],
            [
              62799,
              64702
            ]
          ]
        ]
      },
      "properties": {
        "objectType": "annotation",
        "classification": {
          "name": "white",
          "color": [
            200,
            200,
            200
          ]
        },
        "isLocked": false
      }
    },
    {
      "type": "Feature",
      "id": "patch_24739_66605",
      "geometry": {
        "type": "Polygon",
        "coordinates": [
          [
            [
              24739,
              66605
            ],
            [
              26642,
              66605
            ],
            [
              26642,
              68508
            ],
            [
              24739,
              68508
            ],
            [
              24739,
              66605
            ]
          ]
        ]
      },
      "properties": {
        "objectType": "annotation",
        "classification": {
          "name": "background_e",
          "color": [
            255,
            182,
            193
          ]
        },
        "isLocked": false
      }
    },
    {
      "type": "Feature",
      "id": "patch_26642_66605",
      "geometry": {
        "type": "Polygon",
        "coordinates": [
          [
            [
              26642,
              66605
            ],
            [
              28545,
              66605
            ],
            [
              28545,
              68508
            ],
            [
              26642,
              68508
            ],
            [
              26642,
              66605
            ]
          ]
        ]
      },
      "properties": {
        "objectType": "annotation",
        "classification": {
          "name": "background_e",
          "color": [
            255,
            182,
            193
          ]
        },
        "isLocked": false
      }
    },
    {
      "type": "Feature",
      "id": "patch_28545_66605",
      "geometry": {
        "type": "Polygon",
        "coordinates": [
          [
            [
              28545,
              66605
            ],
            [
              30448,
              66605
            ],
            [
              30448,
              68508
            ],
            [
              28545,
              68508
            ],
            [
              28545,
              66605
            ]
          ]
        ]
      },
      "properties": {
        "objectType": "annotation",
        "classification": {
          "name": "background_e",
          "color": [
            255,
            182,
            193
          ]
        },
        "isLocked": false
      }
    },
    {
      "type": "Feature",
      "id": "patch_30448_66605",
      "geometry": {
        "type": "Polygon",
        "coordinates": [
          [
            [
              30448,
              66605
            ],
            [
              32351,
              66605
            ],
            [
              32351,
              68508
            ],
            [
              30448,
              68508
            ],
            [
              30448,
              66605
            ]
          ]
        ]
      },
      "properties": {
        "objectType": "annotation",
        "classification": {
          "name": "background_e",
          "color": [
            255,
            182,
            193
          ]
        },
        "isLocked": false
      }
    },
    {
      "type": "Feature",
      "id": "patch_32351_66605",
      "geometry": {
        "type": "Polygon",
        "coordinates": [
          [
            [
              32351,
              66605
            ],
            [
              34254,
              66605
            ],
            [
              34254,
              68508
            ],
            [
              32351,
              68508
            ],
            [
              32351,
              66605
            ]
          ]
        ]
      },
      "properties": {
        "objectType": "annotation",
        "classification": {
          "name": "background_e",
          "color": [
            255,
            182,
            193
          ]
        },
        "isLocked": false
      }
    },
    {
      "type": "Feature",
      "id": "patch_34254_66605",
      "geometry": {
        "type": "Polygon",
        "coordinates": [
          [
            [
              34254,
              66605
            ],
            [
              36157,
              66605
            ],
            [
              36157,
              68508
            ],
            [
              34254,
              68508
            ],
            [
              34254,
              66605
            ]
          ]
        ]
      },
      "properties": {
        "objectType": "annotation",
        "classification": {
          "name": "background_e",
          "color": [
            255,
            182,
            193
          ]
        },
        "isLocked": false
      }
    },
    {
      "type": "Feature",
      "id": "patch_36157_66605",
      "geometry": {
        "type": "Polygon",
        "coordinates": [
          [
            [
              36157,
              66605
            ],
            [
              38060,
              66605
            ],
            [
              38060,
              68508
            ],
            [
              36157,
              68508
            ],
            [
              36157,
              66605
            ]
          ]
        ]
      },
      "properties": {
        "objectType": "annotation",
        "classification": {
          "name": "vessel_e",
          "color": [
            255,
            0,
            0
          ]
        },
        "isLocked": false
      }
    },
    {
      "type": "Feature",
      "id": "patch_38060_66605",
      "geometry": {
        "type": "Polygon",
        "coordinates": [
          [
            [
              38060,
              66605
            ],
            [
              39963,
              66605
            ],
            [
              39963,
              68508
            ],
            [
              38060,
              68508
            ],
            [
              38060,
              66605
            ]
          ]
        ]
      },
      "properties": {
        "objectType": "annotation",
        "classification": {
          "name": "background_e",
          "color": [
            255,
            182,
            193
          ]
        },
        "isLocked": false
      }
    },
    {
      "type": "Feature",
      "id": "patch_39963_66605",
      "geometry": {
        "type": "Polygon",
        "coordinates": [
          [
            [
              39963,
              66605
            ],
            [
              41866,
              66605
            ],
            [
              41866,
              68508
            ],
            [
              39963,
              68508
            ],
            [
              39963,
              66605
            ]
          ]
        ]
      },
      "properties": {
        "objectType": "annotation",
        "classification": {
          "name": "background_e",
          "color": [
            255,
            182,
            193
          ]
        },
        "isLocked": false
      }
    },
    {
      "type": "Feature",
      "id": "patch_41866_66605",
      "geometry": {
        "type": "Polygon",
        "coordinates": [
          [
            [
              41866,
              66605
            ],
            [
              43769,
              66605
            ],
            [
              43769,
              68508
            ],
            [
              41866,
              68508
            ],
            [
              41866,
              66605
            ]
          ]
        ]
      },
      "properties": {
        "objectType": "annotation",
        "classification": {
          "name": "vessel_e",
          "color": [
            255,
            0,
            0
          ]
        },
        "isLocked": false
      }
    },
    {
      "type": "Feature",
      "id": "patch_43769_66605",
      "geometry": {
        "type": "Polygon",
        "coordinates": [
          [
            [
              43769,
              66605
            ],
            [
              45672,
              66605
            ],
            [
              45672,
              68508
            ],
            [
              43769,
              68508
            ],
            [
              43769,
              66605
            ]
          ]
        ]
      },
      "properties": {
        "objectType": "annotation",
        "classification": {
          "name": "vessel_e",
          "color": [
            255,
            0,
            0
          ]
        },
        "isLocked": false
      }
    },
    {
      "type": "Feature",
      "id": "patch_45672_66605",
      "geometry": {
        "type": "Polygon",
        "coordinates": [
          [
            [
              45672,
              66605
            ],
            [
              47575,
              66605
            ],
            [
              47575,
              68508
            ],
            [
              45672,
              68508
            ],
            [
              45672,
              66605
            ]
          ]
        ]
      },
      "properties": {
        "objectType": "annotation",
        "classification": {
          "name": "vessel_e",
          "color": [
            255,
            0,
            0
          ]
        },
        "isLocked": false
      }
    },
    {
      "type": "Feature",
      "id": "patch_47575_66605",
      "geometry": {
        "type": "Polygon",
        "coordinates": [
          [
            [
              47575,
              66605
            ],
            [
              49478,
              66605
            ],
            [
              49478,
              68508
            ],
            [
              47575,
              68508
            ],
            [
              47575,
              66605
            ]
          ]
        ]
      },
      "properties": {
        "objectType": "annotation",
        "classification": {
          "name": "background_e",
          "color": [
            255,
            182,
            193
          ]
        },
        "isLocked": false
      }
    },
    {
      "type": "Feature",
      "id": "patch_49478_66605",
      "geometry": {
        "type": "Polygon",
        "coordinates": [
          [
            [
              49478,
              66605
            ],
            [
              51381,
              66605
            ],
            [
              51381,
              68508
            ],
            [
              49478,
              68508
            ],
            [
              49478,
              66605
            ]
          ]
        ]
      },
      "properties": {
        "objectType": "annotation",
        "classification": {
          "name": "background_e",
          "color": [
            255,
            182,
            193
          ]
        },
        "isLocked": false
      }
    },
    {
      "type": "Feature",
      "id": "patch_51381_66605",
      "geometry": {
        "type": "Polygon",
        "coordinates": [
          [
            [
              51381,
              66605
            ],
            [
              53284,
              66605
            ],
            [
              53284,
              68508
            ],
            [
              51381,
              68508
            ],
            [
              51381,
              66605
            ]
          ]
        ]
      },
      "properties": {
        "objectType": "annotation",
        "classification": {
          "name": "vessel_e",
          "color": [
            255,
            0,
            0
          ]
        },
        "isLocked": false
      }
    },
    {
      "type": "Feature",
      "id": "patch_53284_66605",
      "geometry": {
        "type": "Polygon",
        "coordinates": [
          [
            [
              53284,
              66605
            ],
            [
              55187,
              66605
            ],
            [
              55187,
              68508
            ],
            [
              53284,
              68508
            ],
            [
              53284,
              66605
            ]
          ]
        ]
      },
      "properties": {
        "objectType": "annotation",
        "classification": {
          "name": "white",
          "color": [
            200,
            200,
            200
          ]
        },
        "isLocked": false
      }
    },
    {
      "type": "Feature",
      "id": "patch_26642_68508",
      "geometry": {
        "type": "Polygon",
        "coordinates": [
          [
            [
              26642,
              68508
            ],
            [
              28545,
              68508
            ],
            [
              28545,
              70411
            ],
            [
              26642,
              70411
            ],
            [
              26642,
              68508
            ]
          ]
        ]
      },
      "properties": {
        "objectType": "annotation",
        "classification": {
          "name": "background_e",
          "color": [
            255,
            182,
            193
          ]
        },
        "isLocked": false
      }
    },
    {
      "type": "Feature",
      "id": "patch_28545_68508",
      "geometry": {
        "type": "Polygon",
        "coordinates": [
          [
            [
              28545,
              68508
            ],
            [
              30448,
              68508
            ],
            [
              30448,
              70411
            ],
            [
              28545,
              70411
            ],
            [
              28545,
              68508
            ]
          ]
        ]
      },
      "properties": {
        "objectType": "annotation",
        "classification": {
          "name": "vessel_e",
          "color": [
            255,
            0,
            0
          ]
        },
        "isLocked": false
      }
    },
    {
      "type": "Feature",
      "id": "patch_30448_68508",
      "geometry": {
        "type": "Polygon",
        "coordinates": [
          [
            [
              30448,
              68508
            ],
            [
              32351,
              68508
            ],
            [
              32351,
              70411
            ],
            [
              30448,
              70411
            ],
            [
              30448,
              68508
            ]
          ]
        ]
      },
      "properties": {
        "objectType": "annotation",
        "classification": {
          "name": "background_e",
          "color": [
            255,
            182,
            193
          ]
        },
        "isLocked": false
      }
    },
    {
      "type": "Feature",
      "id": "patch_32351_68508",
      "geometry": {
        "type": "Polygon",
        "coordinates": [
          [
            [
              32351,
              68508
            ],
            [
              34254,
              68508
            ],
            [
              34254,
              70411
            ],
            [
              32351,
              70411
            ],
            [
              32351,
              68508
            ]
          ]
        ]
      },
      "properties": {
        "objectType": "annotation",
        "classification": {
          "name": "background_e",
          "color": [
            255,
            182,
            193
          ]
        },
        "isLocked": false
      }
    },
    {
      "type": "Feature",
      "id": "patch_34254_68508",
      "geometry": {
        "type": "Polygon",
        "coordinates": [
          [
            [
              34254,
              68508
            ],
            [
              36157,
              68508
            ],
            [
              36157,
              70411
            ],
            [
              34254,
              70411
            ],
            [
              34254,
              68508
            ]
          ]
        ]
      },
      "properties": {
        "objectType": "annotation",
        "classification": {
          "name": "background_e",
          "color": [
            255,
            182,
            193
          ]
        },
        "isLocked": false
      }
    },
    {
      "type": "Feature",
      "id": "patch_36157_68508",
      "geometry": {
        "type": "Polygon",
        "coordinates": [
          [
            [
              36157,
              68508
            ],
            [
              38060,
              68508
            ],
            [
              38060,
              70411
            ],
            [
              36157,
              70411
            ],
            [
              36157,
              68508
            ]
          ]
        ]
      },
      "properties": {
        "objectType": "annotation",
        "classification": {
          "name": "vessel_e",
          "color": [
            255,
            0,
            0
          ]
        },
        "isLocked": false
      }
    },
    {
      "type": "Feature",
      "id": "patch_38060_68508",
      "geometry": {
        "type": "Polygon",
        "coordinates": [
          [
            [
              38060,
              68508
            ],
            [
              39963,
              68508
            ],
            [
              39963,
              70411
            ],
            [
              38060,
              70411
            ],
            [
              38060,
              68508
            ]
          ]
        ]
      },
      "properties": {
        "objectType": "annotation",
        "classification": {
          "name": "vessel_e",
          "color": [
            255,
            0,
            0
          ]
        },
        "isLocked": false
      }
    },
    {
      "type": "Feature",
      "id": "patch_39963_68508",
      "geometry": {
        "type": "Polygon",
        "coordinates": [
          [
            [
              39963,
              68508
            ],
            [
              41866,
              68508
            ],
            [
              41866,
              70411
            ],
            [
              39963,
              70411
            ],
            [
              39963,
              68508
            ]
          ]
        ]
      },
      "properties": {
        "objectType": "annotation",
        "classification": {
          "name": "background_e",
          "color": [
            255,
            182,
            193
          ]
        },
        "isLocked": false
      }
    },
    {
      "type": "Feature",
      "id": "patch_41866_68508",
      "geometry": {
        "type": "Polygon",
        "coordinates": [
          [
            [
              41866,
              68508
            ],
            [
              43769,
              68508
            ],
            [
              43769,
              70411
            ],
            [
              41866,
              70411
            ],
            [
              41866,
              68508
            ]
          ]
        ]
      },
      "properties": {
        "objectType": "annotation",
        "classification": {
          "name": "background_e",
          "color": [
            255,
            182,
            193
          ]
        },
        "isLocked": false
      }
    },
    {
      "type": "Feature",
      "id": "patch_43769_68508",
      "geometry": {
        "type": "Polygon",
        "coordinates": [
          [
            [
              43769,
              68508
            ],
            [
              45672,
              68508
            ],
            [
              45672,
              70411
            ],
            [
              43769,
              70411
            ],
            [
              43769,
              68508
            ]
          ]
        ]
      },
      "properties": {
        "objectType": "annotation",
        "classification": {
          "name": "background_e",
          "color": [
            255,
            182,
            193
          ]
        },
        "isLocked": false
      }
    },
    {
      "type": "Feature",
      "id": "patch_45672_68508",
      "geometry": {
        "type": "Polygon",
        "coordinates": [
          [
            [
              45672,
              68508
            ],
            [
              47575,
              68508
            ],
            [
              47575,
              70411
            ],
            [
              45672,
              70411
            ],
            [
              45672,
              68508
            ]
          ]
        ]
      },
      "properties": {
        "objectType": "annotation",
        "classification": {
          "name": "background_e",
          "color": [
            255,
            182,
            193
          ]
        },
        "isLocked": false
      }
    },
    {
      "type": "Feature",
      "id": "patch_47575_68508",
      "geometry": {
        "type": "Polygon",
        "coordinates": [
          [
            [
              47575,
              68508
            ],
            [
              49478,
              68508
            ],
            [
              49478,
              70411
            ],
            [
              47575,
              70411
            ],
            [
              47575,
              68508
            ]
          ]
        ]
      },
      "properties": {
        "objectType": "annotation",
        "classification": {
          "name": "background_e",
          "color": [
            255,
            182,
            193
          ]
        },
        "isLocked": false
      }
    },
    {
      "type": "Feature",
      "id": "patch_49478_68508",
      "geometry": {
        "type": "Polygon",
        "coordinates": [
          [
            [
              49478,
              68508
            ],
            [
              51381,
              68508
            ],
            [
              51381,
              70411
            ],
            [
              49478,
              70411
            ],
            [
              49478,
              68508
            ]
          ]
        ]
      },
      "properties": {
        "objectType": "annotation",
        "classification": {
          "name": "vessel_e",
          "color": [
            255,
            0,
            0
          ]
        },
        "isLocked": false
      }
    },
    {
      "type": "Feature",
      "id": "patch_28545_70411",
      "geometry": {
        "type": "Polygon",
        "coordinates": [
          [
            [
              28545,
              70411
            ],
            [
              30448,
              70411
            ],
            [
              30448,
              72314
            ],
            [
              28545,
              72314
            ],
            [
              28545,
              70411
            ]
          ]
        ]
      },
      "properties": {
        "objectType": "annotation",
        "classification": {
          "name": "background_e",
          "color": [
            255,
            182,
            193
          ]
        },
        "isLocked": false
      }
    },
    {
      "type": "Feature",
      "id": "patch_30448_70411",
      "geometry": {
        "type": "Polygon",
        "coordinates": [
          [
            [
              30448,
              70411
            ],
            [
              32351,
              70411
            ],
            [
              32351,
              72314
            ],
            [
              30448,
              72314
            ],
            [
              30448,
              70411
            ]
          ]
        ]
      },
      "properties": {
        "objectType": "annotation",
        "classification": {
          "name": "background_e",
          "color": [
            255,
            182,
            193
          ]
        },
        "isLocked": false
      }
    },
    {
      "type": "Feature",
      "id": "patch_32351_70411",
      "geometry": {
        "type": "Polygon",
        "coordinates": [
          [
            [
              32351,
              70411
            ],
            [
              34254,
              70411
            ],
            [
              34254,
              72314
            ],
            [
              32351,
              72314
            ],
            [
              32351,
              70411
            ]
          ]
        ]
      },
      "properties": {
        "objectType": "annotation",
        "classification": {
          "name": "background_e",
          "color": [
            255,
            182,
            193
          ]
        },
        "isLocked": false
      }
    },
    {
      "type": "Feature",
      "id": "patch_34254_70411",
      "geometry": {
        "type": "Polygon",
        "coordinates": [
          [
            [
              34254,
              70411
            ],
            [
              36157,
              70411
            ],
            [
              36157,
              72314
            ],
            [
              34254,
              72314
            ],
            [
              34254,
              70411
            ]
          ]
        ]
      },
      "properties": {
        "objectType": "annotation",
        "classification": {
          "name": "background_e",
          "color": [
            255,
            182,
            193
          ]
        },
        "isLocked": false
      }
    },
    {
      "type": "Feature",
      "id": "patch_36157_70411",
      "geometry": {
        "type": "Polygon",
        "coordinates": [
          [
            [
              36157,
              70411
            ],
            [
              38060,
              70411
            ],
            [
              38060,
              72314
            ],
            [
              36157,
              72314
            ],
            [
              36157,
              70411
            ]
          ]
        ]
      },
      "properties": {
        "objectType": "annotation",
        "classification": {
          "name": "background_e",
          "color": [
            255,
            182,
            193
          ]
        },
        "isLocked": false
      }
    },
    {
      "type": "Feature",
      "id": "patch_38060_70411",
      "geometry": {
        "type": "Polygon",
        "coordinates": [
          [
            [
              38060,
              70411
            ],
            [
              39963,
              70411
            ],
            [
              39963,
              72314
            ],
            [
              38060,
              72314
            ],
            [
              38060,
              70411
            ]
          ]
        ]
      },
      "properties": {
        "objectType": "annotation",
        "classification": {
          "name": "background_e",
          "color": [
            255,
            182,
            193
          ]
        },
        "isLocked": false
      }
    },
    {
      "type": "Feature",
      "id": "patch_39963_70411",
      "geometry": {
        "type": "Polygon",
        "coordinates": [
          [
            [
              39963,
              70411
            ],
            [
              41866,
              70411
            ],
            [
              41866,
              72314
            ],
            [
              39963,
              72314
            ],
            [
              39963,
              70411
            ]
          ]
        ]
      },
      "properties": {
        "objectType": "annotation",
        "classification": {
          "name": "background_e",
          "color": [
            255,
            182,
            193
          ]
        },
        "isLocked": false
      }
    },
    {
      "type": "Feature",
      "id": "patch_41866_70411",
      "geometry": {
        "type": "Polygon",
        "coordinates": [
          [
            [
              41866,
              70411
            ],
            [
              43769,
              70411
            ],
            [
              43769,
              72314
            ],
            [
              41866,
              72314
            ],
            [
              41866,
              70411
            ]
          ]
        ]
      },
      "properties": {
        "objectType": "annotation",
        "classification": {
          "name": "background_e",
          "color": [
            255,
            182,
            193
          ]
        },
        "isLocked": false
      }
    },
    {
      "type": "Feature",
      "id": "patch_43769_70411",
      "geometry": {
        "type": "Polygon",
        "coordinates": [
          [
            [
              43769,
              70411
            ],
            [
              45672,
              70411
            ],
            [
              45672,
              72314
            ],
            [
              43769,
              72314
            ],
            [
              43769,
              70411
            ]
          ]
        ]
      },
      "properties": {
        "objectType": "annotation",
        "classification": {
          "name": "vessel_e",
          "color": [
            255,
            0,
            0
          ]
        },
        "isLocked": false
      }
    },
    {
      "type": "Feature",
      "id": "patch_45672_70411",
      "geometry": {
        "type": "Polygon",
        "coordinates": [
          [
            [
              45672,
              70411
            ],
            [
              47575,
              70411
            ],
            [
              47575,
              72314
            ],
            [
              45672,
              72314
            ],
            [
              45672,
              70411
            ]
          ]
        ]
      },
      "properties": {
        "objectType": "annotation",
        "classification": {
          "name": "background_e",
          "color": [
            255,
            182,
            193
          ]
        },
        "isLocked": false
      }
    },
    {
      "type": "Feature",
      "id": "patch_49478_70411",
      "geometry": {
        "type": "Polygon",
        "coordinates": [
          [
            [
              49478,
              70411
            ],
            [
              51381,
              70411
            ],
            [
              51381,
              72314
            ],
            [
              49478,
              72314
            ],
            [
              49478,
              70411
            ]
          ]
        ]
      },
      "properties": {
        "objectType": "annotation",
        "classification": {
          "name": "background_e",
          "color": [
            255,
            182,
            193
          ]
        },
        "isLocked": false
      }
    },
    {
      "type": "Feature",
      "id": "patch_36157_72314",
      "geometry": {
        "type": "Polygon",
        "coordinates": [
          [
            [
              36157,
              72314
            ],
            [
              38060,
              72314
            ],
            [
              38060,
              74217
            ],
            [
              36157,
              74217
            ],
            [
              36157,
              72314
            ]
          ]
        ]
      },
      "properties": {
        "objectType": "annotation",
        "classification": {
          "name": "background_e",
          "color": [
            255,
            182,
            193
          ]
        },
        "isLocked": false
      }
    },
    {
      "type": "Feature",
      "id": "patch_38060_72314",
      "geometry": {
        "type": "Polygon",
        "coordinates": [
          [
            [
              38060,
              72314
            ],
            [
              39963,
              72314
            ],
            [
              39963,
              74217
            ],
            [
              38060,
              74217
            ],
            [
              38060,
              72314
            ]
          ]
        ]
      },
      "properties": {
        "objectType": "annotation",
        "classification": {
          "name": "background_e",
          "color": [
            255,
            182,
            193
          ]
        },
        "isLocked": false
      }
    },
    {
      "type": "Feature",
      "id": "patch_39963_72314",
      "geometry": {
        "type": "Polygon",
        "coordinates": [
          [
            [
              39963,
              72314
            ],
            [
              41866,
              72314
            ],
            [
              41866,
              74217
            ],
            [
              39963,
              74217
            ],
            [
              39963,
              72314
            ]
          ]
        ]
      },
      "properties": {
        "objectType": "annotation",
        "classification": {
          "name": "background_e",
          "color": [
            255,
            182,
            193
          ]
        },
        "isLocked": false
      }
    },
    {
      "type": "Feature",
      "id": "patch_41866_72314",
      "geometry": {
        "type": "Polygon",
        "coordinates": [
          [
            [
              41866,
              72314
            ],
            [
              43769,
              72314
            ],
            [
              43769,
              74217
            ],
            [
              41866,
              74217
            ],
            [
              41866,
              72314
            ]
          ]
        ]
      },
      "properties": {
        "objectType": "annotation",
        "classification": {
          "name": "white",
          "color": [
            200,
            200,
            200
          ]
        },
        "isLocked": false
      }
    },
    {
      "type": "Feature",
      "id": "patch_47575_72314",
      "geometry": {
        "type": "Polygon",
        "coordinates": [
          [
            [
              47575,
              72314
            ],
            [
              49478,
              72314
            ],
            [
              49478,
              74217
            ],
            [
              47575,
              74217
            ],
            [
              47575,
              72314
            ]
          ]
        ]
      },
      "properties": {
        "objectType": "annotation",
        "classification": {
          "name": "background_e",
          "color": [
            255,
            182,
            193
          ]
        },
        "isLocked": false
      }
    },
    {
      "type": "Feature",
      "id": "patch_49478_72314",
      "geometry": {
        "type": "Polygon",
        "coordinates": [
          [
            [
              49478,
              72314
            ],
            [
              51381,
              72314
            ],
            [
              51381,
              74217
            ],
            [
              49478,
              74217
            ],
            [
              49478,
              72314
            ]
          ]
        ]
      },
      "properties": {
        "objectType": "annotation",
        "classification": {
          "name": "background_e",
          "color": [
            255,
            182,
            193
          ]
        },
        "isLocked": false
      }
    }
  ]
}