{
  "type": "FeatureCollection",
  "features": [
    {
      "type": "Feature",
      "id": "patch_34218_13307",
      "geometry": {
        "type": "Polygon",
        "coordinates": [
          [
            [
              34218,
              13307
            ],
            [
              36119,
              13307
            ],
            [
              36119,
              15208
            ],
            [
              34218,
              15208
            ],
            [
              34218,
              13307
            ]
          ]
        ]
      },
      "properties": {
        "objectType": "annotation",
        "classification": {
          "name": "white",
          "color": [
            200,
            200,
            200
          ]
        },
        "isLocked": false
      }
    },
    {
      "type": "Feature",
      "id": "patch_36119_15208",
      "geometry": {
        "type": "Polygon",
        "coordinates": [
          [
            [
              36119,
              15208
            ],
            [
              38020,
              15208
            ],
            [
              38020,
              17109
            ],
            [
              36119,
              17109
            ],
            [
              36119,
              15208
            ]
          ]
        ]
      },
      "properties": {
        "objectType": "annotation",
        "classification": {
          "name": "white",
          "color": [
            200,
            200,
            200
          ]
        },
        "isLocked": false
      }
    },
    {
      "type": "Feature",
      "id": "patch_24713_17109",
      "geometry": {
        "type": "Polygon",
        "coordinates": [
          [
            [
              24713,
              17109
            ],
            [
              26614,
              17109
            ],
            [
              26614,
              19010
            ],
            [
              24713,
              19010
            ],
            [
              24713,
              17109
            ]
          ]
        ]
      },
      "properties": {
        "objectType": "annotation",
        "classification": {
          "name": "background_e",
          "color": [
            255,
            182,
            193
          ]
        },
        "isLocked": false
      }
    },
    {
      "type": "Feature",
      "id": "patch_26614_17109",
      "geometry": {
        "type": "Polygon",
        "coordinates": [
          [
            [
              26614,
              17109
            ],
            [
              28515,
              17109
            ],
            [
              28515,
              19010
            ],
            [
              26614,
              19010
            ],
            [
              26614,
              17109
            ]
          ]
        ]
      },
      "properties": {
        "objectType": "annotation",
        "classification": {
          "name": "background_e",
          "color": [
            255,
            182,
            193
          ]
        },
        "isLocked": false
      }
    },
    {
      "type": "Feature",
      "id": "patch_28515_17109",
      "geometry": {
        "type": "Polygon",
        "coordinates": [
          [
            [
              28515,
              17109
            ],
            [
              30416,
              17109
            ],
            [
              30416,
              19010
            ],
            [
              28515,
              19010
            ],
            [
              28515,
              17109
            ]
          ]
        ]
      },
      "properties": {
        "objectType": "annotation",
        "classification": {
          "name": "background_e",
          "color": [
            255,
            182,
            193
          ]
        },
        "isLocked": false
      }
    },
    {
      "type": "Feature",
      "id": "patch_30416_17109",
      "geometry": {
        "type": "Polygon",
        "coordinates": [
          [
            [
              30416,
              17109
            ],
            [
              32317,
              17109
            ],
            [
              32317,
              19010
            ],
            [
              30416,
              19010
            ],
            [
              30416,
              17109
            ]
          ]
        ]
      },
      "properties": {
        "objectType": "annotation",
        "classification": {
          "name": "background_e",
          "color": [
            255,
            182,
            193
          ]
        },
        "isLocked": false
      }
    },
    {
      "type": "Feature",
      "id": "patch_32317_17109",
      "geometry": {
        "type": "Polygon",
        "coordinates": [
          [
            [
              32317,
              17109
            ],
            [
              34218,
              17109
            ],
            [
              34218,
              19010
            ],
            [
              32317,
              19010
            ],
            [
              32317,
              17109
            ]
          ]
        ]
      },
      "properties": {
        "objectType": "annotation",
        "classification": {
          "name": "background_e",
          "color": [
            255,
            182,
            193
          ]
        },
        "isLocked": false
      }
    },
    {
      "type": "Feature",
      "id": "patch_34218_17109",
      "geometry": {
        "type": "Polygon",
        "coordinates": [
          [
            [
              34218,
              17109
            ],
            [
              36119,
              17109
            ],
            [
              36119,
              19010
            ],
            [
              34218,
              19010
            ],
            [
              34218,
              17109
            ]
          ]
        ]
      },
      "properties": {
        "objectType": "annotation",
        "classification": {
          "name": "background_e",
          "color": [
            255,
            182,
            193
          ]
        },
        "isLocked": false
      }
    },
    {
      "type": "Feature",
      "id": "patch_36119_17109",
      "geometry": {
        "type": "Polygon",
        "coordinates": [
          [
            [
              36119,
              17109
            ],
            [
              38020,
              17109
            ],
            [
              38020,
              19010
            ],
            [
              36119,
              19010
            ],
            [
              36119,
              17109
            ]
          ]
        ]
      },
      "properties": {
        "objectType": "annotation",
        "classification": {
          "name": "background_e",
          "color": [
            255,
            182,
            193
          ]
        },
        "isLocked": false
      }
    },
    {
      "type": "Feature",
      "id": "patch_47525_17109",
      "geometry": {
        "type": "Polygon",
        "coordinates": [
          [
            [
              47525,
              17109
            ],
            [
              49426,
              17109
            ],
            [
              49426,
              19010
            ],
            [
              47525,
              19010
            ],
            [
              47525,
              17109
            ]
          ]
        ]
      },
      "properties": {
        "objectType": "annotation",
        "classification": {
          "name": "white",
          "color": [
            200,
            200,
            200
          ]
        },
        "isLocked": false
      }
    },
    {
      "type": "Feature",
      "id": "patch_49426_17109",
      "geometry": {
        "type": "Polygon",
        "coordinates": [
          [
            [
              49426,
              17109
            ],
            [
              51327,
              17109
            ],
            [
              51327,
              19010
            ],
            [
              49426,
              19010
            ],
            [
              49426,
              17109
            ]
          ]
        ]
      },
      "properties": {
        "objectType": "annotation",
        "classification": {
          "name": "vessel_h",
          "color": [
            128,
            0,
            128
          ]
        },
        "isLocked": false
      }
    },
    {
      "type": "Feature",
      "id": "patch_51327_17109",
      "geometry": {
        "type": "Polygon",
        "coordinates": [
          [
            [
              51327,
              17109
            ],
            [
              53228,
              17109
            ],
            [
              53228,
              19010
            ],
            [
              51327,
              19010
            ],
            [
              51327,
              17109
            ]
          ]
        ]
      },
      "properties": {
        "objectType": "annotation",
        "classification": {
          "name": "vessel_h",
          "color": [
            128,
            0,
            128
          ]
        },
        "isLocked": false
      }
    },
    {
      "type": "Feature",
      "id": "patch_53228_17109",
      "geometry": {
        "type": "Polygon",
        "coordinates": [
          [
            [
              53228,
              17109
            ],
            [
              55129,
              17109
            ],
            [
              55129,
              19010
            ],
            [
              53228,
              19010
            ],
            [
              53228,
              17109
            ]
          ]
        ]
      },
      "properties": {
        "objectType": "annotation",
        "classification": {
          "name": "white",
          "color": [
            200,
            200,
            200
          ]
        },
        "isLocked": false
      }
    },
    {
      "type": "Feature",
      "id": "patch_58931_17109",
      "geometry": {
        "type": "Polygon",
        "coordinates": [
          [
            [
              58931,
              17109
            ],
            [
              60832,
              17109
            ],
            [
              60832,
              19010
            ],
            [
              58931,
              19010
            ],
            [
              58931,
              17109
            ]
          ]
        ]
      },
      "properties": {
        "objectType": "annotation",
        "classification": {
          "name": "background_e",
          "color": [
            255,
            182,
            193
          ]
        },
        "isLocked": false
      }
    },
    {
      "type": "Feature",
      "id": "patch_15208_19010",
      "geometry": {
        "type": "Polygon",
        "coordinates": [
          [
            [
              15208,
              19010
            ],
            [
              17109,
              19010
            ],
            [
              17109,
              20911
            ],
            [
              15208,
              20911
            ],
            [
              15208,
              19010
            ]
          ]
        ]
      },
      "properties": {
        "objectType": "annotation",
        "classification": {
          "name": "background_e",
          "color": [
            255,
            182,
            193
          ]
        },
        "isLocked": false
      }
    },
    {
      "type": "Feature",
      "id": "patch_17109_19010",
      "geometry": {
        "type": "Polygon",
        "coordinates": [
          [
            [
              17109,
              19010
            ],
            [
              19010,
              19010
            ],
            [
              19010,
              20911
            ],
            [
              17109,
              20911
            ],
            [
              17109,
              19010
            ]
          ]
        ]
      },
      "properties": {
        "objectType": "annotation",
        "classification": {
          "name": "background_e",
          "color": [
            255,
            182,
            193
          ]
        },
        "isLocked": false
      }
    },
    {
      "type": "Feature",
      "id": "patch_19010_19010",
      "geometry": {
        "type": "Polygon",
        "coordinates": [
          [
            [
              19010,
              19010
            ],
            [
              20911,
              19010
            ],
            [
              20911,
              20911
            ],
            [
              19010,
              20911
            ],
            [
              19010,
              19010
            ]
          ]
        ]
      },
      "properties": {
        "objectType": "annotation",
        "classification": {
          "name": "background_e",
          "color": [
            255,
            182,
            193
          ]
        },
        "isLocked": false
      }
    },
    {
      "type": "Feature",
      "id": "patch_20911_19010",
      "geometry": {
        "type": "Polygon",
        "coordinates": [
          [
            [
              20911,
              19010
            ],
            [
              22812,
              19010
            ],
            [
              22812,
              20911
            ],
            [
              20911,
              20911
            ],
            [
              20911,
              19010
            ]
          ]
        ]
      },
      "properties": {
        "objectType": "annotation",
        "classification": {
          "name": "background_e",
          "color": [
            255,
            182,
            193
          ]
        },
        "isLocked": false
      }
    },
    {
      "type": "Feature",
      "id": "patch_22812_19010",
      "geometry": {
        "type": "Polygon",
        "coordinates": [
          [
            [
              22812,
              19010
            ],
            [
              24713,
              19010
            ],
            [
              24713,
              20911
            ],
            [
              22812,
              20911
            ],
            [
              22812,
              19010
            ]
          ]
        ]
      },
      "properties": {
        "objectType": "annotation",
        "classification": {
          "name": "background_e",
          "color": [
            255,
            182,
            193
          ]
        },
        "isLocked": false
      }
    },
    {
      "type": "Feature",
      "id": "patch_24713_19010",
      "geometry": {
        "type": "Polygon",
        "coordinates": [
          [
            [
              24713,
              19010
            ],
            [
              26614,
              19010
            ],
            [
              26614,
              20911
            ],
            [
              24713,
              20911
            ],
            [
              24713,
              19010
            ]
          ]
        ]
      },
      "properties": {
        "objectType": "annotation",
        "classification": {
          "name": "background_e",
          "color": [
            255,
            182,
            193
          ]
        },
        "isLocked": false
      }
    },
    {
      "type": "Feature",
      "id": "patch_26614_19010",
      "geometry": {
        "type": "Polygon",
        "coordinates": [
          [
            [
              26614,
              19010
            ],
            [
              28515,
              19010
            ],
            [
              28515,
              20911
            ],
            [
              26614,
              20911
            ],
            [
              26614,
              19010
            ]
          ]
        ]
      },
      "properties": {
        "objectType": "annotation",
        "classification": {
          "name": "background_e",
          "color": [
            255,
            182,
            193
          ]
        },
        "isLocked": false
      }
    },
    {
      "type": "Feature",
      "id": "patch_28515_19010",
      "geometry": {
        "type": "Polygon",
        "coordinates": [
          [
            [
              28515,
              19010
            ],
            [
              30416,
              19010
            ],
            [
              30416,
              20911
            ],
            [
              28515,
              20911
            ],
            [
              28515,
              19010
            ]
          ]
        ]
      },
      "properties": {
        "objectType": "annotation",
        "classification": {
          "name": "vessel_e",
          "color": [
            255,
            0,
            0
          ]
        },
        "isLocked": false
      }
    },
    {
      "type": "Feature",
      "id": "patch_30416_19010",
      "geometry": {
        "type": "Polygon",
        "coordinates": [
          [
            [
              30416,
              19010
            ],
            [
              32317,
              19010
            ],
            [
              32317,
              20911
            ],
            [
              30416,
              20911
            ],
            [
              30416,
              19010
            ]
          ]
        ]
      },
      "properties": {
        "objectType": "annotation",
        "classification": {
          "name": "background_e",
          "color": [
            255,
            182,
            193
          ]
        },
        "isLocked": false
      }
    },
    {
      "type": "Feature",
      "id": "patch_32317_19010",
      "geometry": {
        "type": "Polygon",
        "coordinates": [
          [
            [
              32317,
              19010
            ],
            [
              34218,
              19010
            ],
            [
              34218,
              20911
            ],
            [
              32317,
              20911
            ],
            [
              32317,
              19010
            ]
          ]
        ]
      },
      "properties": {
        "objectType": "annotation",
        "classification": {
          "name": "background_e",
          "color": [
            255,
            182,
            193
          ]
        },
        "isLocked": false
      }
    },
    {
      "type": "Feature",
      "id": "patch_34218_19010",
      "geometry": {
        "type": "Polygon",
        "coordinates": [
          [
            [
              34218,
              19010
            ],
            [
              36119,
              19010
            ],
            [
              36119,
              20911
            ],
            [
              34218,
              20911
            ],
            [
              34218,
              19010
            ]
          ]
        ]
      },
      "properties": {
        "objectType": "annotation",
        "classification": {
          "name": "background_e",
          "color": [
            255,
            182,
            193
          ]
        },
        "isLocked": false
      }
    },
    {
      "type": "Feature",
      "id": "patch_36119_19010",
      "geometry": {
        "type": "Polygon",
        "coordinates": [
          [
            [
              36119,
              19010
            ],
            [
              38020,
              19010
            ],
            [
              38020,
              20911
            ],
            [
              36119,
              20911
            ],
            [
              36119,
              19010
            ]
          ]
        ]
      },
      "properties": {
        "objectType": "annotation",
        "classification": {
          "name": "background_e",
          "color": [
            255,
            182,
            193
          ]
        },
        "isLocked": false
      }
    },
    {
      "type": "Feature",
      "id": "patch_38020_19010",
      "geometry": {
        "type": "Polygon",
        "coordinates": [
          [
            [
              38020,
              19010
            ],
            [
              39921,
              19010
            ],
            [
              39921,
              20911
            ],
            [
              38020,
              20911
            ],
            [
              38020,
              19010
            ]
          ]
        ]
      },
      "properties": {
        "objectType": "annotation",
        "classification": {
          "name": "background_e",
          "color": [
            255,
            182,
            193
          ]
        },
        "isLocked": false
      }
    },
    {
      "type": "Feature",
      "id": "patch_39921_19010",
      "geometry": {
        "type": "Polygon",
        "coordinates": [
          [
            [
              39921,
              19010
            ],
            [
              41822,
              19010
            ],
            [
              41822,
              20911
            ],
            [
              39921,
              20911
            ],
            [
              39921,
              19010
            ]
          ]
        ]
      },
      "properties": {
        "objectType": "annotation",
        "classification": {
          "name": "background_e",
          "color": [
            255,
            182,
            193
          ]
        },
        "isLocked": false
      }
    },
    {
      "type": "Feature",
      "id": "patch_41822_19010",
      "geometry": {
        "type": "Polygon",
        "coordinates": [
          [
            [
              41822,
              19010
            ],
            [
              43723,
              19010
            ],
            [
              43723,
              20911
            ],
            [
              41822,
              20911
            ],
            [
              41822,
              19010
            ]
          ]
        ]
      },
      "properties": {
        "objectType": "annotation",
        "classification": {
          "name": "background_e",
          "color": [
            255,
            182,
            193
          ]
        },
        "isLocked": false
      }
    },
    {
      "type": "Feature",
      "id": "patch_43723_19010",
      "geometry": {
        "type": "Polygon",
        "coordinates": [
          [
            [
              43723,
              19010
            ],
            [
              45624,
              19010
            ],
            [
              45624,
              20911
            ],
            [
              43723,
              20911
            ],
            [
              43723,
              19010
            ]
          ]
        ]
      },
      "properties": {
        "objectType": "annotation",
        "classification": {
          "name": "background_e",
          "color": [
            255,
            182,
            193
          ]
        },
        "isLocked": false
      }
    },
    {
      "type": "Feature",
      "id": "patch_45624_19010",
      "geometry": {
        "type": "Polygon",
        "coordinates": [
          [
            [
              45624,
              19010
            ],
            [
              47525,
              19010
            ],
            [
              47525,
              20911
            ],
            [
              45624,
              20911
            ],
            [
              45624,
              19010
            ]
          ]
        ]
      },
      "properties": {
        "objectType": "annotation",
        "classification": {
          "name": "background_e",
          "color": [
            255,
            182,
            193
          ]
        },
        "isLocked": false
      }
    },
    {
      "type": "Feature",
      "id": "patch_47525_19010",
      "geometry": {
        "type": "Polygon",
        "coordinates": [
          [
            [
              47525,
              19010
            ],
            [
              49426,
              19010
            ],
            [
              49426,
              20911
            ],
            [
              47525,
              20911
            ],
            [
              47525,
              19010
            ]
          ]
        ]
      },
      "properties": {
        "objectType": "annotation",
        "classification": {
          "name": "white",
          "color": [
            200,
            200,
            200
          ]
        },
        "isLocked": false
      }
    },
    {
      "type": "Feature",
      "id": "patch_62733_19010",
      "geometry": {
        "type": "Polygon",
        "coordinates": [
          [
            [
              62733,
              19010
            ],
            [
              64634,
              19010
            ],
            [
              64634,
              20911
            ],
            [
              62733,
              20911
            ],
            [
              62733,
              19010
            ]
          ]
        ]
      },
      "properties": {
        "objectType": "annotation",
        "classification": {
          "name": "background_e",
          "color": [
            255,
            182,
            193
          ]
        },
        "isLocked": false
      }
    },
    {
      "type": "Feature",
      "id": "patch_11406_20911",
      "geometry": {
        "type": "Polygon",
        "coordinates": [
          [
            [
              11406,
              20911
            ],
            [
              13307,
              20911
            ],
            [
              13307,
              22812
            ],
            [
              11406,
              22812
            ],
            [
              11406,
              20911
            ]
          ]
        ]
      },
      "properties": {
        "objectType": "annotation",
        "classification": {
          "name": "background_e",
          "color": [
            255,
            182,
            193
          ]
        },
        "isLocked": false
      }
    },
    {
      "type": "Feature",
      "id": "patch_13307_20911",
      "geometry": {
        "type": "Polygon",
        "coordinates": [
          [
            [
              13307,
              20911
            ],
            [
              15208,
              20911
            ],
            [
              15208,
              22812
            ],
            [
              13307,
              22812
            ],
            [
              13307,
              20911
            ]
          ]
        ]
      },
      "properties": {
        "objectType": "annotation",
        "classification": {
          "name": "background_e",
          "color": [
            255,
            182,
            193
          ]
        },
        "isLocked": false
      }
    },
    {
      "type": "Feature",
      "id": "patch_15208_20911",
      "geometry": {
        "type": "Polygon",
        "coordinates": [
          [
            [
              15208,
              20911
            ],
            [
              17109,
              20911
            ],
            [
              17109,
              22812
            ],
            [
              15208,
              22812
            ],
            [
              15208,
              20911
            ]
          ]
        ]
      },
      "properties": {
        "objectType": "annotation",
        "classification": {
          "name": "background_e",
          "color": [
            255,
            182,
            193
          ]
        },
        "isLocked": false
      }
    },
    {
      "type": "Feature",
      "id": "patch_17109_20911",
      "geometry": {
        "type": "Polygon",
        "coordinates": [
          [
            [
              17109,
              20911
            ],
            [
              19010,
              20911
            ],
            [
              19010,
              22812
            ],
            [
              17109,
              22812
            ],
            [
              17109,
              20911
            ]
          ]
        ]
      },
      "properties": {
        "objectType": "annotation",
        "classification": {
          "name": "vessel_e",
          "color": [
            255,
            0,
            0
          ]
        },
        "isLocked": false
      }
    },
    {
      "type": "Feature",
      "id": "patch_19010_20911",
      "geometry": {
        "type": "Polygon",
        "coordinates": [
          [
            [
              19010,
              20911
            ],
            [
              20911,
              20911
            ],
            [
              20911,
              22812
            ],
            [
              19010,
              22812
            ],
            [
              19010,
              20911
            ]
          ]
        ]
      },
      "properties": {
        "objectType": "annotation",
        "classification": {
          "name": "background_e",
          "color": [
            255,
            182,
            193
          ]
        },
        "isLocked": false
      }
    },
    {
      "type": "Feature",
      "id": "patch_20911_20911",
      "geometry": {
        "type": "Polygon",
        "coordinates": [
          [
            [
              20911,
              20911
            ],
            [
              22812,
              20911
            ],
            [
              22812,
              22812
            ],
            [
              20911,
              22812
            ],
            [
              20911,
              20911
            ]
          ]
        ]
      },
      "properties": {
        "objectType": "annotation",
        "classification": {
          "name": "background_e",
          "color": [
            255,
            182,
            193
          ]
        },
        "isLocked": false
      }
    },
    {
      "type": "Feature",
      "id": "patch_22812_20911",
      "geometry": {
        "type": "Polygon",
        "coordinates": [
          [
            [
              22812,
              20911
            ],
            [
              24713,
              20911
            ],
            [
              24713,
              22812
            ],
            [
              22812,
              22812
            ],
            [
              22812,
              20911
            ]
          ]
        ]
      },
      "properties": {
        "objectType": "annotation",
        "classification": {
          "name": "background_e",
          "color": [
            255,
            182,
            193
          ]
        },
        "isLocked": false
      }
    },
    {
      "type": "Feature",
      "id": "patch_24713_20911",
      "geometry": {
        "type": "Polygon",
        "coordinates": [
          [
            [
              24713,
              20911
            ],
            [
              26614,
              20911
            ],
            [
              26614,
              22812
            ],
            [
              24713,
              22812
            ],
            [
              24713,
              20911
            ]
          ]
        ]
      },
      "properties": {
        "objectType": "annotation",
        "classification": {
          "name": "background_e",
          "color": [
            255,
            182,
            193
          ]
        },
        "isLocked": false
      }
    },
    {
      "type": "Feature",
      "id": "patch_26614_20911",
      "geometry": {
        "type": "Polygon",
        "coordinates": [
          [
            [
              26614,
              20911
            ],
            [
              28515,
              20911
            ],
            [
              28515,
              22812
            ],
            [
              26614,
              22812
            ],
            [
              26614,
              20911
            ]
          ]
        ]
      },
      "properties": {
        "objectType": "annotation",
        "classification": {
          "name": "background_e",
          "color": [
            255,
            182,
            193
          ]
        },
        "isLocked": false
      }
    },
    {
      "type": "Feature",
      "id": "patch_28515_20911",
      "geometry": {
        "type": "Polygon",
        "coordinates": [
          [
            [
              28515,
              20911
            ],
            [
              30416,
              20911
            ],
            [
              30416,
              22812
            ],
            [
              28515,
              22812
            ],
            [
              28515,
              20911
            ]
          ]
        ]
      },
      "properties": {
        "objectType": "annotation",
        "classification": {
          "name": "vessel_e",
          "color": [
            255,
            0,
            0
          ]
        },
        "isLocked": false
      }
    },
    {
      "type": "Feature",
      "id": "patch_30416_20911",
      "geometry": {
        "type": "Polygon",
        "coordinates": [
          [
            [
              30416,
              20911
            ],
            [
              32317,
              20911
            ],
            [
              32317,
              22812
            ],
            [
              30416,
              22812
            ],
            [
              30416,
              20911
            ]
          ]
        ]
      },
      "properties": {
        "objectType": "annotation",
        "classification": {
          "name": "background_e",
          "color": [
            255,
            182,
            193
          ]
        },
        "isLocked": false
      }
    },
    {
      "type": "Feature",
      "id": "patch_32317_20911",
      "geometry": {
        "type": "Polygon",
        "coordinates": [
          [
            [
              32317,
              20911
            ],
            [
              34218,
              20911
            ],
            [
              34218,
              22812
            ],
            [
              32317,
              22812
            ],
            [
              32317,
              20911
            ]
          ]
        ]
      },
      "properties": {
        "objectType": "annotation",
        "classification": {
          "name": "background_e",
          "color": [
            255,
            182,
            193
          ]
        },
        "isLocked": false
      }
    },
    {
      "type": "Feature",
      "id": "patch_34218_20911",
      "geometry": {
        "type": "Polygon",
        "coordinates": [
          [
            [
              34218,
              20911
            ],
            [
              36119,
              20911
            ],
            [
              36119,
              22812
            ],
            [
              34218,
              22812
            ],
            [
              34218,
              20911
            ]
          ]
        ]
      },
      "properties": {
        "objectType": "annotation",
        "classification": {
          "name": "background_e",
          "color": [
            255,
            182,
            193
          ]
        },
        "isLocked": false
      }
    },
    {
      "type": "Feature",
      "id": "patch_36119_20911",
      "geometry": {
        "type": "Polygon",
        "coordinates": [
          [
            [
              36119,
              20911
            ],
            [
              38020,
              20911
            ],
            [
              38020,
              22812
            ],
            [
              36119,
              22812
            ],
            [
              36119,
              20911
            ]
          ]
        ]
      },
      "properties": {
        "objectType": "annotation",
        "classification": {
          "name": "background_e",
          "color": [
            255,
            182,
            193
          ]
        },
        "isLocked": false
      }
    },
    {
      "type": "Feature",
      "id": "patch_38020_20911",
      "geometry": {
        "type": "Polygon",
        "coordinates": [
          [
            [
              38020,
              20911
            ],
            [
              39921,
              20911
            ],
            [
              39921,
              22812
            ],
            [
              38020,
              22812
            ],
            [
              38020,
              20911
            ]
          ]
        ]
      },
      "properties": {
        "objectType": "annotation",
        "classification": {
          "name": "background_e",
          "color": [
            255,
            182,
            193
          ]
        },
        "isLocked": false
      }
    },
    {
      "type": "Feature",
      "id": "patch_39921_20911",
      "geometry": {
        "type": "Polygon",
        "coordinates": [
          [
            [
              39921,
              20911
            ],
            [
              41822,
              20911
            ],
            [
              41822,
              22812
            ],
            [
              39921,
              22812
            ],
            [
              39921,
              20911
            ]
          ]
        ]
      },
      "properties": {
        "objectType": "annotation",
        "classification": {
          "name": "background_e",
          "color": [
            255,
            182,
            193
          ]
        },
        "isLocked": false
      }
    },
    {
      "type": "Feature",
      "id": "patch_41822_20911",
      "geometry": {
        "type": "Polygon",
        "coordinates": [
          [
            [
              41822,
              20911
            ],
            [
              43723,
              20911
            ],
            [
              43723,
              22812
            ],
            [
              41822,
              22812
            ],
            [
              41822,
              20911
            ]
          ]
        ]
      },
      "properties": {
        "objectType": "annotation",
        "classification": {
          "name": "background_e",
          "color": [
            255,
            182,
            193
          ]
        },
        "isLocked": false
      }
    },
    {
      "type": "Feature",
      "id": "patch_43723_20911",
      "geometry": {
        "type": "Polygon",
        "coordinates": [
          [
            [
              43723,
              20911
            ],
            [
              45624,
              20911
            ],
            [
              45624,
              22812
            ],
            [
              43723,
              22812
            ],
            [
              43723,
              20911
            ]
          ]
        ]
      },
      "properties": {
        "objectType": "annotation",
        "classification": {
          "name": "background_e",
          "color": [
            255,
            182,
            193
          ]
        },
        "isLocked": false
      }
    },
    {
      "type": "Feature",
      "id": "patch_45624_20911",
      "geometry": {
        "type": "Polygon",
        "coordinates": [
          [
            [
              45624,
              20911
            ],
            [
              47525,
              20911
            ],
            [
              47525,
              22812
            ],
            [
              45624,
              22812
            ],
            [
              45624,
              20911
            ]
          ]
        ]
      },
      "properties": {
        "objectType": "annotation",
        "classification": {
          "name": "background_e",
          "color": [
            255,
            182,
            193
          ]
        },
        "isLocked": false
      }
    },
    {
      "type": "Feature",
      "id": "patch_47525_20911",
      "geometry": {
        "type": "Polygon",
        "coordinates": [
          [
            [
              47525,
              20911
            ],
            [
              49426,
              20911
            ],
            [
              49426,
              22812
            ],
            [
              47525,
              22812
            ],
            [
              47525,
              20911
            ]
          ]
        ]
      },
      "properties": {
        "objectType": "annotation",
        "classification": {
          "name": "background_e",
          "color": [
            255,
            182,
            193
          ]
        },
        "isLocked": false
      }
    },
    {
      "type": "Feature",
      "id": "patch_49426_20911",
      "geometry": {
        "type": "Polygon",
        "coordinates": [
          [
            [
              49426,
              20911
            ],
            [
              51327,
              20911
            ],
            [
              51327,
              22812
            ],
            [
              49426,
              22812
            ],
            [
              49426,
              20911
            ]
          ]
        ]
      },
      "properties": {
        "objectType": "annotation",
        "classification": {
          "name": "background_e",
          "color": [
            255,
            182,
            193
          ]
        },
        "isLocked": false
      }
    },
    {
      "type": "Feature",
      "id": "patch_51327_20911",
      "geometry": {
        "type": "Polygon",
        "coordinates": [
          [
            [
              51327,
              20911
            ],
            [
              53228,
              20911
            ],
            [
              53228,
              22812
            ],
            [
              51327,
              22812
            ],
            [
              51327,
              20911
            ]
          ]
        ]
      },
      "properties": {
        "objectType": "annotation",
        "classification": {
          "name": "background_e",
          "color": [
            255,
            182,
            193
          ]
        },
        "isLocked": false
      }
    },
    {
      "type": "Feature",
      "id": "patch_53228_20911",
      "geometry": {
        "type": "Polygon",
        "coordinates": [
          [
            [
              53228,
              20911
            ],
            [
              55129,
              20911
            ],
            [
              55129,
              22812
            ],
            [
              53228,
              22812
            ],
            [
              53228,
              20911
            ]
          ]
        ]
      },
      "properties": {
        "objectType": "annotation",
        "classification": {
          "name": "background_e",
          "color": [
            255,
            182,
            193
          ]
        },
        "isLocked": false
      }
    },
    {
      "type": "Feature",
      "id": "patch_55129_20911",
      "geometry": {
        "type": "Polygon",
        "coordinates": [
          [
            [
              55129,
              20911
            ],
            [
              57030,
              20911
            ],
            [
              57030,
              22812
            ],
            [
              55129,
              22812
            ],
            [
              55129,
              20911
            ]
          ]
        ]
      },
      "properties": {
        "objectType": "annotation",
        "classification": {
          "name": "background_e",
          "color": [
            255,
            182,
            193
          ]
        },
        "isLocked": false
      }
    },
    {
      "type": "Feature",
      "id": "patch_57030_20911",
      "geometry": {
        "type": "Polygon",
        "coordinates": [
          [
            [
              57030,
              20911
            ],
            [
              58931,
              20911
            ],
            [
              58931,
              22812
            ],
            [
              57030,
              22812
            ],
            [
              57030,
              20911
            ]
          ]
        ]
      },
      "properties": {
        "objectType": "annotation",
        "classification": {
          "name": "background_e",
          "color": [
            255,
            182,
            193
          ]
        },
        "isLocked": false
      }
    },
    {
      "type": "Feature",
      "id": "patch_58931_20911",
      "geometry": {
        "type": "Polygon",
        "coordinates": [
          [
            [
              58931,
              20911
            ],
            [
              60832,
              20911
            ],
            [
              60832,
              22812
            ],
            [
              58931,
              22812
            ],
            [
              58931,
              20911
            ]
          ]
        ]
      },
      "properties": {
        "objectType": "annotation",
        "classification": {
          "name": "background_e",
          "color": [
            255,
            182,
            193
          ]
        },
        "isLocked": false
      }
    },
    {
      "type": "Feature",
      "id": "patch_60832_20911",
      "geometry": {
        "type": "Polygon",
        "coordinates": [
          [
            [
              60832,
              20911
            ],
            [
              62733,
              20911
            ],
            [
              62733,
              22812
            ],
            [
              60832,
              22812
            ],
            [
              60832,
              20911
            ]
          ]
        ]
      },
      "properties": {
        "objectType": "annotation",
        "classification": {
          "name": "white",
          "color": [
            200,
            200,
            200
          ]
        },
        "isLocked": false
      }
    },
    {
      "type": "Feature",
      "id": "patch_62733_20911",
      "geometry": {
        "type": "Polygon",
        "coordinates": [
          [
            [
              62733,
              20911
            ],
            [
              64634,
              20911
            ],
            [
              64634,
              22812
            ],
            [
              62733,
              22812
            ],
            [
              62733,
              20911
            ]
          ]
        ]
      },
      "properties": {
        "objectType": "annotation",
        "classification": {
          "name": "background_e",
          "color": [
            255,
            182,
            193
          ]
        },
        "isLocked": false
      }
    },
    {
      "type": "Feature",
      "id": "patch_64634_20911",
      "geometry": {
        "type": "Polygon",
        "coordinates": [
          [
            [
              64634,
              20911
            ],
            [
              66535,
              20911
            ],
            [
              66535,
              22812
            ],
            [
              64634,
              22812
            ],
            [
              64634,
              20911
            ]
          ]
        ]
      },
      "properties": {
        "objectType": "annotation",
        "classification": {
          "name": "white",
          "color": [
            200,
            200,
            200
          ]
        },
        "isLocked": false
      }
    },
    {
      "type": "Feature",
      "id": "patch_11406_22812",
      "geometry": {
        "type": "Polygon",
        "coordinates": [
          [
            [
              11406,
              22812
            ],
            [
              13307,
              22812
            ],
            [
              13307,
              24713
            ],
            [
              11406,
              24713
            ],
            [
              11406,
              22812
            ]
          ]
        ]
      },
      "properties": {
        "objectType": "annotation",
        "classification": {
          "name": "background_e",
          "color": [
            255,
            182,
            193
          ]
        },
        "isLocked": false
      }
    },
    {
      "type": "Feature",
      "id": "patch_13307_22812",
      "geometry": {
        "type": "Polygon",
        "coordinates": [
          [
            [
              13307,
              22812
            ],
            [
              15208,
              22812
            ],
            [
              15208,
              24713
            ],
            [
              13307,
              24713
            ],
            [
              13307,
              22812
            ]
          ]
        ]
      },
      "properties": {
        "objectType": "annotation",
        "classification": {
          "name": "background_e",
          "color": [
            255,
            182,
            193
          ]
        },
        "isLocked": false
      }
    },
    {
      "type": "Feature",
      "id": "patch_15208_22812",
      "geometry": {
        "type": "Polygon",
        "coordinates": [
          [
            [
              15208,
              22812
            ],
            [
              17109,
              22812
            ],
            [
              17109,
              24713
            ],
            [
              15208,
              24713
            ],
            [
              15208,
              22812
            ]
          ]
        ]
      },
      "properties": {
        "objectType": "annotation",
        "classification": {
          "name": "background_e",
          "color": [
            255,
            182,
            193
          ]
        },
        "isLocked": false
      }
    },
    {
      "type": "Feature",
      "id": "patch_17109_22812",
      "geometry": {
        "type": "Polygon",
        "coordinates": [
          [
            [
              17109,
              22812
            ],
            [
              19010,
              22812
            ],
            [
              19010,
              24713
            ],
            [
              17109,
              24713
            ],
            [
              17109,
              22812
            ]
          ]
        ]
      },
      "properties": {
        "objectType": "annotation",
        "classification": {
          "name": "background_e",
          "color": [
            255,
            182,
            193
          ]
        },
        "isLocked": false
      }
    },
    {
      "type": "Feature",
      "id": "patch_19010_22812",
      "geometry": {
        "type": "Polygon",
        "coordinates": [
          [
            [
              19010,
              22812
            ],
            [
              20911,
              22812
            ],
            [
              20911,
              24713
            ],
            [
              19010,
              24713
            ],
            [
              19010,
              22812
            ]
          ]
        ]
      },
      "properties": {
        "objectType": "annotation",
        "classification": {
          "name": "background_e",
          "color": [
            255,
            182,
            193
          ]
        },
        "isLocked": false
      }
    },
    {
      "type": "Feature",
      "id": "patch_20911_22812",
      "geometry": {
        "type": "Polygon",
        "coordinates": [
          [
            [
              20911,
              22812
            ],
            [
              22812,
              22812
            ],
            [
              22812,
              24713
            ],
            [
              20911,
              24713
            ],
            [
              20911,
              22812
            ]
          ]
        ]
      },
      "properties": {
        "objectType": "annotation",
        "classification": {
          "name": "background_e",
          "color": [
            255,
            182,
            193
          ]
        },
        "isLocked": false
      }
    },
    {
      "type": "Feature",
      "id": "patch_22812_22812",
      "geometry": {
        "type": "Polygon",
        "coordinates": [
          [
            [
              22812,
              22812
            ],
            [
              24713,
              22812
            ],
            [
              24713,
              24713
            ],
            [
              22812,
              24713
            ],
            [
              22812,
              22812
            ]
          ]
        ]
      },
      "properties": {
        "objectType": "annotation",
        "classification": {
          "name": "background_e",
          "color": [
            255,
            182,
            193
          ]
        },
        "isLocked": false
      }
    },
    {
      "type": "Feature",
      "id": "patch_24713_22812",
      "geometry": {
        "type": "Polygon",
        "coordinates": [
          [
            [
              24713,
              22812
            ],
            [
              26614,
              22812
            ],
            [
              26614,
              24713
            ],
            [
              24713,
              24713
            ],
            [
              24713,
              22812
            ]
          ]
        ]
      },
      "properties": {
        "objectType": "annotation",
        "classification": {
          "name": "background_e",
          "color": [
            255,
            182,
            193
          ]
        },
        "isLocked": false
      }
    },
    {
      "type": "Feature",
      "id": "patch_26614_22812",
      "geometry": {
        "type": "Polygon",
        "coordinates": [
          [
            [
              26614,
              22812
            ],
            [
              28515,
              22812
            ],
            [
              28515,
              24713
            ],
            [
              26614,
              24713
            ],
            [
              26614,
              22812
            ]
          ]
        ]
      },
      "properties": {
        "objectType": "annotation",
        "classification": {
          "name": "background_e",
          "color": [
            255,
            182,
            193
          ]
        },
        "isLocked": false
      }
    },
    {
      "type": "Feature",
      "id": "patch_28515_22812",
      "geometry": {
        "type": "Polygon",
        "coordinates": [
          [
            [
              28515,
              22812
            ],
            [
              30416,
              22812
            ],
            [
              30416,
              24713
            ],
            [
              28515,
              24713
            ],
            [
              28515,
              22812
            ]
          ]
        ]
      },
      "properties": {
        "objectType": "annotation",
        "classification": {
          "name": "vessel_e",
          "color": [
            255,
            0,
            0
          ]
        },
        "isLocked": false
      }
    },
    {
      "type": "Feature",
      "id": "patch_30416_22812",
      "geometry": {
        "type": "Polygon",
        "coordinates": [
          [
            [
              30416,
              22812
            ],
            [
              32317,
              22812
            ],
            [
              32317,
              24713
            ],
            [
              30416,
              24713
            ],
            [
              30416,
              22812
            ]
          ]
        ]
      },
      "properties": {
        "objectType": "annotation",
        "classification": {
          "name": "background_e",
          "color": [
            255,
            182,
            193
          ]
        },
        "isLocked": false
      }
    },
    {
      "type": "Feature",
      "id": "patch_32317_22812",
      "geometry": {
        "type": "Polygon",
        "coordinates": [
          [
            [
              32317,
              22812
            ],
            [
              34218,
              22812
            ],
            [
              34218,
              24713
            ],
            [
              32317,
              24713
            ],
            [
              32317,
              22812
            ]
          ]
        ]
      },
      "properties": {
        "objectType": "annotation",
        "classification": {
          "name": "background_e",
          "color": [
            255,
            182,
            193
          ]
        },
        "isLocked": false
      }
    },
    {
      "type": "Feature",
      "id": "patch_34218_22812",
      "geometry": {
        "type": "Polygon",
        "coordinates": [
          [
            [
              34218,
              22812
            ],
            [
              36119,
              22812
            ],
            [
              36119,
              24713
            ],
            [
              34218,
              24713
            ],
            [
              34218,
              22812
            ]
          ]
        ]
      },
      "properties": {
        "objectType": "annotation",
        "classification": {
          "name": "background_e",
          "color": [
            255,
            182,
            193
          ]
        },
        "isLocked": false
      }
    },
    {
      "type": "Feature",
      "id": "patch_36119_22812",
      "geometry": {
        "type": "Polygon",
        "coordinates": [
          [
            [
              36119,
              22812
            ],
            [
              38020,
              22812
            ],
            [
              38020,
              24713
            ],
            [
              36119,
              24713
            ],
            [
              36119,
              22812
            ]
          ]
        ]
      },
      "properties": {
        "objectType": "annotation",
        "classification": {
          "name": "background_e",
          "color": [
            255,
            182,
            193
          ]
        },
        "isLocked": false
      }
    },
    {
      "type": "Feature",
      "id": "patch_38020_22812",
      "geometry": {
        "type": "Polygon",
        "coordinates": [
          [
            [
              38020,
              22812
            ],
            [
              39921,
              22812
            ],
            [
              39921,
              24713
            ],
            [
              38020,
              24713
            ],
            [
              38020,
              22812
            ]
          ]
        ]
      },
      "properties": {
        "objectType": "annotation",
        "classification": {
          "name": "background_e",
          "color": [
            255,
            182,
            193
          ]
        },
        "isLocked": false
      }
    },
    {
      "type": "Feature",
      "id": "patch_39921_22812",
      "geometry": {
        "type": "Polygon",
        "coordinates": [
          [
            [
              39921,
              22812
            ],
            [
              41822,
              22812
            ],
            [
              41822,
              24713
            ],
            [
              39921,
              24713
            ],
            [
              39921,
              22812
            ]
          ]
        ]
      },
      "properties": {
        "objectType": "annotation",
        "classification": {
          "name": "background_e",
          "color": [
            255,
            182,
            193
          ]
        },
        "isLocked": false
      }
    },
    {
      "type": "Feature",
      "id": "patch_41822_22812",
      "geometry": {
        "type": "Polygon",
        "coordinates": [
          [
            [
              41822,
              22812
            ],
            [
              43723,
              22812
            ],
            [
              43723,
              24713
            ],
            [
              41822,
              24713
            ],
            [
              41822,
              22812
            ]
          ]
        ]
      },
      "properties": {
        "objectType": "annotation",
        "classification": {
          "name": "background_e",
          "color": [
            255,
            182,
            193
          ]
        },
        "isLocked": false
      }
    },
    {
      "type": "Feature",
      "id": "patch_43723_22812",
      "geometry": {
        "type": "Polygon",
        "coordinates": [
          [
            [
              43723,
              22812
            ],
            [
              45624,
              22812
            ],
            [
              45624,
              24713
            ],
            [
              43723,
              24713
            ],
            [
              43723,
              22812
            ]
          ]
        ]
      },
      "properties": {
        "objectType": "annotation",
        "classification": {
          "name": "vessel_e",
          "color": [
            255,
            0,
            0
          ]
        },
        "isLocked": false
      }
    },
    {
      "type": "Feature",
      "id": "patch_45624_22812",
      "geometry": {
        "type": "Polygon",
        "coordinates": [
          [
            [
              45624,
              22812
            ],
            [
              47525,
              22812
            ],
            [
              47525,
              24713
            ],
            [
              45624,
              24713
            ],
            [
              45624,
              22812
            ]
          ]
        ]
      },
      "properties": {
        "objectType": "annotation",
        "classification": {
          "name": "background_e",
          "color": [
            255,
            182,
            193
          ]
        },
        "isLocked": false
      }
    },
    {
      "type": "Feature",
      "id": "patch_47525_22812",
      "geometry": {
        "type": "Polygon",
        "coordinates": [
          [
            [
              47525,
              22812
            ],
            [
              49426,
              22812
            ],
            [
              49426,
              24713
            ],
            [
              47525,
              24713
            ],
            [
              47525,
              22812
            ]
          ]
        ]
      },
      "properties": {
        "objectType": "annotation",
        "classification": {
          "name": "background_e",
          "color": [
            255,
            182,
            193
          ]
        },
        "isLocked": false
      }
    },
    {
      "type": "Feature",
      "id": "patch_49426_22812",
      "geometry": {
        "type": "Polygon",
        "coordinates": [
          [
            [
              49426,
              22812
            ],
            [
              51327,
              22812
            ],
            [
              51327,
              24713
            ],
            [
              49426,
              24713
            ],
            [
              49426,
              22812
            ]
          ]
        ]
      },
      "properties": {
        "objectType": "annotation",
        "classification": {
          "name": "background_e",
          "color": [
            255,
            182,
            193
          ]
        },
        "isLocked": false
      }
    },
    {
      "type": "Feature",
      "id": "patch_51327_22812",
      "geometry": {
        "type": "Polygon",
        "coordinates": [
          [
            [
              51327,
              22812
            ],
            [
              53228,
              22812
            ],
            [
              53228,
              24713
            ],
            [
              51327,
              24713
            ],
            [
              51327,
              22812
            ]
          ]
        ]
      },
      "properties": {
        "objectType": "annotation",
        "classification": {
          "name": "background_e",
          "color": [
            255,
            182,
            193
          ]
        },
        "isLocked": false
      }
    },
    {
      "type": "Feature",
      "id": "patch_53228_22812",
      "geometry": {
        "type": "Polygon",
        "coordinates": [
          [
            [
              53228,
              22812
            ],
            [
              55129,
              22812
            ],
            [
              55129,
              24713
            ],
            [
              53228,
              24713
            ],
            [
              53228,
              22812
            ]
          ]
        ]
      },
      "properties": {
        "objectType": "annotation",
        "classification": {
          "name": "background_e",
          "color": [
            255,
            182,
            193
          ]
        },
        "isLocked": false
      }
    },
    {
      "type": "Feature",
      "id": "patch_55129_22812",
      "geometry": {
        "type": "Polygon",
        "coordinates": [
          [
            [
              55129,
              22812
            ],
            [
              57030,
              22812
            ],
            [
              57030,
              24713
            ],
            [
              55129,
              24713
            ],
            [
              55129,
              22812
            ]
          ]
        ]
      },
      "properties": {
        "objectType": "annotation",
        "classification": {
          "name": "background_e",
          "color": [
            255,
            182,
            193
          ]
        },
        "isLocked": false
      }
    },
    {
      "type": "Feature",
      "id": "patch_57030_22812",
      "geometry": {
        "type": "Polygon",
        "coordinates": [
          [
            [
              57030,
              22812
            ],
            [
              58931,
              22812
            ],
            [
              58931,
              24713
            ],
            [
              57030,
              24713
            ],
            [
              57030,
              22812
            ]
          ]
        ]
      },
      "properties": {
        "objectType": "annotation",
        "classification": {
          "name": "background_e",
          "color": [
            255,
            182,
            193
          ]
        },
        "isLocked": false
      }
    },
    {
      "type": "Feature",
      "id": "patch_58931_22812",
      "geometry": {
        "type": "Polygon",
        "coordinates": [
          [
            [
              58931,
              22812
            ],
            [
              60832,
              22812
            ],
            [
              60832,
              24713
            ],
            [
              58931,
              24713
            ],
            [
              58931,
              22812
            ]
          ]
        ]
      },
      "properties": {
        "objectType": "annotation",
        "classification": {
          "name": "background_e",
          "color": [
            255,
            182,
            193
          ]
        },
        "isLocked": false
      }
    },
    {
      "type": "Feature",
      "id": "patch_60832_22812",
      "geometry": {
        "type": "Polygon",
        "coordinates": [
          [
            [
              60832,
              22812
            ],
            [
              62733,
              22812
            ],
            [
              62733,
              24713
            ],
            [
              60832,
              24713
            ],
            [
              60832,
              22812
            ]
          ]
        ]
      },
      "properties": {
        "objectType": "annotation",
        "classification": {
          "name": "background_e",
          "color": [
            255,
            182,
            193
          ]
        },
        "isLocked": false
      }
    },
    {
      "type": "Feature",
      "id": "patch_62733_22812",
      "geometry": {
        "type": "Polygon",
        "coordinates": [
          [
            [
              62733,
              22812
            ],
            [
              64634,
              22812
            ],
            [
              64634,
              24713
            ],
            [
              62733,
              24713
            ],
            [
              62733,
              22812
            ]
          ]
        ]
      },
      "properties": {
        "objectType": "annotation",
        "classification": {
          "name": "white",
          "color": [
            200,
            200,
            200
          ]
        },
        "isLocked": false
      }
    },
    {
      "type": "Feature",
      "id": "patch_66535_22812",
      "geometry": {
        "type": "Polygon",
        "coordinates": [
          [
            [
              66535,
              22812
            ],
            [
              68436,
              22812
            ],
            [
              68436,
              24713
            ],
            [
              66535,
              24713
            ],
            [
              66535,
              22812
            ]
          ]
        ]
      },
      "properties": {
        "objectType": "annotation",
        "classification": {
          "name": "white",
          "color": [
            200,
            200,
            200
          ]
        },
        "isLocked": false
      }
    },
    {
      "type": "Feature",
      "id": "patch_11406_24713",
      "geometry": {
        "type": "Polygon",
        "coordinates": [
          [
            [
              11406,
              24713
            ],
            [
              13307,
              24713
            ],
            [
              13307,
              26614
            ],
            [
              11406,
              26614
            ],
            [
              11406,
              24713
            ]
          ]
        ]
      },
      "properties": {
        "objectType": "annotation",
        "classification": {
          "name": "background_e",
          "color": [
            255,
            182,
            193
          ]
        },
        "isLocked": false
      }
    },
    {
      "type": "Feature",
      "id": "patch_13307_24713",
      "geometry": {
        "type": "Polygon",
        "coordinates": [
          [
            [
              13307,
              24713
            ],
            [
              15208,
              24713
            ],
            [
              15208,
              26614
            ],
            [
              13307,
              26614
            ],
            [
              13307,
              24713
            ]
          ]
        ]
      },
      "properties": {
        "objectType": "annotation",
        "classification": {
          "name": "background_e",
          "color": [
            255,
            182,
            193
          ]
        },
        "isLocked": false
      }
    },
    {
      "type": "Feature",
      "id": "patch_15208_24713",
      "geometry": {
        "type": "Polygon",
        "coordinates": [
          [
            [
              15208,
              24713
            ],
            [
              17109,
              24713
            ],
            [
              17109,
              26614
            ],
            [
              15208,
              26614
            ],
            [
              15208,
              24713
            ]
          ]
        ]
      },
      "properties": {
        "objectType": "annotation",
        "classification": {
          "name": "background_e",
          "color": [
            255,
            182,
            193
          ]
        },
        "isLocked": false
      }
    },
    {
      "type": "Feature",
      "id": "patch_17109_24713",
      "geometry": {
        "type": "Polygon",
        "coordinates": [
          [
            [
              17109,
              24713
            ],
            [
              19010,
              24713
            ],
            [
              19010,
              26614
            ],
            [
              17109,
              26614
            ],
            [
              17109,
              24713
            ]
          ]
        ]
      },
      "properties": {
        "objectType": "annotation",
        "classification": {
          "name": "background_e",
          "color": [
            255,
            182,
            193
          ]
        },
        "isLocked": false
      }
    },
    {
      "type": "Feature",
      "id": "patch_19010_24713",
      "geometry": {
        "type": "Polygon",
        "coordinates": [
          [
            [
              19010,
              24713
            ],
            [
              20911,
              24713
            ],
            [
              20911,
              26614
            ],
            [
              19010,
              26614
            ],
            [
              19010,
              24713
            ]
          ]
        ]
      },
      "properties": {
        "objectType": "annotation",
        "classification": {
          "name": "background_e",
          "color": [
            255,
            182,
            193
          ]
        },
        "isLocked": false
      }
    },
    {
      "type": "Feature",
      "id": "patch_20911_24713",
      "geometry": {
        "type": "Polygon",
        "coordinates": [
          [
            [
              20911,
              24713
            ],
            [
              22812,
              24713
            ],
            [
              22812,
              26614
            ],
            [
              20911,
              26614
            ],
            [
              20911,
              24713
            ]
          ]
        ]
      },
      "properties": {
        "objectType": "annotation",
        "classification": {
          "name": "background_e",
          "color": [
            255,
            182,
            193
          ]
        },
        "isLocked": false
      }
    },
    {
      "type": "Feature",
      "id": "patch_22812_24713",
      "geometry": {
        "type": "Polygon",
        "coordinates": [
          [
            [
              22812,
              24713
            ],
            [
              24713,
              24713
            ],
            [
              24713,
              26614
            ],
            [
              22812,
              26614
            ],
            [
              22812,
              24713
            ]
          ]
        ]
      },
      "properties": {
        "objectType": "annotation",
        "classification": {
          "name": "background_e",
          "color": [
            255,
            182,
            193
          ]
        },
        "isLocked": false
      }
    },
    {
      "type": "Feature",
      "id": "patch_24713_24713",
      "geometry": {
        "type": "Polygon",
        "coordinates": [
          [
            [
              24713,
              24713
            ],
            [
              26614,
              24713
            ],
            [
              26614,
              26614
            ],
            [
              24713,
              26614
            ],
            [
              24713,
              24713
            ]
          ]
        ]
      },
      "properties": {
        "objectType": "annotation",
        "classification": {
          "name": "background_e",
          "color": [
            255,
            182,
            193
          ]
        },
        "isLocked": false
      }
    },
    {
      "type": "Feature",
      "id": "patch_26614_24713",
      "geometry": {
        "type": "Polygon",
        "coordinates": [
          [
            [
              26614,
              24713
            ],
            [
              28515,
              24713
            ],
            [
              28515,
              26614
            ],
            [
              26614,
              26614
            ],
            [
              26614,
              24713
            ]
          ]
        ]
      },
      "properties": {
        "objectType": "annotation",
        "classification": {
          "name": "background_e",
          "color": [
            255,
            182,
            193
          ]
        },
        "isLocked": false
      }
    },
    {
      "type": "Feature",
      "id": "patch_28515_24713",
      "geometry": {
        "type": "Polygon",
        "coordinates": [
          [
            [
              28515,
              24713
            ],
            [
              30416,
              24713
            ],
            [
              30416,
              26614
            ],
            [
              28515,
              26614
            ],
            [
              28515,
              24713
            ]
          ]
        ]
      },
      "properties": {
        "objectType": "annotation",
        "classification": {
          "name": "background_e",
          "color": [
            255,
            182,
            193
          ]
        },
        "isLocked": false
      }
    },
    {
      "type": "Feature",
      "id": "patch_30416_24713",
      "geometry": {
        "type": "Polygon",
        "coordinates": [
          [
            [
              30416,
              24713
            ],
            [
              32317,
              24713
            ],
            [
              32317,
              26614
            ],
            [
              30416,
              26614
            ],
            [
              30416,
              24713
            ]
          ]
        ]
      },
      "properties": {
        "objectType": "annotation",
        "classification": {
          "name": "background_e",
          "color": [
            255,
            182,
            193
          ]
        },
        "isLocked": false
      }
    },
    {
      "type": "Feature",
      "id": "patch_32317_24713",
      "geometry": {
        "type": "Polygon",
        "coordinates": [
          [
            [
              32317,
              24713
            ],
            [
              34218,
              24713
            ],
            [
              34218,
              26614
            ],
            [
              32317,
              26614
            ],
            [
              32317,
              24713
            ]
          ]
        ]
      },
      "properties": {
        "objectType": "annotation",
        "classification": {
          "name": "background_e",
          "color": [
            255,
            182,
            193
          ]
        },
        "isLocked": false
      }
    },
    {
      "type": "Feature",
      "id": "patch_34218_24713",
      "geometry": {
        "type": "Polygon",
        "coordinates": [
          [
            [
              34218,
              24713
            ],
            [
              36119,
              24713
            ],
            [
              36119,
              26614
            ],
            [
              34218,
              26614
            ],
            [
              34218,
              24713
            ]
          ]
        ]
      },
      "properties": {
        "objectType": "annotation",
        "classification": {
          "name": "background_e",
          "color": [
            255,
            182,
            193
          ]
        },
        "isLocked": false
      }
    },
    {
      "type": "Feature",
      "id": "patch_36119_24713",
      "geometry": {
        "type": "Polygon",
        "coordinates": [
          [
            [
              36119,
              24713
            ],
            [
              38020,
              24713
            ],
            [
              38020,
              26614
            ],
            [
              36119,
              26614
            ],
            [
              36119,
              24713
            ]
          ]
        ]
      },
      "properties": {
        "objectType": "annotation",
        "classification": {
          "name": "background_e",
          "color": [
            255,
            182,
            193
          ]
        },
        "isLocked": false
      }
    },
    {
      "type": "Feature",
      "id": "patch_38020_24713",
      "geometry": {
        "type": "Polygon",
        "coordinates": [
          [
            [
              38020,
              24713
            ],
            [
              39921,
              24713
            ],
            [
              39921,
              26614
            ],
            [
              38020,
              26614
            ],
            [
              38020,
              24713
            ]
          ]
        ]
      },
      "properties": {
        "objectType": "annotation",
        "classification": {
          "name": "background_e",
          "color": [
            255,
            182,
            193
          ]
        },
        "isLocked": false
      }
    },
    {
      "type": "Feature",
      "id": "patch_39921_24713",
      "geometry": {
        "type": "Polygon",
        "coordinates": [
          [
            [
              39921,
              24713
            ],
            [
              41822,
              24713
            ],
            [
              41822,
              26614
            ],
            [
              39921,
              26614
            ],
            [
              39921,
              24713
            ]
          ]
        ]
      },
      "properties": {
        "objectType": "annotation",
        "classification": {
          "name": "background_e",
          "color": [
            255,
            182,
            193
          ]
        },
        "isLocked": false
      }
    },
    {
      "type": "Feature",
      "id": "patch_41822_24713",
      "geometry": {
        "type": "Polygon",
        "coordinates": [
          [
            [
              41822,
              24713
            ],
            [
              43723,
              24713
            ],
            [
              43723,
              26614
            ],
            [
              41822,
              26614
            ],
            [
              41822,
              24713
            ]
          ]
        ]
      },
      "properties": {
        "objectType": "annotation",
        "classification": {
          "name": "background_e",
          "color": [
            255,
            182,
            193
          ]
        },
        "isLocked": false
      }
    },
    {
      "type": "Feature",
      "id": "patch_43723_24713",
      "geometry": {
        "type": "Polygon",
        "coordinates": [
          [
            [
              43723,
              24713
            ],
            [
              45624,
              24713
            ],
            [
              45624,
              26614
            ],
            [
              43723,
              26614
            ],
            [
              43723,
              24713
            ]
          ]
        ]
      },
      "properties": {
        "objectType": "annotation",
        "classification": {
          "name": "background_e",
          "color": [
            255,
            182,
            193
          ]
        },
        "isLocked": false
      }
    },
    {
      "type": "Feature",
      "id": "patch_45624_24713",
      "geometry": {
        "type": "Polygon",
        "coordinates": [
          [
            [
              45624,
              24713
            ],
            [
              47525,
              24713
            ],
            [
              47525,
              26614
            ],
            [
              45624,
              26614
            ],
            [
              45624,
              24713
            ]
          ]
        ]
      },
      "properties": {
        "objectType": "annotation",
        "classification": {
          "name": "vessel_e",
          "color": [
            255,
            0,
            0
          ]
        },
        "isLocked": false
      }
    },
    {
      "type": "Feature",
      "id": "patch_47525_24713",
      "geometry": {
        "type": "Polygon",
        "coordinates": [
          [
            [
              47525,
              24713
            ],
            [
              49426,
              24713
            ],
            [
              49426,
              26614
            ],
            [
              47525,
              26614
            ],
            [
              47525,
              24713
            ]
          ]
        ]
      },
      "properties": {
        "objectType": "annotation",
        "classification": {
          "name": "vessel_e",
          "color": [
            255,
            0,
            0
          ]
        },
        "isLocked": false
      }
    },
    {
      "type": "Feature",
      "id": "patch_49426_24713",
      "geometry": {
        "type": "Polygon",
        "coordinates": [
          [
            [
              49426,
              24713
            ],
            [
              51327,
              24713
            ],
            [
              51327,
              26614
            ],
            [
              49426,
              26614
            ],
            [
              49426,
              24713
            ]
          ]
        ]
      },
      "properties": {
        "objectType": "annotation",
        "classification": {
          "name": "vessel_e",
          "color": [
            255,
            0,
            0
          ]
        },
        "isLocked": false
      }
    },
    {
      "type": "Feature",
      "id": "patch_51327_24713",
      "geometry": {
        "type": "Polygon",
        "coordinates": [
          [
            [
              51327,
              24713
            ],
            [
              53228,
              24713
            ],
            [
              53228,
              26614
            ],
            [
              51327,
              26614
            ],
            [
              51327,
              24713
            ]
          ]
        ]
      },
      "properties": {
        "objectType": "annotation",
        "classification": {
          "name": "background_e",
          "color": [
            255,
            182,
            193
          ]
        },
        "isLocked": false
      }
    },
    {
      "type": "Feature",
      "id": "patch_53228_24713",
      "geometry": {
        "type": "Polygon",
        "coordinates": [
          [
            [
              53228,
              24713
            ],
            [
              55129,
              24713
            ],
            [
              55129,
              26614
            ],
            [
              53228,
              26614
            ],
            [
              53228,
              24713
            ]
          ]
        ]
      },
      "properties": {
        "objectType": "annotation",
        "classification": {
          "name": "background_e",
          "color": [
            255,
            182,
            193
          ]
        },
        "isLocked": false
      }
    },
    {
      "type": "Feature",
      "id": "patch_55129_24713",
      "geometry": {
        "type": "Polygon",
        "coordinates": [
          [
            [
              55129,
              24713
            ],
            [
              57030,
              24713
            ],
            [
              57030,
              26614
            ],
            [
              55129,
              26614
            ],
            [
              55129,
              24713
            ]
          ]
        ]
      },
      "properties": {
        "objectType": "annotation",
        "classification": {
          "name": "background_e",
          "color": [
            255,
            182,
            193
          ]
        },
        "isLocked": false
      }
    },
    {
      "type": "Feature",
      "id": "patch_57030_24713",
      "geometry": {
        "type": "Polygon",
        "coordinates": [
          [
            [
              57030,
              24713
            ],
            [
              58931,
              24713
            ],
            [
              58931,
              26614
            ],
            [
              57030,
              26614
            ],
            [
              57030,
              24713
            ]
          ]
        ]
      },
      "properties": {
        "objectType": "annotation",
        "classification": {
          "name": "vessel_e",
          "color": [
            255,
            0,
            0
          ]
        },
        "isLocked": false
      }
    },
    {
      "type": "Feature",
      "id": "patch_58931_24713",
      "geometry": {
        "type": "Polygon",
        "coordinates": [
          [
            [
              58931,
              24713
            ],
            [
              60832,
              24713
            ],
            [
              60832,
              26614
            ],
            [
              58931,
              26614
            ],
            [
              58931,
              24713
            ]
          ]
        ]
      },
      "properties": {
        "objectType": "annotation",
        "classification": {
          "name": "background_e",
          "color": [
            255,
            182,
            193
          ]
        },
        "isLocked": false
      }
    },
    {
      "type": "Feature",
      "id": "patch_60832_24713",
      "geometry": {
        "type": "Polygon",
        "coordinates": [
          [
            [
              60832,
              24713
            ],
            [
              62733,
              24713
            ],
            [
              62733,
              26614
            ],
            [
              60832,
              26614
            ],
            [
              60832,
              24713
            ]
          ]
        ]
      },
      "properties": {
        "objectType": "annotation",
        "classification": {
          "name": "background_e",
          "color": [
            255,
            182,
            193
          ]
        },
        "isLocked": false
      }
    },
    {
      "type": "Feature",
      "id": "patch_62733_24713",
      "geometry": {
        "type": "Polygon",
        "coordinates": [
          [
            [
              62733,
              24713
            ],
            [
              64634,
              24713
            ],
            [
              64634,
              26614
            ],
            [
              62733,
              26614
            ],
            [
              62733,
              24713
            ]
          ]
        ]
      },
      "properties": {
        "objectType": "annotation",
        "classification": {
          "name": "background_e",
          "color": [
            255,
            182,
            193
          ]
        },
        "isLocked": false
      }
    },
    {
      "type": "Feature",
      "id": "patch_11406_26614",
      "geometry": {
        "type": "Polygon",
        "coordinates": [
          [
            [
              11406,
              26614
            ],
            [
              13307,
              26614
            ],
            [
              13307,
              28515
            ],
            [
              11406,
              28515
            ],
            [
              11406,
              26614
            ]
          ]
        ]
      },
      "properties": {
        "objectType": "annotation",
        "classification": {
          "name": "background_e",
          "color": [
            255,
            182,
            193
          ]
        },
        "isLocked": false
      }
    },
    {
      "type": "Feature",
      "id": "patch_13307_26614",
      "geometry": {
        "type": "Polygon",
        "coordinates": [
          [
            [
              13307,
              26614
            ],
            [
              15208,
              26614
            ],
            [
              15208,
              28515
            ],
            [
              13307,
              28515
            ],
            [
              13307,
              26614
            ]
          ]
        ]
      },
      "properties": {
        "objectType": "annotation",
        "classification": {
          "name": "background_e",
          "color": [
            255,
            182,
            193
          ]
        },
        "isLocked": false
      }
    },
    {
      "type": "Feature",
      "id": "patch_15208_26614",
      "geometry": {
        "type": "Polygon",
        "coordinates": [
          [
            [
              15208,
              26614
            ],
            [
              17109,
              26614
            ],
            [
              17109,
              28515
            ],
            [
              15208,
              28515
            ],
            [
              15208,
              26614
            ]
          ]
        ]
      },
      "properties": {
        "objectType": "annotation",
        "classification": {
          "name": "background_e",
          "color": [
            255,
            182,
            193
          ]
        },
        "isLocked": false
      }
    },
    {
      "type": "Feature",
      "id": "patch_17109_26614",
      "geometry": {
        "type": "Polygon",
        "coordinates": [
          [
            [
              17109,
              26614
            ],
            [
              19010,
              26614
            ],
            [
              19010,
              28515
            ],
            [
              17109,
              28515
            ],
            [
              17109,
              26614
            ]
          ]
        ]
      },
      "properties": {
        "objectType": "annotation",
        "classification": {
          "name": "background_e",
          "color": [
            255,
            182,
            193
          ]
        },
        "isLocked": false
      }
    },
    {
      "type": "Feature",
      "id": "patch_19010_26614",
      "geometry": {
        "type": "Polygon",
        "coordinates": [
          [
            [
              19010,
              26614
            ],
            [
              20911,
              26614
            ],
            [
              20911,
              28515
            ],
            [
              19010,
              28515
            ],
            [
              19010,
              26614
            ]
          ]
        ]
      },
      "properties": {
        "objectType": "annotation",
        "classification": {
          "name": "background_e",
          "color": [
            255,
            182,
            193
          ]
        },
        "isLocked": false
      }
    },
    {
      "type": "Feature",
      "id": "patch_20911_26614",
      "geometry": {
        "type": "Polygon",
        "coordinates": [
          [
            [
              20911,
              26614
            ],
            [
              22812,
              26614
            ],
            [
              22812,
              28515
            ],
            [
              20911,
              28515
            ],
            [
              20911,
              26614
            ]
          ]
        ]
      },
      "properties": {
        "objectType": "annotation",
        "classification": {
          "name": "background_e",
          "color": [
            255,
            182,
            193
          ]
        },
        "isLocked": false
      }
    },
    {
      "type": "Feature",
      "id": "patch_22812_26614",
      "geometry": {
        "type": "Polygon",
        "coordinates": [
          [
            [
              22812,
              26614
            ],
            [
              24713,
              26614
            ],
            [
              24713,
              28515
            ],
            [
              22812,
              28515
            ],
            [
              22812,
              26614
            ]
          ]
        ]
      },
      "properties": {
        "objectType": "annotation",
        "classification": {
          "name": "background_e",
          "color": [
            255,
            182,
            193
          ]
        },
        "isLocked": false
      }
    },
    {
      "type": "Feature",
      "id": "patch_24713_26614",
      "geometry": {
        "type": "Polygon",
        "coordinates": [
          [
            [
              24713,
              26614
            ],
            [
              26614,
              26614
            ],
            [
              26614,
              28515
            ],
            [
              24713,
              28515
            ],
            [
              24713,
              26614
            ]
          ]
        ]
      },
      "properties": {
        "objectType": "annotation",
        "classification": {
          "name": "background_e",
          "color": [
            255,
            182,
            193
          ]
        },
        "isLocked": false
      }
    },
    {
      "type": "Feature",
      "id": "patch_26614_26614",
      "geometry": {
        "type": "Polygon",
        "coordinates": [
          [
            [
              26614,
              26614
            ],
            [
              28515,
              26614
            ],
            [
              28515,
              28515
            ],
            [
              26614,
              28515
            ],
            [
              26614,
              26614
            ]
          ]
        ]
      },
      "properties": {
        "objectType": "annotation",
        "classification": {
          "name": "background_e",
          "color": [
            255,
            182,
            193
          ]
        },
        "isLocked": false
      }
    },
    {
      "type": "Feature",
      "id": "patch_28515_26614",
      "geometry": {
        "type": "Polygon",
        "coordinates": [
          [
            [
              28515,
              26614
            ],
            [
              30416,
              26614
            ],
            [
              30416,
              28515
            ],
            [
              28515,
              28515
            ],
            [
              28515,
              26614
            ]
          ]
        ]
      },
      "properties": {
        "objectType": "annotation",
        "classification": {
          "name": "background_e",
          "color": [
            255,
            182,
            193
          ]
        },
        "isLocked": false
      }
    },
    {
      "type": "Feature",
      "id": "patch_30416_26614",
      "geometry": {
        "type": "Polygon",
        "coordinates": [
          [
            [
              30416,
              26614
            ],
            [
              32317,
              26614
            ],
            [
              32317,
              28515
            ],
            [
              30416,
              28515
            ],
            [
              30416,
              26614
            ]
          ]
        ]
      },
      "properties": {
        "objectType": "annotation",
        "classification": {
          "name": "background_e",
          "color": [
            255,
            182,
            193
          ]
        },
        "isLocked": false
      }
    },
    {
      "type": "Feature",
      "id": "patch_32317_26614",
      "geometry": {
        "type": "Polygon",
        "coordinates": [
          [
            [
              32317,
              26614
            ],
            [
              34218,
              26614
            ],
            [
              34218,
              28515
            ],
            [
              32317,
              28515
            ],
            [
              32317,
              26614
            ]
          ]
        ]
      },
      "properties": {
        "objectType": "annotation",
        "classification": {
          "name": "background_e",
          "color": [
            255,
            182,
            193
          ]
        },
        "isLocked": false
      }
    },
    {
      "type": "Feature",
      "id": "patch_34218_26614",
      "geometry": {
        "type": "Polygon",
        "coordinates": [
          [
            [
              34218,
              26614
            ],
            [
              36119,
              26614
            ],
            [
              36119,
              28515
            ],
            [
              34218,
              28515
            ],
            [
              34218,
              26614
            ]
          ]
        ]
      },
      "properties": {
        "objectType": "annotation",
        "classification": {
          "name": "background_e",
          "color": [
            255,
            182,
            193
          ]
        },
        "isLocked": false
      }
    },
    {
      "type": "Feature",
      "id": "patch_36119_26614",
      "geometry": {
        "type": "Polygon",
        "coordinates": [
          [
            [
              36119,
              26614
            ],
            [
              38020,
              26614
            ],
            [
              38020,
              28515
            ],
            [
              36119,
              28515
            ],
            [
              36119,
              26614
            ]
          ]
        ]
      },
      "properties": {
        "objectType": "annotation",
        "classification": {
          "name": "background_e",
          "color": [
            255,
            182,
            193
          ]
        },
        "isLocked": false
      }
    },
    {
      "type": "Feature",
      "id": "patch_38020_26614",
      "geometry": {
        "type": "Polygon",
        "coordinates": [
          [
            [
              38020,
              26614
            ],
            [
              39921,
              26614
            ],
            [
              39921,
              28515
            ],
            [
              38020,
              28515
            ],
            [
              38020,
              26614
            ]
          ]
        ]
      },
      "properties": {
        "objectType": "annotation",
        "classification": {
          "name": "vessel_e",
          "color": [
            255,
            0,
            0
          ]
        },
        "isLocked": false
      }
    },
    {
      "type": "Feature",
      "id": "patch_39921_26614",
      "geometry": {
        "type": "Polygon",
        "coordinates": [
          [
            [
              39921,
              26614
            ],
            [
              41822,
              26614
            ],
            [
              41822,
              28515
            ],
            [
              39921,
              28515
            ],
            [
              39921,
              26614
            ]
          ]
        ]
      },
      "properties": {
        "objectType": "annotation",
        "classification": {
          "name": "background_e",
          "color": [
            255,
            182,
            193
          ]
        },
        "isLocked": false
      }
    },
    {
      "type": "Feature",
      "id": "patch_41822_26614",
      "geometry": {
        "type": "Polygon",
        "coordinates": [
          [
            [
              41822,
              26614
            ],
            [
              43723,
              26614
            ],
            [
              43723,
              28515
            ],
            [
              41822,
              28515
            ],
            [
              41822,
              26614
            ]
          ]
        ]
      },
      "properties": {
        "objectType": "annotation",
        "classification": {
          "name": "background_e",
          "color": [
            255,
            182,
            193
          ]
        },
        "isLocked": false
      }
    },
    {
      "type": "Feature",
      "id": "patch_43723_26614",
      "geometry": {
        "type": "Polygon",
        "coordinates": [
          [
            [
              43723,
              26614
            ],
            [
              45624,
              26614
            ],
            [
              45624,
              28515
            ],
            [
              43723,
              28515
            ],
            [
              43723,
              26614
            ]
          ]
        ]
      },
      "properties": {
        "objectType": "annotation",
        "classification": {
          "name": "background_e",
          "color": [
            255,
            182,
            193
          ]
        },
        "isLocked": false
      }
    },
    {
      "type": "Feature",
      "id": "patch_45624_26614",
      "geometry": {
        "type": "Polygon",
        "coordinates": [
          [
            [
              45624,
              26614
            ],
            [
              47525,
              26614
            ],
            [
              47525,
              28515
            ],
            [
              45624,
              28515
            ],
            [
              45624,
              26614
            ]
          ]
        ]
      },
      "properties": {
        "objectType": "annotation",
        "classification": {
          "name": "background_e",
          "color": [
            255,
            182,
            193
          ]
        },
        "isLocked": false
      }
    },
    {
      "type": "Feature",
      "id": "patch_47525_26614",
      "geometry": {
        "type": "Polygon",
        "coordinates": [
          [
            [
              47525,
              26614
            ],
            [
              49426,
              26614
            ],
            [
              49426,
              28515
            ],
            [
              47525,
              28515
            ],
            [
              47525,
              26614
            ]
          ]
        ]
      },
      "properties": {
        "objectType": "annotation",
        "classification": {
          "name": "background_e",
          "color": [
            255,
            182,
            193
          ]
        },
        "isLocked": false
      }
    },
    {
      "type": "Feature",
      "id": "patch_49426_26614",
      "geometry": {
        "type": "Polygon",
        "coordinates": [
          [
            [
              49426,
              26614
            ],
            [
              51327,
              26614
            ],
            [
              51327,
              28515
            ],
            [
              49426,
              28515
            ],
            [
              49426,
              26614
            ]
          ]
        ]
      },
      "properties": {
        "objectType": "annotation",
        "classification": {
          "name": "background_e",
          "color": [
            255,
            182,
            193
          ]
        },
        "isLocked": false
      }
    },
    {
      "type": "Feature",
      "id": "patch_51327_26614",
      "geometry": {
        "type": "Polygon",
        "coordinates": [
          [
            [
              51327,
              26614
            ],
            [
              53228,
              26614
            ],
            [
              53228,
              28515
            ],
            [
              51327,
              28515
            ],
            [
              51327,
              26614
            ]
          ]
        ]
      },
      "properties": {
        "objectType": "annotation",
        "classification": {
          "name": "vessel_e",
          "color": [
            255,
            0,
            0
          ]
        },
        "isLocked": false
      }
    },
    {
      "type": "Feature",
      "id": "patch_53228_26614",
      "geometry": {
        "type": "Polygon",
        "coordinates": [
          [
            [
              53228,
              26614
            ],
            [
              55129,
              26614
            ],
            [
              55129,
              28515
            ],
            [
              53228,
              28515
            ],
            [
              53228,
              26614
            ]
          ]
        ]
      },
      "properties": {
        "objectType": "annotation",
        "classification": {
          "name": "background_e",
          "color": [
            255,
            182,
            193
          ]
        },
        "isLocked": false
      }
    },
    {
      "type": "Feature",
      "id": "patch_55129_26614",
      "geometry": {
        "type": "Polygon",
        "coordinates": [
          [
            [
              55129,
              26614
            ],
            [
              57030,
              26614
            ],
            [
              57030,
              28515
            ],
            [
              55129,
              28515
            ],
            [
              55129,
              26614
            ]
          ]
        ]
      },
      "properties": {
        "objectType": "annotation",
        "classification": {
          "name": "vessel_e",
          "color": [
            255,
            0,
            0
          ]
        },
        "isLocked": false
      }
    },
    {
      "type": "Feature",
      "id": "patch_57030_26614",
      "geometry": {
        "type": "Polygon",
        "coordinates": [
          [
            [
              57030,
              26614
            ],
            [
              58931,
              26614
            ],
            [
              58931,
              28515
            ],
            [
              57030,
              28515
            ],
            [
              57030,
              26614
            ]
          ]
        ]
      },
      "properties": {
        "objectType": "annotation",
        "classification": {
          "name": "background_e",
          "color": [
            255,
            182,
            193
          ]
        },
        "isLocked": false
      }
    },
    {
      "type": "Feature",
      "id": "patch_58931_26614",
      "geometry": {
        "type": "Polygon",
        "coordinates": [
          [
            [
              58931,
              26614
            ],
            [
              60832,
              26614
            ],
            [
              60832,
              28515
            ],
            [
              58931,
              28515
            ],
            [
              58931,
              26614
            ]
          ]
        ]
      },
      "properties": {
        "objectType": "annotation",
        "classification": {
          "name": "background_e",
          "color": [
            255,
            182,
            193
          ]
        },
        "isLocked": false
      }
    },
    {
      "type": "Feature",
      "id": "patch_60832_26614",
      "geometry": {
        "type": "Polygon",
        "coordinates": [
          [
            [
              60832,
              26614
            ],
            [
              62733,
              26614
            ],
            [
              62733,
              28515
            ],
            [
              60832,
              28515
            ],
            [
              60832,
              26614
            ]
          ]
        ]
      },
      "properties": {
        "objectType": "annotation",
        "classification": {
          "name": "vessel_e",
          "color": [
            255,
            0,
            0
          ]
        },
        "isLocked": false
      }
    },
    {
      "type": "Feature",
      "id": "patch_62733_26614",
      "geometry": {
        "type": "Polygon",
        "coordinates": [
          [
            [
              62733,
              26614
            ],
            [
              64634,
              26614
            ],
            [
              64634,
              28515
            ],
            [
              62733,
              28515
            ],
            [
              62733,
              26614
            ]
          ]
        ]
      },
      "properties": {
        "objectType": "annotation",
        "classification": {
          "name": "background_e",
          "color": [
            255,
            182,
            193
          ]
        },
        "isLocked": false
      }
    },
    {
      "type": "Feature",
      "id": "patch_9505_28515",
      "geometry": {
        "type": "Polygon",
        "coordinates": [
          [
            [
              9505,
              28515
            ],
            [
              11406,
              28515
            ],
            [
              11406,
              30416
            ],
            [
              9505,
              30416
            ],
            [
              9505,
              28515
            ]
          ]
        ]
      },
      "properties": {
        "objectType": "annotation",
        "classification": {
          "name": "background_e",
          "color": [
            255,
            182,
            193
          ]
        },
        "isLocked": false
      }
    },
    {
      "type": "Feature",
      "id": "patch_11406_28515",
      "geometry": {
        "type": "Polygon",
        "coordinates": [
          [
            [
              11406,
              28515
            ],
            [
              13307,
              28515
            ],
            [
              13307,
              30416
            ],
            [
              11406,
              30416
            ],
            [
              11406,
              28515
            ]
          ]
        ]
      },
      "properties": {
        "objectType": "annotation",
        "classification": {
          "name": "background_e",
          "color": [
            255,
            182,
            193
          ]
        },
        "isLocked": false
      }
    },
    {
      "type": "Feature",
      "id": "patch_13307_28515",
      "geometry": {
        "type": "Polygon",
        "coordinates": [
          [
            [
              13307,
              28515
            ],
            [
              15208,
              28515
            ],
            [
              15208,
              30416
            ],
            [
              13307,
              30416
            ],
            [
              13307,
              28515
            ]
          ]
        ]
      },
      "properties": {
        "objectType": "annotation",
        "classification": {
          "name": "background_e",
          "color": [
            255,
            182,
            193
          ]
        },
        "isLocked": false
      }
    },
    {
      "type": "Feature",
      "id": "patch_15208_28515",
      "geometry": {
        "type": "Polygon",
        "coordinates": [
          [
            [
              15208,
              28515
            ],
            [
              17109,
              28515
            ],
            [
              17109,
              30416
            ],
            [
              15208,
              30416
            ],
            [
              15208,
              28515
            ]
          ]
        ]
      },
      "properties": {
        "objectType": "annotation",
        "classification": {
          "name": "background_e",
          "color": [
            255,
            182,
            193
          ]
        },
        "isLocked": false
      }
    },
    {
      "type": "Feature",
      "id": "patch_17109_28515",
      "geometry": {
        "type": "Polygon",
        "coordinates": [
          [
            [
              17109,
              28515
            ],
            [
              19010,
              28515
            ],
            [
              19010,
              30416
            ],
            [
              17109,
              30416
            ],
            [
              17109,
              28515
            ]
          ]
        ]
      },
      "properties": {
        "objectType": "annotation",
        "classification": {
          "name": "background_e",
          "color": [
            255,
            182,
            193
          ]
        },
        "isLocked": false
      }
    },
    {
      "type": "Feature",
      "id": "patch_19010_28515",
      "geometry": {
        "type": "Polygon",
        "coordinates": [
          [
            [
              19010,
              28515
            ],
            [
              20911,
              28515
            ],
            [
              20911,
              30416
            ],
            [
              19010,
              30416
            ],
            [
              19010,
              28515
            ]
          ]
        ]
      },
      "properties": {
        "objectType": "annotation",
        "classification": {
          "name": "vessel_e",
          "color": [
            255,
            0,
            0
          ]
        },
        "isLocked": false
      }
    },
    {
      "type": "Feature",
      "id": "patch_20911_28515",
      "geometry": {
        "type": "Polygon",
        "coordinates": [
          [
            [
              20911,
              28515
            ],
            [
              22812,
              28515
            ],
            [
              22812,
              30416
            ],
            [
              20911,
              30416
            ],
            [
              20911,
              28515
            ]
          ]
        ]
      },
      "properties": {
        "objectType": "annotation",
        "classification": {
          "name": "background_e",
          "color": [
            255,
            182,
            193
          ]
        },
        "isLocked": false
      }
    },
    {
      "type": "Feature",
      "id": "patch_22812_28515",
      "geometry": {
        "type": "Polygon",
        "coordinates": [
          [
            [
              22812,
              28515
            ],
            [
              24713,
              28515
            ],
            [
              24713,
              30416
            ],
            [
              22812,
              30416
            ],
            [
              22812,
              28515
            ]
          ]
        ]
      },
      "properties": {
        "objectType": "annotation",
        "classification": {
          "name": "background_e",
          "color": [
            255,
            182,
            193
          ]
        },
        "isLocked": false
      }
    },
    {
      "type": "Feature",
      "id": "patch_24713_28515",
      "geometry": {
        "type": "Polygon",
        "coordinates": [
          [
            [
              24713,
              28515
            ],
            [
              26614,
              28515
            ],
            [
              26614,
              30416
            ],
            [
              24713,
              30416
            ],
            [
              24713,
              28515
            ]
          ]
        ]
      },
      "properties": {
        "objectType": "annotation",
        "classification": {
          "name": "background_e",
          "color": [
            255,
            182,
            193
          ]
        },
        "isLocked": false
      }
    },
    {
      "type": "Feature",
      "id": "patch_26614_28515",
      "geometry": {
        "type": "Polygon",
        "coordinates": [
          [
            [
              26614,
              28515
            ],
            [
              28515,
              28515
            ],
            [
              28515,
              30416
            ],
            [
              26614,
              30416
            ],
            [
              26614,
              28515
            ]
          ]
        ]
      },
      "properties": {
        "objectType": "annotation",
        "classification": {
          "name": "background_e",
          "color": [
            255,
            182,
            193
          ]
        },
        "isLocked": false
      }
    },
    {
      "type": "Feature",
      "id": "patch_28515_28515",
      "geometry": {
        "type": "Polygon",
        "coordinates": [
          [
            [
              28515,
              28515
            ],
            [
              30416,
              28515
            ],
            [
              30416,
              30416
            ],
            [
              28515,
              30416
            ],
            [
              28515,
              28515
            ]
          ]
        ]
      },
      "properties": {
        "objectType": "annotation",
        "classification": {
          "name": "vessel_e",
          "color": [
            255,
            0,
            0
          ]
        },
        "isLocked": false
      }
    },
    {
      "type": "Feature",
      "id": "patch_30416_28515",
      "geometry": {
        "type": "Polygon",
        "coordinates": [
          [
            [
              30416,
              28515
            ],
            [
              32317,
              28515
            ],
            [
              32317,
              30416
            ],
            [
              30416,
              30416
            ],
            [
              30416,
              28515
            ]
          ]
        ]
      },
      "properties": {
        "objectType": "annotation",
        "classification": {
          "name": "background_e",
          "color": [
            255,
            182,
            193
          ]
        },
        "isLocked": false
      }
    },
    {
      "type": "Feature",
      "id": "patch_32317_28515",
      "geometry": {
        "type": "Polygon",
        "coordinates": [
          [
            [
              32317,
              28515
            ],
            [
              34218,
              28515
            ],
            [
              34218,
              30416
            ],
            [
              32317,
              30416
            ],
            [
              32317,
              28515
            ]
          ]
        ]
      },
      "properties": {
        "objectType": "annotation",
        "classification": {
          "name": "background_e",
          "color": [
            255,
            182,
            193
          ]
        },
        "isLocked": false
      }
    },
    {
      "type": "Feature",
      "id": "patch_34218_28515",
      "geometry": {
        "type": "Polygon",
        "coordinates": [
          [
            [
              34218,
              28515
            ],
            [
              36119,
              28515
            ],
            [
              36119,
              30416
            ],
            [
              34218,
              30416
            ],
            [
              34218,
              28515
            ]
          ]
        ]
      },
      "properties": {
        "objectType": "annotation",
        "classification": {
          "name": "background_e",
          "color": [
            255,
            182,
            193
          ]
        },
        "isLocked": false
      }
    },
    {
      "type": "Feature",
      "id": "patch_36119_28515",
      "geometry": {
        "type": "Polygon",
        "coordinates": [
          [
            [
              36119,
              28515
            ],
            [
              38020,
              28515
            ],
            [
              38020,
              30416
            ],
            [
              36119,
              30416
            ],
            [
              36119,
              28515
            ]
          ]
        ]
      },
      "properties": {
        "objectType": "annotation",
        "classification": {
          "name": "background_e",
          "color": [
            255,
            182,
            193
          ]
        },
        "isLocked": false
      }
    },
    {
      "type": "Feature",
      "id": "patch_38020_28515",
      "geometry": {
        "type": "Polygon",
        "coordinates": [
          [
            [
              38020,
              28515
            ],
            [
              39921,
              28515
            ],
            [
              39921,
              30416
            ],
            [
              38020,
              30416
            ],
            [
              38020,
              28515
            ]
          ]
        ]
      },
      "properties": {
        "objectType": "annotation",
        "classification": {
          "name": "background_e",
          "color": [
            255,
            182,
            193
          ]
        },
        "isLocked": false
      }
    },
    {
      "type": "Feature",
      "id": "patch_39921_28515",
      "geometry": {
        "type": "Polygon",
        "coordinates": [
          [
            [
              39921,
              28515
            ],
            [
              41822,
              28515
            ],
            [
              41822,
              30416
            ],
            [
              39921,
              30416
            ],
            [
              39921,
              28515
            ]
          ]
        ]
      },
      "properties": {
        "objectType": "annotation",
        "classification": {
          "name": "background_e",
          "color": [
            255,
            182,
            193
          ]
        },
        "isLocked": false
      }
    },
    {
      "type": "Feature",
      "id": "patch_41822_28515",
      "geometry": {
        "type": "Polygon",
        "coordinates": [
          [
            [
              41822,
              28515
            ],
            [
              43723,
              28515
            ],
            [
              43723,
              30416
            ],
            [
              41822,
              30416
            ],
            [
              41822,
              28515
            ]
          ]
        ]
      },
      "properties": {
        "objectType": "annotation",
        "classification": {
          "name": "background_e",
          "color": [
            255,
            182,
            193
          ]
        },
        "isLocked": false
      }
    },
    {
      "type": "Feature",
      "id": "patch_43723_28515",
      "geometry": {
        "type": "Polygon",
        "coordinates": [
          [
            [
              43723,
              28515
            ],
            [
              45624,
              28515
            ],
            [
              45624,
              30416
            ],
            [
              43723,
              30416
            ],
            [
              43723,
              28515
            ]
          ]
        ]
      },
      "properties": {
        "objectType": "annotation",
        "classification": {
          "name": "background_e",
          "color": [
            255,
            182,
            193
          ]
        },
        "isLocked": false
      }
    },
    {
      "type": "Feature",
      "id": "patch_45624_28515",
      "geometry": {
        "type": "Polygon",
        "coordinates": [
          [
            [
              45624,
              28515
            ],
            [
              47525,
              28515
            ],
            [
              47525,
              30416
            ],
            [
              45624,
              30416
            ],
            [
              45624,
              28515
            ]
          ]
        ]
      },
      "properties": {
        "objectType": "annotation",
        "classification": {
          "name": "background_e",
          "color": [
            255,
            182,
            193
          ]
        },
        "isLocked": false
      }
    },
    {
      "type": "Feature",
      "id": "patch_47525_28515",
      "geometry": {
        "type": "Polygon",
        "coordinates": [
          [
            [
              47525,
              28515
            ],
            [
              49426,
              28515
            ],
            [
              49426,
              30416
            ],
            [
              47525,
              30416
            ],
            [
              47525,
              28515
            ]
          ]
        ]
      },
      "properties": {
        "objectType": "annotation",
        "classification": {
          "name": "background_e",
          "color": [
            255,
            182,
            193
          ]
        },
        "isLocked": false
      }
    },
    {
      "type": "Feature",
      "id": "patch_49426_28515",
      "geometry": {
        "type": "Polygon",
        "coordinates": [
          [
            [
              49426,
              28515
            ],
            [
              51327,
              28515
            ],
            [
              51327,
              30416
            ],
            [
              49426,
              30416
            ],
            [
              49426,
              28515
            ]
          ]
        ]
      },
      "properties": {
        "objectType": "annotation",
        "classification": {
          "name": "background_e",
          "color": [
            255,
            182,
            193
          ]
        },
        "isLocked": false
      }
    },
    {
      "type": "Feature",
      "id": "patch_51327_28515",
      "geometry": {
        "type": "Polygon",
        "coordinates": [
          [
            [
              51327,
              28515
            ],
            [
              53228,
              28515
            ],
            [
              53228,
              30416
            ],
            [
              51327,
              30416
            ],
            [
              51327,
              28515
            ]
          ]
        ]
      },
      "properties": {
        "objectType": "annotation",
        "classification": {
          "name": "background_e",
          "color": [
            255,
            182,
            193
          ]
        },
        "isLocked": false
      }
    },
    {
      "type": "Feature",
      "id": "patch_53228_28515",
      "geometry": {
        "type": "Polygon",
        "coordinates": [
          [
            [
              53228,
              28515
            ],
            [
              55129,
              28515
            ],
            [
              55129,
              30416
            ],
            [
              53228,
              30416
            ],
            [
              53228,
              28515
            ]
          ]
        ]
      },
      "properties": {
        "objectType": "annotation",
        "classification": {
          "name": "background_e",
          "color": [
            255,
            182,
            193
          ]
        },
        "isLocked": false
      }
    },
    {
      "type": "Feature",
      "id": "patch_55129_28515",
      "geometry": {
        "type": "Polygon",
        "coordinates": [
          [
            [
              55129,
              28515
            ],
            [
              57030,
              28515
            ],
            [
              57030,
              30416
            ],
            [
              55129,
              30416
            ],
            [
              55129,
              28515
            ]
          ]
        ]
      },
      "properties": {
        "objectType": "annotation",
        "classification": {
          "name": "background_e",
          "color": [
            255,
            182,
            193
          ]
        },
        "isLocked": false
      }
    },
    {
      "type": "Feature",
      "id": "patch_57030_28515",
      "geometry": {
        "type": "Polygon",
        "coordinates": [
          [
            [
              57030,
              28515
            ],
            [
              58931,
              28515
            ],
            [
              58931,
              30416
            ],
            [
              57030,
              30416
            ],
            [
              57030,
              28515
            ]
          ]
        ]
      },
      "properties": {
        "objectType": "annotation",
        "classification": {
          "name": "background_e",
          "color": [
            255,
            182,
            193
          ]
        },
        "isLocked": false
      }
    },
    {
      "type": "Feature",
      "id": "patch_58931_28515",
      "geometry": {
        "type": "Polygon",
        "coordinates": [
          [
            [
              58931,
              28515
            ],
            [
              60832,
              28515
            ],
            [
              60832,
              30416
            ],
            [
              58931,
              30416
            ],
            [
              58931,
              28515
            ]
          ]
        ]
      },
      "properties": {
        "objectType": "annotation",
        "classification": {
          "name": "background_e",
          "color": [
            255,
            182,
            193
          ]
        },
        "isLocked": false
      }
    },
    {
      "type": "Feature",
      "id": "patch_60832_28515",
      "geometry": {
        "type": "Polygon",
        "coordinates": [
          [
            [
              60832,
              28515
            ],
            [
              62733,
              28515
            ],
            [
              62733,
              30416
            ],
            [
              60832,
              30416
            ],
            [
              60832,
              28515
            ]
          ]
        ]
      },
      "properties": {
        "objectType": "annotation",
        "classification": {
          "name": "background_e",
          "color": [
            255,
            182,
            193
          ]
        },
        "isLocked": false
      }
    },
    {
      "type": "Feature",
      "id": "patch_62733_28515",
      "geometry": {
        "type": "Polygon",
        "coordinates": [
          [
            [
              62733,
              28515
            ],
            [
              64634,
              28515
            ],
            [
              64634,
              30416
            ],
            [
              62733,
              30416
            ],
            [
              62733,
              28515
            ]
          ]
        ]
      },
      "properties": {
        "objectType": "annotation",
        "classification": {
          "name": "background_e",
          "color": [
            255,
            182,
            193
          ]
        },
        "isLocked": false
      }
    },
    {
      "type": "Feature",
      "id": "patch_64634_28515",
      "geometry": {
        "type": "Polygon",
        "coordinates": [
          [
            [
              64634,
              28515
            ],
            [
              66535,
              28515
            ],
            [
              66535,
              30416
            ],
            [
              64634,
              30416
            ],
            [
              64634,
              28515
            ]
          ]
        ]
      },
      "properties": {
        "objectType": "annotation",
        "classification": {
          "name": "white",
          "color": [
            200,
            200,
            200
          ]
        },
        "isLocked": false
      }
    },
    {
      "type": "Feature",
      "id": "patch_9505_30416",
      "geometry": {
        "type": "Polygon",
        "coordinates": [
          [
            [
              9505,
              30416
            ],
            [
              11406,
              30416
            ],
            [
              11406,
              32317
            ],
            [
              9505,
              32317
            ],
            [
              9505,
              30416
            ]
          ]
        ]
      },
      "properties": {
        "objectType": "annotation",
        "classification": {
          "name": "background_h",
          "color": [
            0,
            0,
            255
          ]
        },
        "isLocked": false
      }
    },
    {
      "type": "Feature",
      "id": "patch_11406_30416",
      "geometry": {
        "type": "Polygon",
        "coordinates": [
          [
            [
              11406,
              30416
            ],
            [
              13307,
              30416
            ],
            [
              13307,
              32317
            ],
            [
              11406,
              32317
            ],
            [
              11406,
              30416
            ]
          ]
        ]
      },
      "properties": {
        "objectType": "annotation",
        "classification": {
          "name": "background_h",
          "color": [
            0,
            0,
            255
          ]
        },
        "isLocked": false
      }
    },
    {
      "type": "Feature",
      "id": "patch_13307_30416",
      "geometry": {
        "type": "Polygon",
        "coordinates": [
          [
            [
              13307,
              30416
            ],
            [
              15208,
              30416
            ],
            [
              15208,
              32317
            ],
            [
              13307,
              32317
            ],
            [
              13307,
              30416
            ]
          ]
        ]
      },
      "properties": {
        "objectType": "annotation",
        "classification": {
          "name": "background_h",
          "color": [
            0,
            0,
            255
          ]
        },
        "isLocked": false
      }
    },
    {
      "type": "Feature",
      "id": "patch_15208_30416",
      "geometry": {
        "type": "Polygon",
        "coordinates": [
          [
            [
              15208,
              30416
            ],
            [
              17109,
              30416
            ],
            [
              17109,
              32317
            ],
            [
              15208,
              32317
            ],
            [
              15208,
              30416
            ]
          ]
        ]
      },
      "properties": {
        "objectType": "annotation",
        "classification": {
          "name": "background_h",
          "color": [
            0,
            0,
            255
          ]
        },
        "isLocked": false
      }
    },
    {
      "type": "Feature",
      "id": "patch_17109_30416",
      "geometry": {
        "type": "Polygon",
        "coordinates": [
          [
            [
              17109,
              30416
            ],
            [
              19010,
              30416
            ],
            [
              19010,
              32317
            ],
            [
              17109,
              32317
            ],
            [
              17109,
              30416
            ]
          ]
        ]
      },
      "properties": {
        "objectType": "annotation",
        "classification": {
          "name": "vessel_h",
          "color": [
            128,
            0,
            128
          ]
        },
        "isLocked": false
      }
    },
    {
      "type": "Feature",
      "id": "patch_19010_30416",
      "geometry": {
        "type": "Polygon",
        "coordinates": [
          [
            [
              19010,
              30416
            ],
            [
              20911,
              30416
            ],
            [
              20911,
              32317
            ],
            [
              19010,
              32317
            ],
            [
              19010,
              30416
            ]
          ]
        ]
      },
      "properties": {
        "objectType": "annotation",
        "classification": {
          "name": "background_e",
          "color": [
            255,
            182,
            193
          ]
        },
        "isLocked": false
      }
    },
    {
      "type": "Feature",
      "id": "patch_20911_30416",
      "geometry": {
        "type": "Polygon",
        "coordinates": [
          [
            [
              20911,
              30416
            ],
            [
              22812,
              30416
            ],
            [
              22812,
              32317
            ],
            [
              20911,
              32317
            ],
            [
              20911,
              30416
            ]
          ]
        ]
      },
      "properties": {
        "objectType": "annotation",
        "classification": {
          "name": "background_e",
          "color": [
            255,
            182,
            193
          ]
        },
        "isLocked": false
      }
    },
    {
      "type": "Feature",
      "id": "patch_22812_30416",
      "geometry": {
        "type": "Polygon",
        "coordinates": [
          [
            [
              22812,
              30416
            ],
            [
              24713,
              30416
            ],
            [
              24713,
              32317
            ],
            [
              22812,
              32317
            ],
            [
              22812,
              30416
            ]
          ]
        ]
      },
      "properties": {
        "objectType": "annotation",
        "classification": {
          "name": "background_e",
          "color": [
            255,
            182,
            193
          ]
        },
        "isLocked": false
      }
    },
    {
      "type": "Feature",
      "id": "patch_24713_30416",
      "geometry": {
        "type": "Polygon",
        "coordinates": [
          [
            [
              24713,
              30416
            ],
            [
              26614,
              30416
            ],
            [
              26614,
              32317
            ],
            [
              24713,
              32317
            ],
            [
              24713,
              30416
            ]
          ]
        ]
      },
      "properties": {
        "objectType": "annotation",
        "classification": {
          "name": "background_e",
          "color": [
            255,
            182,
            193
          ]
        },
        "isLocked": false
      }
    },
    {
      "type": "Feature",
      "id": "patch_26614_30416",
      "geometry": {
        "type": "Polygon",
        "coordinates": [
          [
            [
              26614,
              30416
            ],
            [
              28515,
              30416
            ],
            [
              28515,
              32317
            ],
            [
              26614,
              32317
            ],
            [
              26614,
              30416
            ]
          ]
        ]
      },
      "properties": {
        "objectType": "annotation",
        "classification": {
          "name": "background_e",
          "color": [
            255,
            182,
            193
          ]
        },
        "isLocked": false
      }
    },
    {
      "type": "Feature",
      "id": "patch_28515_30416",
      "geometry": {
        "type": "Polygon",
        "coordinates": [
          [
            [
              28515,
              30416
            ],
            [
              30416,
              30416
            ],
            [
              30416,
              32317
            ],
            [
              28515,
              32317
            ],
            [
              28515,
              30416
            ]
          ]
        ]
      },
      "properties": {
        "objectType": "annotation",
        "classification": {
          "name": "background_e",
          "color": [
            255,
            182,
            193
          ]
        },
        "isLocked": false
      }
    },
    {
      "type": "Feature",
      "id": "patch_30416_30416",
      "geometry": {
        "type": "Polygon",
        "coordinates": [
          [
            [
              30416,
              30416
            ],
            [
              32317,
              30416
            ],
            [
              32317,
              32317
            ],
            [
              30416,
              32317
            ],
            [
              30416,
              30416
            ]
          ]
        ]
      },
      "properties": {
        "objectType": "annotation",
        "classification": {
          "name": "background_e",
          "color": [
            255,
            182,
            193
          ]
        },
        "isLocked": false
      }
    },
    {
      "type": "Feature",
      "id": "patch_32317_30416",
      "geometry": {
        "type": "Polygon",
        "coordinates": [
          [
            [
              32317,
              30416
            ],
            [
              34218,
              30416
            ],
            [
              34218,
              32317
            ],
            [
              32317,
              32317
            ],
            [
              32317,
              30416
            ]
          ]
        ]
      },
      "properties": {
        "objectType": "annotation",
        "classification": {
          "name": "background_e",
          "color": [
            255,
            182,
            193
          ]
        },
        "isLocked": false
      }
    },
    {
      "type": "Feature",
      "id": "patch_34218_30416",
      "geometry": {
        "type": "Polygon",
        "coordinates": [
          [
            [
              34218,
              30416
            ],
            [
              36119,
              30416
            ],
            [
              36119,
              32317
            ],
            [
              34218,
              32317
            ],
            [
              34218,
              30416
            ]
          ]
        ]
      },
      "properties": {
        "objectType": "annotation",
        "classification": {
          "name": "background_e",
          "color": [
            255,
            182,
            193
          ]
        },
        "isLocked": false
      }
    },
    {
      "type": "Feature",
      "id": "patch_36119_30416",
      "geometry": {
        "type": "Polygon",
        "coordinates": [
          [
            [
              36119,
              30416
            ],
            [
              38020,
              30416
            ],
            [
              38020,
              32317
            ],
            [
              36119,
              32317
            ],
            [
              36119,
              30416
            ]
          ]
        ]
      },
      "properties": {
        "objectType": "annotation",
        "classification": {
          "name": "background_e",
          "color": [
            255,
            182,
            193
          ]
        },
        "isLocked": false
      }
    },
    {
      "type": "Feature",
      "id": "patch_38020_30416",
      "geometry": {
        "type": "Polygon",
        "coordinates": [
          [
            [
              38020,
              30416
            ],
            [
              39921,
              30416
            ],
            [
              39921,
              32317
            ],
            [
              38020,
              32317
            ],
            [
              38020,
              30416
            ]
          ]
        ]
      },
      "properties": {
        "objectType": "annotation",
        "classification": {
          "name": "background_e",
          "color": [
            255,
            182,
            193
          ]
        },
        "isLocked": false
      }
    },
    {
      "type": "Feature",
      "id": "patch_39921_30416",
      "geometry": {
        "type": "Polygon",
        "coordinates": [
          [
            [
              39921,
              30416
            ],
            [
              41822,
              30416
            ],
            [
              41822,
              32317
            ],
            [
              39921,
              32317
            ],
            [
              39921,
              30416
            ]
          ]
        ]
      },
      "properties": {
        "objectType": "annotation",
        "classification": {
          "name": "background_e",
          "color": [
            255,
            182,
            193
          ]
        },
        "isLocked": false
      }
    },
    {
      "type": "Feature",
      "id": "patch_41822_30416",
      "geometry": {
        "type": "Polygon",
        "coordinates": [
          [
            [
              41822,
              30416
            ],
            [
              43723,
              30416
            ],
            [
              43723,
              32317
            ],
            [
              41822,
              32317
            ],
            [
              41822,
              30416
            ]
          ]
        ]
      },
      "properties": {
        "objectType": "annotation",
        "classification": {
          "name": "vessel_e",
          "color": [
            255,
            0,
            0
          ]
        },
        "isLocked": false
      }
    },
    {
      "type": "Feature",
      "id": "patch_43723_30416",
      "geometry": {
        "type": "Polygon",
        "coordinates": [
          [
            [
              43723,
              30416
            ],
            [
              45624,
              30416
            ],
            [
              45624,
              32317
            ],
            [
              43723,
              32317
            ],
            [
              43723,
              30416
            ]
          ]
        ]
      },
      "properties": {
        "objectType": "annotation",
        "classification": {
          "name": "background_e",
          "color": [
            255,
            182,
            193
          ]
        },
        "isLocked": false
      }
    },
    {
      "type": "Feature",
      "id": "patch_45624_30416",
      "geometry": {
        "type": "Polygon",
        "coordinates": [
          [
            [
              45624,
              30416
            ],
            [
              47525,
              30416
            ],
            [
              47525,
              32317
            ],
            [
              45624,
              32317
            ],
            [
              45624,
              30416
            ]
          ]
        ]
      },
      "properties": {
        "objectType": "annotation",
        "classification": {
          "name": "background_e",
          "color": [
            255,
            182,
            193
          ]
        },
        "isLocked": false
      }
    },
    {
      "type": "Feature",
      "id": "patch_47525_30416",
      "geometry": {
        "type": "Polygon",
        "coordinates": [
          [
            [
              47525,
              30416
            ],
            [
              49426,
              30416
            ],
            [
              49426,
              32317
            ],
            [
              47525,
              32317
            ],
            [
              47525,
              30416
            ]
          ]
        ]
      },
      "properties": {
        "objectType": "annotation",
        "classification": {
          "name": "vessel_e",
          "color": [
            255,
            0,
            0
          ]
        },
        "isLocked": false
      }
    },
    {
      "type": "Feature",
      "id": "patch_49426_30416",
      "geometry": {
        "type": "Polygon",
        "coordinates": [
          [
            [
              49426,
              30416
            ],
            [
              51327,
              30416
            ],
            [
              51327,
              32317
            ],
            [
              49426,
              32317
            ],
            [
              49426,
              30416
            ]
          ]
        ]
      },
      "properties": {
        "objectType": "annotation",
        "classification": {
          "name": "background_e",
          "color": [
            255,
            182,
            193
          ]
        },
        "isLocked": false
      }
    },
    {
      "type": "Feature",
      "id": "patch_51327_30416",
      "geometry": {
        "type": "Polygon",
        "coordinates": [
          [
            [
              51327,
              30416
            ],
            [
              53228,
              30416
            ],
            [
              53228,
              32317
            ],
            [
              51327,
              32317
            ],
            [
              51327,
              30416
            ]
          ]
        ]
      },
      "properties": {
        "objectType": "annotation",
        "classification": {
          "name": "background_e",
          "color": [
            255,
            182,
            193
          ]
        },
        "isLocked": false
      }
    },
    {
      "type": "Feature",
      "id": "patch_53228_30416",
      "geometry": {
        "type": "Polygon",
        "coordinates": [
          [
            [
              53228,
              30416
            ],
            [
              55129,
              30416
            ],
            [
              55129,
              32317
            ],
            [
              53228,
              32317
            ],
            [
              53228,
              30416
            ]
          ]
        ]
      },
      "properties": {
        "objectType": "annotation",
        "classification": {
          "name": "background_e",
          "color": [
            255,
            182,
            193
          ]
        },
        "isLocked": false
      }
    },
    {
      "type": "Feature",
      "id": "patch_55129_30416",
      "geometry": {
        "type": "Polygon",
        "coordinates": [
          [
            [
              55129,
              30416
            ],
            [
              57030,
              30416
            ],
            [
              57030,
              32317
            ],
            [
              55129,
              32317
            ],
            [
              55129,
              30416
            ]
          ]
        ]
      },
      "properties": {
        "objectType": "annotation",
        "classification": {
          "name": "background_e",
          "color": [
            255,
            182,
            193
          ]
        },
        "isLocked": false
      }
    },
    {
      "type": "Feature",
      "id": "patch_57030_30416",
      "geometry": {
        "type": "Polygon",
        "coordinates": [
          [
            [
              57030,
              30416
            ],
            [
              58931,
              30416
            ],
            [
              58931,
              32317
            ],
            [
              57030,
              32317
            ],
            [
              57030,
              30416
            ]
          ]
        ]
      },
      "properties": {
        "objectType": "annotation",
        "classification": {
          "name": "background_e",
          "color": [
            255,
            182,
            193
          ]
        },
        "isLocked": false
      }
    },
    {
      "type": "Feature",
      "id": "patch_58931_30416",
      "geometry": {
        "type": "Polygon",
        "coordinates": [
          [
            [
              58931,
              30416
            ],
            [
              60832,
              30416
            ],
            [
              60832,
              32317
            ],
            [
              58931,
              32317
            ],
            [
              58931,
              30416
            ]
          ]
        ]
      },
      "properties": {
        "objectType": "annotation",
        "classification": {
          "name": "background_e",
          "color": [
            255,
            182,
            193
          ]
        },
        "isLocked": false
      }
    },
    {
      "type": "Feature",
      "id": "patch_60832_30416",
      "geometry": {
        "type": "Polygon",
        "coordinates": [
          [
            [
              60832,
              30416
            ],
            [
              62733,
              30416
            ],
            [
              62733,
              32317
            ],
            [
              60832,
              32317
            ],
            [
              60832,
              30416
            ]
          ]
        ]
      },
      "properties": {
        "objectType": "annotation",
        "classification": {
          "name": "vessel_e",
          "color": [
            255,
            0,
            0
          ]
        },
        "isLocked": false
      }
    },
    {
      "type": "Feature",
      "id": "patch_62733_30416",
      "geometry": {
        "type": "Polygon",
        "coordinates": [
          [
            [
              62733,
              30416
            ],
            [
              64634,
              30416
            ],
            [
              64634,
              32317
            ],
            [
              62733,
              32317
            ],
            [
              62733,
              30416
            ]
          ]
        ]
      },
      "properties": {
        "objectType": "annotation",
        "classification": {
          "name": "background_e",
          "color": [
            255,
            182,
            193
          ]
        },
        "isLocked": false
      }
    },
    {
      "type": "Feature",
      "id": "patch_9505_32317",
      "geometry": {
        "type": "Polygon",
        "coordinates": [
          [
            [
              9505,
              32317
            ],
            [
              11406,
              32317
            ],
            [
              11406,
              34218
            ],
            [
              9505,
              34218
            ],
            [
              9505,
              32317
            ]
          ]
        ]
      },
      "properties": {
        "objectType": "annotation",
        "classification": {
          "name": "vessel_h",
          "color": [
            128,
            0,
            128
          ]
        },
        "isLocked": false
      }
    },
    {
      "type": "Feature",
      "id": "patch_11406_32317",
      "geometry": {
        "type": "Polygon",
        "coordinates": [
          [
            [
              11406,
              32317
            ],
            [
              13307,
              32317
            ],
            [
              13307,
              34218
            ],
            [
              11406,
              34218
            ],
            [
              11406,
              32317
            ]
          ]
        ]
      },
      "properties": {
        "objectType": "annotation",
        "classification": {
          "name": "background_h",
          "color": [
            0,
            0,
            255
          ]
        },
        "isLocked": false
      }
    },
    {
      "type": "Feature",
      "id": "patch_13307_32317",
      "geometry": {
        "type": "Polygon",
        "coordinates": [
          [
            [
              13307,
              32317
            ],
            [
              15208,
              32317
            ],
            [
              15208,
              34218
            ],
            [
              13307,
              34218
            ],
            [
              13307,
              32317
            ]
          ]
        ]
      },
      "properties": {
        "objectType": "annotation",
        "classification": {
          "name": "background_h",
          "color": [
            0,
            0,
            255
          ]
        },
        "isLocked": false
      }
    },
    {
      "type": "Feature",
      "id": "patch_15208_32317",
      "geometry": {
        "type": "Polygon",
        "coordinates": [
          [
            [
              15208,
              32317
            ],
            [
              17109,
              32317
            ],
            [
              17109,
              34218
            ],
            [
              15208,
              34218
            ],
            [
              15208,
              32317
            ]
          ]
        ]
      },
      "properties": {
        "objectType": "annotation",
        "classification": {
          "name": "background_h",
          "color": [
            0,
            0,
            255
          ]
        },
        "isLocked": false
      }
    },
    {
      "type": "Feature",
      "id": "patch_17109_32317",
      "geometry": {
        "type": "Polygon",
        "coordinates": [
          [
            [
              17109,
              32317
            ],
            [
              19010,
              32317
            ],
            [
              19010,
              34218
            ],
            [
              17109,
              34218
            ],
            [
              17109,
              32317
            ]
          ]
        ]
      },
      "properties": {
        "objectType": "annotation",
        "classification": {
          "name": "background_h",
          "color": [
            0,
            0,
            255
          ]
        },
        "isLocked": false
      }
    },
    {
      "type": "Feature",
      "id": "patch_19010_32317",
      "geometry": {
        "type": "Polygon",
        "coordinates": [
          [
            [
              19010,
              32317
            ],
            [
              20911,
              32317
            ],
            [
              20911,
              34218
            ],
            [
              19010,
              34218
            ],
            [
              19010,
              32317
            ]
          ]
        ]
      },
      "properties": {
        "objectType": "annotation",
        "classification": {
          "name": "background_e",
          "color": [
            255,
            182,
            193
          ]
        },
        "isLocked": false
      }
    },
    {
      "type": "Feature",
      "id": "patch_20911_32317",
      "geometry": {
        "type": "Polygon",
        "coordinates": [
          [
            [
              20911,
              32317
            ],
            [
              22812,
              32317
            ],
            [
              22812,
              34218
            ],
            [
              20911,
              34218
            ],
            [
              20911,
              32317
            ]
          ]
        ]
      },
      "properties": {
        "objectType": "annotation",
        "classification": {
          "name": "background_e",
          "color": [
            255,
            182,
            193
          ]
        },
        "isLocked": false
      }
    },
    {
      "type": "Feature",
      "id": "patch_22812_32317",
      "geometry": {
        "type": "Polygon",
        "coordinates": [
          [
            [
              22812,
              32317
            ],
            [
              24713,
              32317
            ],
            [
              24713,
              34218
            ],
            [
              22812,
              34218
            ],
            [
              22812,
              32317
            ]
          ]
        ]
      },
      "properties": {
        "objectType": "annotation",
        "classification": {
          "name": "vessel_e",
          "color": [
            255,
            0,
            0
          ]
        },
        "isLocked": false
      }
    },
    {
      "type": "Feature",
      "id": "patch_24713_32317",
      "geometry": {
        "type": "Polygon",
        "coordinates": [
          [
            [
              24713,
              32317
            ],
            [
              26614,
              32317
            ],
            [
              26614,
              34218
            ],
            [
              24713,
              34218
            ],
            [
              24713,
              32317
            ]
          ]
        ]
      },
      "properties": {
        "objectType": "annotation",
        "classification": {
          "name": "background_e",
          "color": [
            255,
            182,
            193
          ]
        },
        "isLocked": false
      }
    },
    {
      "type": "Feature",
      "id": "patch_26614_32317",
      "geometry": {
        "type": "Polygon",
        "coordinates": [
          [
            [
              26614,
              32317
            ],
            [
              28515,
              32317
            ],
            [
              28515,
              34218
            ],
            [
              26614,
              34218
            ],
            [
              26614,
              32317
            ]
          ]
        ]
      },
      "properties": {
        "objectType": "annotation",
        "classification": {
          "name": "background_e",
          "color": [
            255,
            182,
            193
          ]
        },
        "isLocked": false
      }
    },
    {
      "type": "Feature",
      "id": "patch_28515_32317",
      "geometry": {
        "type": "Polygon",
        "coordinates": [
          [
            [
              28515,
              32317
            ],
            [
              30416,
              32317
            ],
            [
              30416,
              34218
            ],
            [
              28515,
              34218
            ],
            [
              28515,
              32317
            ]
          ]
        ]
      },
      "properties": {
        "objectType": "annotation",
        "classification": {
          "name": "background_e",
          "color": [
            255,
            182,
            193
          ]
        },
        "isLocked": false
      }
    },
    {
      "type": "Feature",
      "id": "patch_30416_32317",
      "geometry": {
        "type": "Polygon",
        "coordinates": [
          [
            [
              30416,
              32317
            ],
            [
              32317,
              32317
            ],
            [
              32317,
              34218
            ],
            [
              30416,
              34218
            ],
            [
              30416,
              32317
            ]
          ]
        ]
      },
      "properties": {
        "objectType": "annotation",
        "classification": {
          "name": "background_e",
          "color": [
            255,
            182,
            193
          ]
        },
        "isLocked": false
      }
    },
    {
      "type": "Feature",
      "id": "patch_32317_32317",
      "geometry": {
        "type": "Polygon",
        "coordinates": [
          [
            [
              32317,
              32317
            ],
            [
              34218,
              32317
            ],
            [
              34218,
              34218
            ],
            [
              32317,
              34218
            ],
            [
              32317,
              32317
            ]
          ]
        ]
      },
      "properties": {
        "objectType": "annotation",
        "classification": {
          "name": "background_e",
          "color": [
            255,
            182,
            193
          ]
        },
        "isLocked": false
      }
    },
    {
      "type": "Feature",
      "id": "patch_34218_32317",
      "geometry": {
        "type": "Polygon",
        "coordinates": [
          [
            [
              34218,
              32317
            ],
            [
              36119,
              32317
            ],
            [
              36119,
              34218
            ],
            [
              34218,
              34218
            ],
            [
              34218,
              32317
            ]
          ]
        ]
      },
      "properties": {
        "objectType": "annotation",
        "classification": {
          "name": "background_e",
          "color": [
            255,
            182,
            193
          ]
        },
        "isLocked": false
      }
    },
    {
      "type": "Feature",
      "id": "patch_36119_32317",
      "geometry": {
        "type": "Polygon",
        "coordinates": [
          [
            [
              36119,
              32317
            ],
            [
              38020,
              32317
            ],
            [
              38020,
              34218
            ],
            [
              36119,
              34218
            ],
            [
              36119,
              32317
            ]
          ]
        ]
      },
      "properties": {
        "objectType": "annotation",
        "classification": {
          "name": "background_e",
          "color": [
            255,
            182,
            193
          ]
        },
        "isLocked": false
      }
    },
    {
      "type": "Feature",
      "id": "patch_38020_32317",
      "geometry": {
        "type": "Polygon",
        "coordinates": [
          [
            [
              38020,
              32317
            ],
            [
              39921,
              32317
            ],
            [
              39921,
              34218
            ],
            [
              38020,
              34218
            ],
            [
              38020,
              32317
            ]
          ]
        ]
      },
      "properties": {
        "objectType": "annotation",
        "classification": {
          "name": "vessel_e",
          "color": [
            255,
            0,
            0
          ]
        },
        "isLocked": false
      }
    },
    {
      "type": "Feature",
      "id": "patch_39921_32317",
      "geometry": {
        "type": "Polygon",
        "coordinates": [
          [
            [
              39921,
              32317
            ],
            [
              41822,
              32317
            ],
            [
              41822,
              34218
            ],
            [
              39921,
              34218
            ],
            [
              39921,
              32317
            ]
          ]
        ]
      },
      "properties": {
        "objectType": "annotation",
        "classification": {
          "name": "background_e",
          "color": [
            255,
            182,
            193
          ]
        },
        "isLocked": false
      }
    },
    {
      "type": "Feature",
      "id": "patch_41822_32317",
      "geometry": {
        "type": "Polygon",
        "coordinates": [
          [
            [
              41822,
              32317
            ],
            [
              43723,
              32317
            ],
            [
              43723,
              34218
            ],
            [
              41822,
              34218
            ],
            [
              41822,
              32317
            ]
          ]
        ]
      },
      "properties": {
        "objectType": "annotation",
        "classification": {
          "name": "background_e",
          "color": [
            255,
            182,
            193
          ]
        },
        "isLocked": false
      }
    },
    {
      "type": "Feature",
      "id": "patch_43723_32317",
      "geometry": {
        "type": "Polygon",
        "coordinates": [
          [
            [
              43723,
              32317
            ],
            [
              45624,
              32317
            ],
            [
              45624,
              34218
            ],
            [
              43723,
              34218
            ],
            [
              43723,
              32317
            ]
          ]
        ]
      },
      "properties": {
        "objectType": "annotation",
        "classification": {
          "name": "background_e",
          "color": [
            255,
            182,
            193
          ]
        },
        "isLocked": false
      }
    },
    {
      "type": "Feature",
      "id": "patch_45624_32317",
      "geometry": {
        "type": "Polygon",
        "coordinates": [
          [
            [
              45624,
              32317
            ],
            [
              47525,
              32317
            ],
            [
              47525,
              34218
            ],
            [
              45624,
              34218
            ],
            [
              45624,
              32317
            ]
          ]
        ]
      },
      "properties": {
        "objectType": "annotation",
        "classification": {
          "name": "background_e",
          "color": [
            255,
            182,
            193
          ]
        },
        "isLocked": false
      }
    },
    {
      "type": "Feature",
      "id": "patch_47525_32317",
      "geometry": {
        "type": "Polygon",
        "coordinates": [
          [
            [
              47525,
              32317
            ],
            [
              49426,
              32317
            ],
            [
              49426,
              34218
            ],
            [
              47525,
              34218
            ],
            [
              47525,
              32317
            ]
          ]
        ]
      },
      "properties": {
        "objectType": "annotation",
        "classification": {
          "name": "background_e",
          "color": [
            255,
            182,
            193
          ]
        },
        "isLocked": false
      }
    },
    {
      "type": "Feature",
      "id": "patch_49426_32317",
      "geometry": {
        "type": "Polygon",
        "coordinates": [
          [
            [
              49426,
              32317
            ],
            [
              51327,
              32317
            ],
            [
              51327,
              34218
            ],
            [
              49426,
              34218
            ],
            [
              49426,
              32317
            ]
          ]
        ]
      },
      "properties": {
        "objectType": "annotation",
        "classification": {
          "name": "background_e",
          "color": [
            255,
            182,
            193
          ]
        },
        "isLocked": false
      }
    },
    {
      "type": "Feature",
      "id": "patch_51327_32317",
      "geometry": {
        "type": "Polygon",
        "coordinates": [
          [
            [
              51327,
              32317
            ],
            [
              53228,
              32317
            ],
            [
              53228,
              34218
            ],
            [
              51327,
              34218
            ],
            [
              51327,
              32317
            ]
          ]
        ]
      },
      "properties": {
        "objectType": "annotation",
        "classification": {
          "name": "background_e",
          "color": [
            255,
            182,
            193
          ]
        },
        "isLocked": false
      }
    },
    {
      "type": "Feature",
      "id": "patch_53228_32317",
      "geometry": {
        "type": "Polygon",
        "coordinates": [
          [
            [
              53228,
              32317
            ],
            [
              55129,
              32317
            ],
            [
              55129,
              34218
            ],
            [
              53228,
              34218
            ],
            [
              53228,
              32317
            ]
          ]
        ]
      },
      "properties": {
        "objectType": "annotation",
        "classification": {
          "name": "background_e",
          "color": [
            255,
            182,
            193
          ]
        },
        "isLocked": false
      }
    },
    {
      "type": "Feature",
      "id": "patch_55129_32317",
      "geometry": {
        "type": "Polygon",
        "coordinates": [
          [
            [
              55129,
              32317
            ],
            [
              57030,
              32317
            ],
            [
              57030,
              34218
            ],
            [
              55129,
              34218
            ],
            [
              55129,
              32317
            ]
          ]
        ]
      },
      "properties": {
        "objectType": "annotation",
        "classification": {
          "name": "vessel_e",
          "color": [
            255,
            0,
            0
          ]
        },
        "isLocked": false
      }
    },
    {
      "type": "Feature",
      "id": "patch_57030_32317",
      "geometry": {
        "type": "Polygon",
        "coordinates": [
          [
            [
              57030,
              32317
            ],
            [
              58931,
              32317
            ],
            [
              58931,
              34218
            ],
            [
              57030,
              34218
            ],
            [
              57030,
              32317
            ]
          ]
        ]
      },
      "properties": {
        "objectType": "annotation",
        "classification": {
          "name": "background_e",
          "color": [
            255,
            182,
            193
          ]
        },
        "isLocked": false
      }
    },
    {
      "type": "Feature",
      "id": "patch_58931_32317",
      "geometry": {
        "type": "Polygon",
        "coordinates": [
          [
            [
              58931,
              32317
            ],
            [
              60832,
              32317
            ],
            [
              60832,
              34218
            ],
            [
              58931,
              34218
            ],
            [
              58931,
              32317
            ]
          ]
        ]
      },
      "properties": {
        "objectType": "annotation",
        "classification": {
          "name": "background_e",
          "color": [
            255,
            182,
            193
          ]
        },
        "isLocked": false
      }
    },
    {
      "type": "Feature",
      "id": "patch_60832_32317",
      "geometry": {
        "type": "Polygon",
        "coordinates": [
          [
            [
              60832,
              32317
            ],
            [
              62733,
              32317
            ],
            [
              62733,
              34218
            ],
            [
              60832,
              34218
            ],
            [
              60832,
              32317
            ]
          ]
        ]
      },
      "properties": {
        "objectType": "annotation",
        "classification": {
          "name": "background_e",
          "color": [
            255,
            182,
            193
          ]
        },
        "isLocked": false
      }
    },
    {
      "type": "Feature",
      "id": "patch_9505_34218",
      "geometry": {
        "type": "Polygon",
        "coordinates": [
          [
            [
              9505,
              34218
            ],
            [
              11406,
              34218
            ],
            [
              11406,
              36119
            ],
            [
              9505,
              36119
            ],
            [
              9505,
              34218
            ]
          ]
        ]
      },
      "properties": {
        "objectType": "annotation",
        "classification": {
          "name": "background_h",
          "color": [
            0,
            0,
            255
          ]
        },
        "isLocked": false
      }
    },
    {
      "type": "Feature",
      "id": "patch_11406_34218",
      "geometry": {
        "type": "Polygon",
        "coordinates": [
          [
            [
              11406,
              34218
            ],
            [
              13307,
              34218
            ],
            [
              13307,
              36119
            ],
            [
              11406,
              36119
            ],
            [
              11406,
              34218
            ]
          ]
        ]
      },
      "properties": {
        "objectType": "annotation",
        "classification": {
          "name": "background_h",
          "color": [
            0,
            0,
            255
          ]
        },
        "isLocked": false
      }
    },
    {
      "type": "Feature",
      "id": "patch_13307_34218",
      "geometry": {
        "type": "Polygon",
        "coordinates": [
          [
            [
              13307,
              34218
            ],
            [
              15208,
              34218
            ],
            [
              15208,
              36119
            ],
            [
              13307,
              36119
            ],
            [
              13307,
              34218
            ]
          ]
        ]
      },
      "properties": {
        "objectType": "annotation",
        "classification": {
          "name": "background_h",
          "color": [
            0,
            0,
            255
          ]
        },
        "isLocked": false
      }
    },
    {
      "type": "Feature",
      "id": "patch_15208_34218",
      "geometry": {
        "type": "Polygon",
        "coordinates": [
          [
            [
              15208,
              34218
            ],
            [
              17109,
              34218
            ],
            [
              17109,
              36119
            ],
            [
              15208,
              36119
            ],
            [
              15208,
              34218
            ]
          ]
        ]
      },
      "properties": {
        "objectType": "annotation",
        "classification": {
          "name": "background_h",
          "color": [
            0,
            0,
            255
          ]
        },
        "isLocked": false
      }
    },
    {
      "type": "Feature",
      "id": "patch_17109_34218",
      "geometry": {
        "type": "Polygon",
        "coordinates": [
          [
            [
              17109,
              34218
            ],
            [
              19010,
              34218
            ],
            [
              19010,
              36119
            ],
            [
              17109,
              36119
            ],
            [
              17109,
              34218
            ]
          ]
        ]
      },
      "properties": {
        "objectType": "annotation",
        "classification": {
          "name": "background_h",
          "color": [
            0,
            0,
            255
          ]
        },
        "isLocked": false
      }
    },
    {
      "type": "Feature",
      "id": "patch_19010_34218",
      "geometry": {
        "type": "Polygon",
        "coordinates": [
          [
            [
              19010,
              34218
            ],
            [
              20911,
              34218
            ],
            [
              20911,
              36119
            ],
            [
              19010,
              36119
            ],
            [
              19010,
              34218
            ]
          ]
        ]
      },
      "properties": {
        "objectType": "annotation",
        "classification": {
          "name": "background_h",
          "color": [
            0,
            0,
            255
          ]
        },
        "isLocked": false
      }
    },
    {
      "type": "Feature",
      "id": "patch_20911_34218",
      "geometry": {
        "type": "Polygon",
        "coordinates": [
          [
            [
              20911,
              34218
            ],
            [
              22812,
              34218
            ],
            [
              22812,
              36119
            ],
            [
              20911,
              36119
            ],
            [
              20911,
              34218
            ]
          ]
        ]
      },
      "properties": {
        "objectType": "annotation",
        "classification": {
          "name": "background_e",
          "color": [
            255,
            182,
            193
          ]
        },
        "isLocked": false
      }
    },
    {
      "type": "Feature",
      "id": "patch_22812_34218",
      "geometry": {
        "type": "Polygon",
        "coordinates": [
          [
            [
              22812,
              34218
            ],
            [
              24713,
              34218
            ],
            [
              24713,
              36119
            ],
            [
              22812,
              36119
            ],
            [
              22812,
              34218
            ]
          ]
        ]
      },
      "properties": {
        "objectType": "annotation",
        "classification": {
          "name": "background_e",
          "color": [
            255,
            182,
            193
          ]
        },
        "isLocked": false
      }
    },
    {
      "type": "Feature",
      "id": "patch_24713_34218",
      "geometry": {
        "type": "Polygon",
        "coordinates": [
          [
            [
              24713,
              34218
            ],
            [
              26614,
              34218
            ],
            [
              26614,
              36119
            ],
            [
              24713,
              36119
            ],
            [
              24713,
              34218
            ]
          ]
        ]
      },
      "properties": {
        "objectType": "annotation",
        "classification": {
          "name": "background_e",
          "color": [
            255,
            182,
            193
          ]
        },
        "isLocked": false
      }
    },
    {
      "type": "Feature",
      "id": "patch_26614_34218",
      "geometry": {
        "type": "Polygon",
        "coordinates": [
          [
            [
              26614,
              34218
            ],
            [
              28515,
              34218
            ],
            [
              28515,
              36119
            ],
            [
              26614,
              36119
            ],
            [
              26614,
              34218
            ]
          ]
        ]
      },
      "properties": {
        "objectType": "annotation",
        "classification": {
          "name": "background_e",
          "color": [
            255,
            182,
            193
          ]
        },
        "isLocked": false
      }
    },
    {
      "type": "Feature",
      "id": "patch_28515_34218",
      "geometry": {
        "type": "Polygon",
        "coordinates": [
          [
            [
              28515,
              34218
            ],
            [
              30416,
              34218
            ],
            [
              30416,
              36119
            ],
            [
              28515,
              36119
            ],
            [
              28515,
              34218
            ]
          ]
        ]
      },
      "properties": {
        "objectType": "annotation",
        "classification": {
          "name": "vessel_e",
          "color": [
            255,
            0,
            0
          ]
        },
        "isLocked": false
      }
    },
    {
      "type": "Feature",
      "id": "patch_30416_34218",
      "geometry": {
        "type": "Polygon",
        "coordinates": [
          [
            [
              30416,
              34218
            ],
            [
              32317,
              34218
            ],
            [
              32317,
              36119
            ],
            [
              30416,
              36119
            ],
            [
              30416,
              34218
            ]
          ]
        ]
      },
      "properties": {
        "objectType": "annotation",
        "classification": {
          "name": "vessel_e",
          "color": [
            255,
            0,
            0
          ]
        },
        "isLocked": false
      }
    },
    {
      "type": "Feature",
      "id": "patch_32317_34218",
      "geometry": {
        "type": "Polygon",
        "coordinates": [
          [
            [
              32317,
              34218
            ],
            [
              34218,
              34218
            ],
            [
              34218,
              36119
            ],
            [
              32317,
              36119
            ],
            [
              32317,
              34218
            ]
          ]
        ]
      },
      "properties": {
        "objectType": "annotation",
        "classification": {
          "name": "background_e",
          "color": [
            255,
            182,
            193
          ]
        },
        "isLocked": false
      }
    },
    {
      "type": "Feature",
      "id": "patch_34218_34218",
      "geometry": {
        "type": "Polygon",
        "coordinates": [
          [
            [
              34218,
              34218
            ],
            [
              36119,
              34218
            ],
            [
              36119,
              36119
            ],
            [
              34218,
              36119
            ],
            [
              34218,
              34218
            ]
          ]
        ]
      },
      "properties": {
        "objectType": "annotation",
        "classification": {
          "name": "vessel_e",
          "color": [
            255,
            0,
            0
          ]
        },
        "isLocked": false
      }
    },
    {
      "type": "Feature",
      "id": "patch_36119_34218",
      "geometry": {
        "type": "Polygon",
        "coordinates": [
          [
            [
              36119,
              34218
            ],
            [
              38020,
              34218
            ],
            [
              38020,
              36119
            ],
            [
              36119,
              36119
            ],
            [
              36119,
              34218
            ]
          ]
        ]
      },
      "properties": {
        "objectType": "annotation",
        "classification": {
          "name": "background_e",
          "color": [
            255,
            182,
            193
          ]
        },
        "isLocked": false
      }
    },
    {
      "type": "Feature",
      "id": "patch_38020_34218",
      "geometry": {
        "type": "Polygon",
        "coordinates": [
          [
            [
              38020,
              34218
            ],
            [
              39921,
              34218
            ],
            [
              39921,
              36119
            ],
            [
              38020,
              36119
            ],
            [
              38020,
              34218
            ]
          ]
        ]
      },
      "properties": {
        "objectType": "annotation",
        "classification": {
          "name": "background_e",
          "color": [
            255,
            182,
            193
          ]
        },
        "isLocked": false
      }
    },
    {
      "type": "Feature",
      "id": "patch_39921_34218",
      "geometry": {
        "type": "Polygon",
        "coordinates": [
          [
            [
              39921,
              34218
            ],
            [
              41822,
              34218
            ],
            [
              41822,
              36119
            ],
            [
              39921,
              36119
            ],
            [
              39921,
              34218
            ]
          ]
        ]
      },
      "properties": {
        "objectType": "annotation",
        "classification": {
          "name": "background_e",
          "color": [
            255,
            182,
            193
          ]
        },
        "isLocked": false
      }
    },
    {
      "type": "Feature",
      "id": "patch_41822_34218",
      "geometry": {
        "type": "Polygon",
        "coordinates": [
          [
            [
              41822,
              34218
            ],
            [
              43723,
              34218
            ],
            [
              43723,
              36119
            ],
            [
              41822,
              36119
            ],
            [
              41822,
              34218
            ]
          ]
        ]
      },
      "properties": {
        "objectType": "annotation",
        "classification": {
          "name": "background_e",
          "color": [
            255,
            182,
            193
          ]
        },
        "isLocked": false
      }
    },
    {
      "type": "Feature",
      "id": "patch_43723_34218",
      "geometry": {
        "type": "Polygon",
        "coordinates": [
          [
            [
              43723,
              34218
            ],
            [
              45624,
              34218
            ],
            [
              45624,
              36119
            ],
            [
              43723,
              36119
            ],
            [
              43723,
              34218
            ]
          ]
        ]
      },
      "properties": {
        "objectType": "annotation",
        "classification": {
          "name": "background_e",
          "color": [
            255,
            182,
            193
          ]
        },
        "isLocked": false
      }
    },
    {
      "type": "Feature",
      "id": "patch_45624_34218",
      "geometry": {
        "type": "Polygon",
        "coordinates": [
          [
            [
              45624,
              34218
            ],
            [
              47525,
              34218
            ],
            [
              47525,
              36119
            ],
            [
              45624,
              36119
            ],
            [
              45624,
              34218
            ]
          ]
        ]
      },
      "properties": {
        "objectType": "annotation",
        "classification": {
          "name": "background_e",
          "color": [
            255,
            182,
            193
          ]
        },
        "isLocked": false
      }
    },
    {
      "type": "Feature",
      "id": "patch_47525_34218",
      "geometry": {
        "type": "Polygon",
        "coordinates": [
          [
            [
              47525,
              34218
            ],
            [
              49426,
              34218
            ],
            [
              49426,
              36119
            ],
            [
              47525,
              36119
            ],
            [
              47525,
              34218
            ]
          ]
        ]
      },
      "properties": {
        "objectType": "annotation",
        "classification": {
          "name": "background_e",
          "color": [
            255,
            182,
            193
          ]
        },
        "isLocked": false
      }
    },
    {
      "type": "Feature",
      "id": "patch_49426_34218",
      "geometry": {
        "type": "Polygon",
        "coordinates": [
          [
            [
              49426,
              34218
            ],
            [
              51327,
              34218
            ],
            [
              51327,
              36119
            ],
            [
              49426,
              36119
            ],
            [
              49426,
              34218
            ]
          ]
        ]
      },
      "properties": {
        "objectType": "annotation",
        "classification": {
          "name": "background_e",
          "color": [
            255,
            182,
            193
          ]
        },
        "isLocked": false
      }
    },
    {
      "type": "Feature",
      "id": "patch_51327_34218",
      "geometry": {
        "type": "Polygon",
        "coordinates": [
          [
            [
              51327,
              34218
            ],
            [
              53228,
              34218
            ],
            [
              53228,
              36119
            ],
            [
              51327,
              36119
            ],
            [
              51327,
              34218
            ]
          ]
        ]
      },
      "properties": {
        "objectType": "annotation",
        "classification": {
          "name": "background_e",
          "color": [
            255,
            182,
            193
          ]
        },
        "isLocked": false
      }
    },
    {
      "type": "Feature",
      "id": "patch_53228_34218",
      "geometry": {
        "type": "Polygon",
        "coordinates": [
          [
            [
              53228,
              34218
            ],
            [
              55129,
              34218
            ],
            [
              55129,
              36119
            ],
            [
              53228,
              36119
            ],
            [
              53228,
              34218
            ]
          ]
        ]
      },
      "properties": {
        "objectType": "annotation",
        "classification": {
          "name": "background_e",
          "color": [
            255,
            182,
            193
          ]
        },
        "isLocked": false
      }
    },
    {
      "type": "Feature",
      "id": "patch_55129_34218",
      "geometry": {
        "type": "Polygon",
        "coordinates": [
          [
            [
              55129,
              34218
            ],
            [
              57030,
              34218
            ],
            [
              57030,
              36119
            ],
            [
              55129,
              36119
            ],
            [
              55129,
              34218
            ]
          ]
        ]
      },
      "properties": {
        "objectType": "annotation",
        "classification": {
          "name": "background_e",
          "color": [
            255,
            182,
            193
          ]
        },
        "isLocked": false
      }
    },
    {
      "type": "Feature",
      "id": "patch_57030_34218",
      "geometry": {
        "type": "Polygon",
        "coordinates": [
          [
            [
              57030,
              34218
            ],
            [
              58931,
              34218
            ],
            [
              58931,
              36119
            ],
            [
              57030,
              36119
            ],
            [
              57030,
              34218
            ]
          ]
        ]
      },
      "properties": {
        "objectType": "annotation",
        "classification": {
          "name": "background_e",
          "color": [
            255,
            182,
            193
          ]
        },
        "isLocked": false
      }
    },
    {
      "type": "Feature",
      "id": "patch_58931_34218",
      "geometry": {
        "type": "Polygon",
        "coordinates": [
          [
            [
              58931,
              34218
            ],
            [
              60832,
              34218
            ],
            [
              60832,
              36119
            ],
            [
              58931,
              36119
            ],
            [
              58931,
              34218
            ]
          ]
        ]
      },
      "properties": {
        "objectType": "annotation",
        "classification": {
          "name": "background_e",
          "color": [
            255,
            182,
            193
          ]
        },
        "isLocked": false
      }
    },
    {
      "type": "Feature",
      "id": "patch_60832_34218",
      "geometry": {
        "type": "Polygon",
        "coordinates": [
          [
            [
              60832,
              34218
            ],
            [
              62733,
              34218
            ],
            [
              62733,
              36119
            ],
            [
              60832,
              36119
            ],
            [
              60832,
              34218
            ]
          ]
        ]
      },
      "properties": {
        "objectType": "annotation",
        "classification": {
          "name": "background_e",
          "color": [
            255,
            182,
            193
          ]
        },
        "isLocked": false
      }
    },
    {
      "type": "Feature",
      "id": "patch_9505_36119",
      "geometry": {
        "type": "Polygon",
        "coordinates": [
          [
            [
              9505,
              36119
            ],
            [
              11406,
              36119
            ],
            [
              11406,
              38020
            ],
            [
              9505,
              38020
            ],
            [
              9505,
              36119
            ]
          ]
        ]
      },
      "properties": {
        "objectType": "annotation",
        "classification": {
          "name": "background_h",
          "color": [
            0,
            0,
            255
          ]
        },
        "isLocked": false
      }
    },
    {
      "type": "Feature",
      "id": "patch_11406_36119",
      "geometry": {
        "type": "Polygon",
        "coordinates": [
          [
            [
              11406,
              36119
            ],
            [
              13307,
              36119
            ],
            [
              13307,
              38020
            ],
            [
              11406,
              38020
            ],
            [
              11406,
              36119
            ]
          ]
        ]
      },
      "properties": {
        "objectType": "annotation",
        "classification": {
          "name": "background_h",
          "color": [
            0,
            0,
            255
          ]
        },
        "isLocked": false
      }
    },
    {
      "type": "Feature",
      "id": "patch_13307_36119",
      "geometry": {
        "type": "Polygon",
        "coordinates": [
          [
            [
              13307,
              36119
            ],
            [
              15208,
              36119
            ],
            [
              15208,
              38020
            ],
            [
              13307,
              38020
            ],
            [
              13307,
              36119
            ]
          ]
        ]
      },
      "properties": {
        "objectType": "annotation",
        "classification": {
          "name": "background_h",
          "color": [
            0,
            0,
            255
          ]
        },
        "isLocked": false
      }
    },
    {
      "type": "Feature",
      "id": "patch_15208_36119",
      "geometry": {
        "type": "Polygon",
        "coordinates": [
          [
            [
              15208,
              36119
            ],
            [
              17109,
              36119
            ],
            [
              17109,
              38020
            ],
            [
              15208,
              38020
            ],
            [
              15208,
              36119
            ]
          ]
        ]
      },
      "properties": {
        "objectType": "annotation",
        "classification": {
          "name": "vessel_h",
          "color": [
            128,
            0,
            128
          ]
        },
        "isLocked": false
      }
    },
    {
      "type": "Feature",
      "id": "patch_17109_36119",
      "geometry": {
        "type": "Polygon",
        "coordinates": [
          [
            [
              17109,
              36119
            ],
            [
              19010,
              36119
            ],
            [
              19010,
              38020
            ],
            [
              17109,
              38020
            ],
            [
              17109,
              36119
            ]
          ]
        ]
      },
      "properties": {
        "objectType": "annotation",
        "classification": {
          "name": "background_h",
          "color": [
            0,
            0,
            255
          ]
        },
        "isLocked": false
      }
    },
    {
      "type": "Feature",
      "id": "patch_19010_36119",
      "geometry": {
        "type": "Polygon",
        "coordinates": [
          [
            [
              19010,
              36119
            ],
            [
              20911,
              36119
            ],
            [
              20911,
              38020
            ],
            [
              19010,
              38020
            ],
            [
              19010,
              36119
            ]
          ]
        ]
      },
      "properties": {
        "objectType": "annotation",
        "classification": {
          "name": "vessel_h",
          "color": [
            128,
            0,
            128
          ]
        },
        "isLocked": false
      }
    },
    {
      "type": "Feature",
      "id": "patch_20911_36119",
      "geometry": {
        "type": "Polygon",
        "coordinates": [
          [
            [
              20911,
              36119
            ],
            [
              22812,
              36119
            ],
            [
              22812,
              38020
            ],
            [
              20911,
              38020
            ],
            [
              20911,
              36119
            ]
          ]
        ]
      },
      "properties": {
        "objectType": "annotation",
        "classification": {
          "name": "background_e",
          "color": [
            255,
            182,
            193
          ]
        },
        "isLocked": false
      }
    },
    {
      "type": "Feature",
      "id": "patch_22812_36119",
      "geometry": {
        "type": "Polygon",
        "coordinates": [
          [
            [
              22812,
              36119
            ],
            [
              24713,
              36119
            ],
            [
              24713,
              38020
            ],
            [
              22812,
              38020
            ],
            [
              22812,
              36119
            ]
          ]
        ]
      },
      "properties": {
        "objectType": "annotation",
        "classification": {
          "name": "background_e",
          "color": [
            255,
            182,
            193
          ]
        },
        "isLocked": false
      }
    },
    {
      "type": "Feature",
      "id": "patch_24713_36119",
      "geometry": {
        "type": "Polygon",
        "coordinates": [
          [
            [
              24713,
              36119
            ],
            [
              26614,
              36119
            ],
            [
              26614,
              38020
            ],
            [
              24713,
              38020
            ],
            [
              24713,
              36119
            ]
          ]
        ]
      },
      "properties": {
        "objectType": "annotation",
        "classification": {
          "name": "background_e",
          "color": [
            255,
            182,
            193
          ]
        },
        "isLocked": false
      }
    },
    {
      "type": "Feature",
      "id": "patch_26614_36119",
      "geometry": {
        "type": "Polygon",
        "coordinates": [
          [
            [
              26614,
              36119
            ],
            [
              28515,
              36119
            ],
            [
              28515,
              38020
            ],
            [
              26614,
              38020
            ],
            [
              26614,
              36119
            ]
          ]
        ]
      },
      "properties": {
        "objectType": "annotation",
        "classification": {
          "name": "background_e",
          "color": [
            255,
            182,
            193
          ]
        },
        "isLocked": false
      }
    },
    {
      "type": "Feature",
      "id": "patch_28515_36119",
      "geometry": {
        "type": "Polygon",
        "coordinates": [
          [
            [
              28515,
              36119
            ],
            [
              30416,
              36119
            ],
            [
              30416,
              38020
            ],
            [
              28515,
              38020
            ],
            [
              28515,
              36119
            ]
          ]
        ]
      },
      "properties": {
        "objectType": "annotation",
        "classification": {
          "name": "vessel_e",
          "color": [
            255,
            0,
            0
          ]
        },
        "isLocked": false
      }
    },
    {
      "type": "Feature",
      "id": "patch_30416_36119",
      "geometry": {
        "type": "Polygon",
        "coordinates": [
          [
            [
              30416,
              36119
            ],
            [
              32317,
              36119
            ],
            [
              32317,
              38020
            ],
            [
              30416,
              38020
            ],
            [
              30416,
              36119
            ]
          ]
        ]
      },
      "properties": {
        "objectType": "annotation",
        "classification": {
          "name": "background_e",
          "color": [
            255,
            182,
            193
          ]
        },
        "isLocked": false
      }
    },
    {
      "type": "Feature",
      "id": "patch_32317_36119",
      "geometry": {
        "type": "Polygon",
        "coordinates": [
          [
            [
              32317,
              36119
            ],
            [
              34218,
              36119
            ],
            [
              34218,
              38020
            ],
            [
              32317,
              38020
            ],
            [
              32317,
              36119
            ]
          ]
        ]
      },
      "properties": {
        "objectType": "annotation",
        "classification": {
          "name": "background_e",
          "color": [
            255,
            182,
            193
          ]
        },
        "isLocked": false
      }
    },
    {
      "type": "Feature",
      "id": "patch_34218_36119",
      "geometry": {
        "type": "Polygon",
        "coordinates": [
          [
            [
              34218,
              36119
            ],
            [
              36119,
              36119
            ],
            [
              36119,
              38020
            ],
            [
              34218,
              38020
            ],
            [
              34218,
              36119
            ]
          ]
        ]
      },
      "properties": {
        "objectType": "annotation",
        "classification": {
          "name": "background_e",
          "color": [
            255,
            182,
            193
          ]
        },
        "isLocked": false
      }
    },
    {
      "type": "Feature",
      "id": "patch_36119_36119",
      "geometry": {
        "type": "Polygon",
        "coordinates": [
          [
            [
              36119,
              36119
            ],
            [
              38020,
              36119
            ],
            [
              38020,
              38020
            ],
            [
              36119,
              38020
            ],
            [
              36119,
              36119
            ]
          ]
        ]
      },
      "properties": {
        "objectType": "annotation",
        "classification": {
          "name": "background_e",
          "color": [
            255,
            182,
            193
          ]
        },
        "isLocked": false
      }
    },
    {
      "type": "Feature",
      "id": "patch_38020_36119",
      "geometry": {
        "type": "Polygon",
        "coordinates": [
          [
            [
              38020,
              36119
            ],
            [
              39921,
              36119
            ],
            [
              39921,
              38020
            ],
            [
              38020,
              38020
            ],
            [
              38020,
              36119
            ]
          ]
        ]
      },
      "properties": {
        "objectType": "annotation",
        "classification": {
          "name": "background_e",
          "color": [
            255,
            182,
            193
          ]
        },
        "isLocked": false
      }
    },
    {
      "type": "Feature",
      "id": "patch_39921_36119",
      "geometry": {
        "type": "Polygon",
        "coordinates": [
          [
            [
              39921,
              36119
            ],
            [
              41822,
              36119
            ],
            [
              41822,
              38020
            ],
            [
              39921,
              38020
            ],
            [
              39921,
              36119
            ]
          ]
        ]
      },
      "properties": {
        "objectType": "annotation",
        "classification": {
          "name": "background_e",
          "color": [
            255,
            182,
            193
          ]
        },
        "isLocked": false
      }
    },
    {
      "type": "Feature",
      "id": "patch_41822_36119",
      "geometry": {
        "type": "Polygon",
        "coordinates": [
          [
            [
              41822,
              36119
            ],
            [
              43723,
              36119
            ],
            [
              43723,
              38020
            ],
            [
              41822,
              38020
            ],
            [
              41822,
              36119
            ]
          ]
        ]
      },
      "properties": {
        "objectType": "annotation",
        "classification": {
          "name": "background_e",
          "color": [
            255,
            182,
            193
          ]
        },
        "isLocked": false
      }
    },
    {
      "type": "Feature",
      "id": "patch_43723_36119",
      "geometry": {
        "type": "Polygon",
        "coordinates": [
          [
            [
              43723,
              36119
            ],
            [
              45624,
              36119
            ],
            [
              45624,
              38020
            ],
            [
              43723,
              38020
            ],
            [
              43723,
              36119
            ]
          ]
        ]
      },
      "properties": {
        "objectType": "annotation",
        "classification": {
          "name": "background_e",
          "color": [
            255,
            182,
            193
          ]
        },
        "isLocked": false
      }
    },
    {
      "type": "Feature",
      "id": "patch_45624_36119",
      "geometry": {
        "type": "Polygon",
        "coordinates": [
          [
            [
              45624,
              36119
            ],
            [
              47525,
              36119
            ],
            [
              47525,
              38020
            ],
            [
              45624,
              38020
            ],
            [
              45624,
              36119
            ]
          ]
        ]
      },
      "properties": {
        "objectType": "annotation",
        "classification": {
          "name": "vessel_e",
          "color": [
            255,
            0,
            0
          ]
        },
        "isLocked": false
      }
    },
    {
      "type": "Feature",
      "id": "patch_47525_36119",
      "geometry": {
        "type": "Polygon",
        "coordinates": [
          [
            [
              47525,
              36119
            ],
            [
              49426,
              36119
            ],
            [
              49426,
              38020
            ],
            [
              47525,
              38020
            ],
            [
              47525,
              36119
            ]
          ]
        ]
      },
      "properties": {
        "objectType": "annotation",
        "classification": {
          "name": "vessel_e",
          "color": [
            255,
            0,
            0
          ]
        },
        "isLocked": false
      }
    },
    {
      "type": "Feature",
      "id": "patch_49426_36119",
      "geometry": {
        "type": "Polygon",
        "coordinates": [
          [
            [
              49426,
              36119
            ],
            [
              51327,
              36119
            ],
            [
              51327,
              38020
            ],
            [
              49426,
              38020
            ],
            [
              49426,
              36119
            ]
          ]
        ]
      },
      "properties": {
        "objectType": "annotation",
        "classification": {
          "name": "background_e",
          "color": [
            255,
            182,
            193
          ]
        },
        "isLocked": false
      }
    },
    {
      "type": "Feature",
      "id": "patch_51327_36119",
      "geometry": {
        "type": "Polygon",
        "coordinates": [
          [
            [
              51327,
              36119
            ],
            [
              53228,
              36119
            ],
            [
              53228,
              38020
            ],
            [
              51327,
              38020
            ],
            [
              51327,
              36119
            ]
          ]
        ]
      },
      "properties": {
        "objectType": "annotation",
        "classification": {
          "name": "background_e",
          "color": [
            255,
            182,
            193
          ]
        },
        "isLocked": false
      }
    },
    {
      "type": "Feature",
      "id": "patch_53228_36119",
      "geometry": {
        "type": "Polygon",
        "coordinates": [
          [
            [
              53228,
              36119
            ],
            [
              55129,
              36119
            ],
            [
              55129,
              38020
            ],
            [
              53228,
              38020
            ],
            [
              53228,
              36119
            ]
          ]
        ]
      },
      "properties": {
        "objectType": "annotation",
        "classification": {
          "name": "background_e",
          "color": [
            255,
            182,
            193
          ]
        },
        "isLocked": false
      }
    },
    {
      "type": "Feature",
      "id": "patch_55129_36119",
      "geometry": {
        "type": "Polygon",
        "coordinates": [
          [
            [
              55129,
              36119
            ],
            [
              57030,
              36119
            ],
            [
              57030,
              38020
            ],
            [
              55129,
              38020
            ],
            [
              55129,
              36119
            ]
          ]
        ]
      },
      "properties": {
        "objectType": "annotation",
        "classification": {
          "name": "background_e",
          "color": [
            255,
            182,
            193
          ]
        },
        "isLocked": false
      }
    },
    {
      "type": "Feature",
      "id": "patch_57030_36119",
      "geometry": {
        "type": "Polygon",
        "coordinates": [
          [
            [
              57030,
              36119
            ],
            [
              58931,
              36119
            ],
            [
              58931,
              38020
            ],
            [
              57030,
              38020
            ],
            [
              57030,
              36119
            ]
          ]
        ]
      },
      "properties": {
        "objectType": "annotation",
        "classification": {
          "name": "background_e",
          "color": [
            255,
            182,
            193
          ]
        },
        "isLocked": false
      }
    },
    {
      "type": "Feature",
      "id": "patch_58931_36119",
      "geometry": {
        "type": "Polygon",
        "coordinates": [
          [
            [
              58931,
              36119
            ],
            [
              60832,
              36119
            ],
            [
              60832,
              38020
            ],
            [
              58931,
              38020
            ],
            [
              58931,
              36119
            ]
          ]
        ]
      },
      "properties": {
        "objectType": "annotation",
        "classification": {
          "name": "background_e",
          "color": [
            255,
            182,
            193
          ]
        },
        "isLocked": false
      }
    },
    {
      "type": "Feature",
      "id": "patch_60832_36119",
      "geometry": {
        "type": "Polygon",
        "coordinates": [
          [
            [
              60832,
              36119
            ],
            [
              62733,
              36119
            ],
            [
              62733,
              38020
            ],
            [
              60832,
              38020
            ],
            [
              60832,
              36119
            ]
          ]
        ]
      },
      "properties": {
        "objectType": "annotation",
        "classification": {
          "name": "white",
          "color": [
            200,
            200,
            200
          ]
        },
        "isLocked": false
      }
    },
    {
      "type": "Feature",
      "id": "patch_7604_38020",
      "geometry": {
        "type": "Polygon",
        "coordinates": [
          [
            [
              7604,
              38020
            ],
            [
              9505,
              38020
            ],
            [
              9505,
              39921
            ],
            [
              7604,
              39921
            ],
            [
              7604,
              38020
            ]
          ]
        ]
      },
      "properties": {
        "objectType": "annotation",
        "classification": {
          "name": "background_h",
          "color": [
            0,
            0,
            255
          ]
        },
        "isLocked": false
      }
    },
    {
      "type": "Feature",
      "id": "patch_9505_38020",
      "geometry": {
        "type": "Polygon",
        "coordinates": [
          [
            [
              9505,
              38020
            ],
            [
              11406,
              38020
            ],
            [
              11406,
              39921
            ],
            [
              9505,
              39921
            ],
            [
              9505,
              38020
            ]
          ]
        ]
      },
      "properties": {
        "objectType": "annotation",
        "classification": {
          "name": "background_h",
          "color": [
            0,
            0,
            255
          ]
        },
        "isLocked": false
      }
    },
    {
      "type": "Feature",
      "id": "patch_11406_38020",
      "geometry": {
        "type": "Polygon",
        "coordinates": [
          [
            [
              11406,
              38020
            ],
            [
              13307,
              38020
            ],
            [
              13307,
              39921
            ],
            [
              11406,
              39921
            ],
            [
              11406,
              38020
            ]
          ]
        ]
      },
      "properties": {
        "objectType": "annotation",
        "classification": {
          "name": "vessel_h",
          "color": [
            128,
            0,
            128
          ]
        },
        "isLocked": false
      }
    },
    {
      "type": "Feature",
      "id": "patch_13307_38020",
      "geometry": {
        "type": "Polygon",
        "coordinates": [
          [
            [
              13307,
              38020
            ],
            [
              15208,
              38020
            ],
            [
              15208,
              39921
            ],
            [
              13307,
              39921
            ],
            [
              13307,
              38020
            ]
          ]
        ]
      },
      "properties": {
        "objectType": "annotation",
        "classification": {
          "name": "background_h",
          "color": [
            0,
            0,
            255
          ]
        },
        "isLocked": false
      }
    },
    {
      "type": "Feature",
      "id": "patch_15208_38020",
      "geometry": {
        "type": "Polygon",
        "coordinates": [
          [
            [
              15208,
              38020
            ],
            [
              17109,
              38020
            ],
            [
              17109,
              39921
            ],
            [
              15208,
              39921
            ],
            [
              15208,
              38020
            ]
          ]
        ]
      },
      "properties": {
        "objectType": "annotation",
        "classification": {
          "name": "background_h",
          "color": [
            0,
            0,
            255
          ]
        },
        "isLocked": false
      }
    },
    {
      "type": "Feature",
      "id": "patch_17109_38020",
      "geometry": {
        "type": "Polygon",
        "coordinates": [
          [
            [
              17109,
              38020
            ],
            [
              19010,
              38020
            ],
            [
              19010,
              39921
            ],
            [
              17109,
              39921
            ],
            [
              17109,
              38020
            ]
          ]
        ]
      },
      "properties": {
        "objectType": "annotation",
        "classification": {
          "name": "background_h",
          "color": [
            0,
            0,
            255
          ]
        },
        "isLocked": false
      }
    },
    {
      "type": "Feature",
      "id": "patch_19010_38020",
      "geometry": {
        "type": "Polygon",
        "coordinates": [
          [
            [
              19010,
              38020
            ],
            [
              20911,
              38020
            ],
            [
              20911,
              39921
            ],
            [
              19010,
              39921
            ],
            [
              19010,
              38020
            ]
          ]
        ]
      },
      "properties": {
        "objectType": "annotation",
        "classification": {
          "name": "vessel_h",
          "color": [
            128,
            0,
            128
          ]
        },
        "isLocked": false
      }
    },
    {
      "type": "Feature",
      "id": "patch_20911_38020",
      "geometry": {
        "type": "Polygon",
        "coordinates": [
          [
            [
              20911,
              38020
            ],
            [
              22812,
              38020
            ],
            [
              22812,
              39921
            ],
            [
              20911,
              39921
            ],
            [
              20911,
              38020
            ]
          ]
        ]
      },
      "properties": {
        "objectType": "annotation",
        "classification": {
          "name": "background_e",
          "color": [
            255,
            182,
            193
          ]
        },
        "isLocked": false
      }
    },
    {
      "type": "Feature",
      "id": "patch_22812_38020",
      "geometry": {
        "type": "Polygon",
        "coordinates": [
          [
            [
              22812,
              38020
            ],
            [
              24713,
              38020
            ],
            [
              24713,
              39921
            ],
            [
              22812,
              39921
            ],
            [
              22812,
              38020
            ]
          ]
        ]
      },
      "properties": {
        "objectType": "annotation",
        "classification": {
          "name": "background_e",
          "color": [
            255,
            182,
            193
          ]
        },
        "isLocked": false
      }
    },
    {
      "type": "Feature",
      "id": "patch_24713_38020",
      "geometry": {
        "type": "Polygon",
        "coordinates": [
          [
            [
              24713,
              38020
            ],
            [
              26614,
              38020
            ],
            [
              26614,
              39921
            ],
            [
              24713,
              39921
            ],
            [
              24713,
              38020
            ]
          ]
        ]
      },
      "properties": {
        "objectType": "annotation",
        "classification": {
          "name": "background_e",
          "color": [
            255,
            182,
            193
          ]
        },
        "isLocked": false
      }
    },
    {
      "type": "Feature",
      "id": "patch_26614_38020",
      "geometry": {
        "type": "Polygon",
        "coordinates": [
          [
            [
              26614,
              38020
            ],
            [
              28515,
              38020
            ],
            [
              28515,
              39921
            ],
            [
              26614,
              39921
            ],
            [
              26614,
              38020
            ]
          ]
        ]
      },
      "properties": {
        "objectType": "annotation",
        "classification": {
          "name": "background_e",
          "color": [
            255,
            182,
            193
          ]
        },
        "isLocked": false
      }
    },
    {
      "type": "Feature",
      "id": "patch_28515_38020",
      "geometry": {
        "type": "Polygon",
        "coordinates": [
          [
            [
              28515,
              38020
            ],
            [
              30416,
              38020
            ],
            [
              30416,
              39921
            ],
            [
              28515,
              39921
            ],
            [
              28515,
              38020
            ]
          ]
        ]
      },
      "properties": {
        "objectType": "annotation",
        "classification": {
          "name": "background_e",
          "color": [
            255,
            182,
            193
          ]
        },
        "isLocked": false
      }
    },
    {
      "type": "Feature",
      "id": "patch_30416_38020",
      "geometry": {
        "type": "Polygon",
        "coordinates": [
          [
            [
              30416,
              38020
            ],
            [
              32317,
              38020
            ],
            [
              32317,
              39921
            ],
            [
              30416,
              39921
            ],
            [
              30416,
              38020
            ]
          ]
        ]
      },
      "properties": {
        "objectType": "annotation",
        "classification": {
          "name": "background_e",
          "color": [
            255,
            182,
            193
          ]
        },
        "isLocked": false
      }
    },
    {
      "type": "Feature",
      "id": "patch_32317_38020",
      "geometry": {
        "type": "Polygon",
        "coordinates": [
          [
            [
              32317,
              38020
            ],
            [
              34218,
              38020
            ],
            [
              34218,
              39921
            ],
            [
              32317,
              39921
            ],
            [
              32317,
              38020
            ]
          ]
        ]
      },
      "properties": {
        "objectType": "annotation",
        "classification": {
          "name": "background_e",
          "color": [
            255,
            182,
            193
          ]
        },
        "isLocked": false
      }
    },
    {
      "type": "Feature",
      "id": "patch_34218_38020",
      "geometry": {
        "type": "Polygon",
        "coordinates": [
          [
            [
              34218,
              38020
            ],
            [
              36119,
              38020
            ],
            [
              36119,
              39921
            ],
            [
              34218,
              39921
            ],
            [
              34218,
              38020
            ]
          ]
        ]
      },
      "properties": {
        "objectType": "annotation",
        "classification": {
          "name": "background_e",
          "color": [
            255,
            182,
            193
          ]
        },
        "isLocked": false
      }
    },
    {
      "type": "Feature",
      "id": "patch_36119_38020",
      "geometry": {
        "type": "Polygon",
        "coordinates": [
          [
            [
              36119,
              38020
            ],
            [
              38020,
              38020
            ],
            [
              38020,
              39921
            ],
            [
              36119,
              39921
            ],
            [
              36119,
              38020
            ]
          ]
        ]
      },
      "properties": {
        "objectType": "annotation",
        "classification": {
          "name": "background_e",
          "color": [
            255,
            182,
            193
          ]
        },
        "isLocked": false
      }
    },
    {
      "type": "Feature",
      "id": "patch_38020_38020",
      "geometry": {
        "type": "Polygon",
        "coordinates": [
          [
            [
              38020,
              38020
            ],
            [
              39921,
              38020
            ],
            [
              39921,
              39921
            ],
            [
              38020,
              39921
            ],
            [
              38020,
              38020
            ]
          ]
        ]
      },
      "properties": {
        "objectType": "annotation",
        "classification": {
          "name": "background_e",
          "color": [
            255,
            182,
            193
          ]
        },
        "isLocked": false
      }
    },
    {
      "type": "Feature",
      "id": "patch_39921_38020",
      "geometry": {
        "type": "Polygon",
        "coordinates": [
          [
            [
              39921,
              38020
            ],
            [
              41822,
              38020
            ],
            [
              41822,
              39921
            ],
            [
              39921,
              39921
            ],
            [
              39921,
              38020
            ]
          ]
        ]
      },
      "properties": {
        "objectType": "annotation",
        "classification": {
          "name": "background_e",
          "color": [
            255,
            182,
            193
          ]
        },
        "isLocked": false
      }
    },
    {
      "type": "Feature",
      "id": "patch_41822_38020",
      "geometry": {
        "type": "Polygon",
        "coordinates": [
          [
            [
              41822,
              38020
            ],
            [
              43723,
              38020
            ],
            [
              43723,
              39921
            ],
            [
              41822,
              39921
            ],
            [
              41822,
              38020
            ]
          ]
        ]
      },
      "properties": {
        "objectType": "annotation",
        "classification": {
          "name": "vessel_e",
          "color": [
            255,
            0,
            0
          ]
        },
        "isLocked": false
      }
    },
    {
      "type": "Feature",
      "id": "patch_43723_38020",
      "geometry": {
        "type": "Polygon",
        "coordinates": [
          [
            [
              43723,
              38020
            ],
            [
              45624,
              38020
            ],
            [
              45624,
              39921
            ],
            [
              43723,
              39921
            ],
            [
              43723,
              38020
            ]
          ]
        ]
      },
      "properties": {
        "objectType": "annotation",
        "classification": {
          "name": "background_e",
          "color": [
            255,
            182,
            193
          ]
        },
        "isLocked": false
      }
    },
    {
      "type": "Feature",
      "id": "patch_45624_38020",
      "geometry": {
        "type": "Polygon",
        "coordinates": [
          [
            [
              45624,
              38020
            ],
            [
              47525,
              38020
            ],
            [
              47525,
              39921
            ],
            [
              45624,
              39921
            ],
            [
              45624,
              38020
            ]
          ]
        ]
      },
      "properties": {
        "objectType": "annotation",
        "classification": {
          "name": "vessel_e",
          "color": [
            255,
            0,
            0
          ]
        },
        "isLocked": false
      }
    },
    {
      "type": "Feature",
      "id": "patch_47525_38020",
      "geometry": {
        "type": "Polygon",
        "coordinates": [
          [
            [
              47525,
              38020
            ],
            [
              49426,
              38020
            ],
            [
              49426,
              39921
            ],
            [
              47525,
              39921
            ],
            [
              47525,
              38020
            ]
          ]
        ]
      },
      "properties": {
        "objectType": "annotation",
        "classification": {
          "name": "background_e",
          "color": [
            255,
            182,
            193
          ]
        },
        "isLocked": false
      }
    },
    {
      "type": "Feature",
      "id": "patch_49426_38020",
      "geometry": {
        "type": "Polygon",
        "coordinates": [
          [
            [
              49426,
              38020
            ],
            [
              51327,
              38020
            ],
            [
              51327,
              39921
            ],
            [
              49426,
              39921
            ],
            [
              49426,
              38020
            ]
          ]
        ]
      },
      "properties": {
        "objectType": "annotation",
        "classification": {
          "name": "background_e",
          "color": [
            255,
            182,
            193
          ]
        },
        "isLocked": false
      }
    },
    {
      "type": "Feature",
      "id": "patch_51327_38020",
      "geometry": {
        "type": "Polygon",
        "coordinates": [
          [
            [
              51327,
              38020
            ],
            [
              53228,
              38020
            ],
            [
              53228,
              39921
            ],
            [
              51327,
              39921
            ],
            [
              51327,
              38020
            ]
          ]
        ]
      },
      "properties": {
        "objectType": "annotation",
        "classification": {
          "name": "background_e",
          "color": [
            255,
            182,
            193
          ]
        },
        "isLocked": false
      }
    },
    {
      "type": "Feature",
      "id": "patch_53228_38020",
      "geometry": {
        "type": "Polygon",
        "coordinates": [
          [
            [
              53228,
              38020
            ],
            [
              55129,
              38020
            ],
            [
              55129,
              39921
            ],
            [
              53228,
              39921
            ],
            [
              53228,
              38020
            ]
          ]
        ]
      },
      "properties": {
        "objectType": "annotation",
        "classification": {
          "name": "background_e",
          "color": [
            255,
            182,
            193
          ]
        },
        "isLocked": false
      }
    },
    {
      "type": "Feature",
      "id": "patch_55129_38020",
      "geometry": {
        "type": "Polygon",
        "coordinates": [
          [
            [
              55129,
              38020
            ],
            [
              57030,
              38020
            ],
            [
              57030,
              39921
            ],
            [
              55129,
              39921
            ],
            [
              55129,
              38020
            ]
          ]
        ]
      },
      "properties": {
        "objectType": "annotation",
        "classification": {
          "name": "background_e",
          "color": [
            255,
            182,
            193
          ]
        },
        "isLocked": false
      }
    },
    {
      "type": "Feature",
      "id": "patch_58931_38020",
      "geometry": {
        "type": "Polygon",
        "coordinates": [
          [
            [
              58931,
              38020
            ],
            [
              60832,
              38020
            ],
            [
              60832,
              39921
            ],
            [
              58931,
              39921
            ],
            [
              58931,
              38020
            ]
          ]
        ]
      },
      "properties": {
        "objectType": "annotation",
        "classification": {
          "name": "background_e",
          "color": [
            255,
            182,
            193
          ]
        },
        "isLocked": false
      }
    },
    {
      "type": "Feature",
      "id": "patch_7604_39921",
      "geometry": {
        "type": "Polygon",
        "coordinates": [
          [
            [
              7604,
              39921
            ],
            [
              9505,
              39921
            ],
            [
              9505,
              41822
            ],
            [
              7604,
              41822
            ],
            [
              7604,
              39921
            ]
          ]
        ]
      },
      "properties": {
        "objectType": "annotation",
        "classification": {
          "name": "background_h",
          "color": [
            0,
            0,
            255
          ]
        },
        "isLocked": false
      }
    },
    {
      "type": "Feature",
      "id": "patch_9505_39921",
      "geometry": {
        "type": "Polygon",
        "coordinates": [
          [
            [
              9505,
              39921
            ],
            [
              11406,
              39921
            ],
            [
              11406,
              41822
            ],
            [
              9505,
              41822
            ],
            [
              9505,
              39921
            ]
          ]
        ]
      },
      "properties": {
        "objectType": "annotation",
        "classification": {
          "name": "background_h",
          "color": [
            0,
            0,
            255
          ]
        },
        "isLocked": false
      }
    },
    {
      "type": "Feature",
      "id": "patch_11406_39921",
      "geometry": {
        "type": "Polygon",
        "coordinates": [
          [
            [
              11406,
              39921
            ],
            [
              13307,
              39921
            ],
            [
              13307,
              41822
            ],
            [
              11406,
              41822
            ],
            [
              11406,
              39921
            ]
          ]
        ]
      },
      "properties": {
        "objectType": "annotation",
        "classification": {
          "name": "background_h",
          "color": [
            0,
            0,
            255
          ]
        },
        "isLocked": false
      }
    },
    {
      "type": "Feature",
      "id": "patch_13307_39921",
      "geometry": {
        "type": "Polygon",
        "coordinates": [
          [
            [
              13307,
              39921
            ],
            [
              15208,
              39921
            ],
            [
              15208,
              41822
            ],
            [
              13307,
              41822
            ],
            [
              13307,
              39921
            ]
          ]
        ]
      },
      "properties": {
        "objectType": "annotation",
        "classification": {
          "name": "vessel_h",
          "color": [
            128,
            0,
            128
          ]
        },
        "isLocked": false
      }
    },
    {
      "type": "Feature",
      "id": "patch_15208_39921",
      "geometry": {
        "type": "Polygon",
        "coordinates": [
          [
            [
              15208,
              39921
            ],
            [
              17109,
              39921
            ],
            [
              17109,
              41822
            ],
            [
              15208,
              41822
            ],
            [
              15208,
              39921
            ]
          ]
        ]
      },
      "properties": {
        "objectType": "annotation",
        "classification": {
          "name": "background_h",
          "color": [
            0,
            0,
            255
          ]
        },
        "isLocked": false
      }
    },
    {
      "type": "Feature",
      "id": "patch_17109_39921",
      "geometry": {
        "type": "Polygon",
        "coordinates": [
          [
            [
              17109,
              39921
            ],
            [
              19010,
              39921
            ],
            [
              19010,
              41822
            ],
            [
              17109,
              41822
            ],
            [
              17109,
              39921
            ]
          ]
        ]
      },
      "properties": {
        "objectType": "annotation",
        "classification": {
          "name": "background_h",
          "color": [
            0,
            0,
            255
          ]
        },
        "isLocked": false
      }
    },
    {
      "type": "Feature",
      "id": "patch_19010_39921",
      "geometry": {
        "type": "Polygon",
        "coordinates": [
          [
            [
              19010,
              39921
            ],
            [
              20911,
              39921
            ],
            [
              20911,
              41822
            ],
            [
              19010,
              41822
            ],
            [
              19010,
              39921
            ]
          ]
        ]
      },
      "properties": {
        "objectType": "annotation",
        "classification": {
          "name": "background_h",
          "color": [
            0,
            0,
            255
          ]
        },
        "isLocked": false
      }
    },
    {
      "type": "Feature",
      "id": "patch_20911_39921",
      "geometry": {
        "type": "Polygon",
        "coordinates": [
          [
            [
              20911,
              39921
            ],
            [
              22812,
              39921
            ],
            [
              22812,
              41822
            ],
            [
              20911,
              41822
            ],
            [
              20911,
              39921
            ]
          ]
        ]
      },
      "properties": {
        "objectType": "annotation",
        "classification": {
          "name": "background_e",
          "color": [
            255,
            182,
            193
          ]
        },
        "isLocked": false
      }
    },
    {
      "type": "Feature",
      "id": "patch_22812_39921",
      "geometry": {
        "type": "Polygon",
        "coordinates": [
          [
            [
              22812,
              39921
            ],
            [
              24713,
              39921
            ],
            [
              24713,
              41822
            ],
            [
              22812,
              41822
            ],
            [
              22812,
              39921
            ]
          ]
        ]
      },
      "properties": {
        "objectType": "annotation",
        "classification": {
          "name": "background_e",
          "color": [
            255,
            182,
            193
          ]
        },
        "isLocked": false
      }
    },
    {
      "type": "Feature",
      "id": "patch_24713_39921",
      "geometry": {
        "type": "Polygon",
        "coordinates": [
          [
            [
              24713,
              39921
            ],
            [
              26614,
              39921
            ],
            [
              26614,
              41822
            ],
            [
              24713,
              41822
            ],
            [
              24713,
              39921
            ]
          ]
        ]
      },
      "properties": {
        "objectType": "annotation",
        "classification": {
          "name": "background_e",
          "color": [
            255,
            182,
            193
          ]
        },
        "isLocked": false
      }
    },
    {
      "type": "Feature",
      "id": "patch_26614_39921",
      "geometry": {
        "type": "Polygon",
        "coordinates": [
          [
            [
              26614,
              39921
            ],
            [
              28515,
              39921
            ],
            [
              28515,
              41822
            ],
            [
              26614,
              41822
            ],
            [
              26614,
              39921
            ]
          ]
        ]
      },
      "properties": {
        "objectType": "annotation",
        "classification": {
          "name": "background_e",
          "color": [
            255,
            182,
            193
          ]
        },
        "isLocked": false
      }
    },
    {
      "type": "Feature",
      "id": "patch_28515_39921",
      "geometry": {
        "type": "Polygon",
        "coordinates": [
          [
            [
              28515,
              39921
            ],
            [
              30416,
              39921
            ],
            [
              30416,
              41822
            ],
            [
              28515,
              41822
            ],
            [
              28515,
              39921
            ]
          ]
        ]
      },
      "properties": {
        "objectType": "annotation",
        "classification": {
          "name": "vessel_e",
          "color": [
            255,
            0,
            0
          ]
        },
        "isLocked": false
      }
    },
    {
      "type": "Feature",
      "id": "patch_30416_39921",
      "geometry": {
        "type": "Polygon",
        "coordinates": [
          [
            [
              30416,
              39921
            ],
            [
              32317,
              39921
            ],
            [
              32317,
              41822
            ],
            [
              30416,
              41822
            ],
            [
              30416,
              39921
            ]
          ]
        ]
      },
      "properties": {
        "objectType": "annotation",
        "classification": {
          "name": "background_e",
          "color": [
            255,
            182,
            193
          ]
        },
        "isLocked": false
      }
    },
    {
      "type": "Feature",
      "id": "patch_32317_39921",
      "geometry": {
        "type": "Polygon",
        "coordinates": [
          [
            [
              32317,
              39921
            ],
            [
              34218,
              39921
            ],
            [
              34218,
              41822
            ],
            [
              32317,
              41822
            ],
            [
              32317,
              39921
            ]
          ]
        ]
      },
      "properties": {
        "objectType": "annotation",
        "classification": {
          "name": "background_e",
          "color": [
            255,
            182,
            193
          ]
        },
        "isLocked": false
      }
    },
    {
      "type": "Feature",
      "id": "patch_34218_39921",
      "geometry": {
        "type": "Polygon",
        "coordinates": [
          [
            [
              34218,
              39921
            ],
            [
              36119,
              39921
            ],
            [
              36119,
              41822
            ],
            [
              34218,
              41822
            ],
            [
              34218,
              39921
            ]
          ]
        ]
      },
      "properties": {
        "objectType": "annotation",
        "classification": {
          "name": "vessel_e",
          "color": [
            255,
            0,
            0
          ]
        },
        "isLocked": false
      }
    },
    {
      "type": "Feature",
      "id": "patch_36119_39921",
      "geometry": {
        "type": "Polygon",
        "coordinates": [
          [
            [
              36119,
              39921
            ],
            [
              38020,
              39921
            ],
            [
              38020,
              41822
            ],
            [
              36119,
              41822
            ],
            [
              36119,
              39921
            ]
          ]
        ]
      },
      "properties": {
        "objectType": "annotation",
        "classification": {
          "name": "background_e",
          "color": [
            255,
            182,
            193
          ]
        },
        "isLocked": false
      }
    },
    {
      "type": "Feature",
      "id": "patch_38020_39921",
      "geometry": {
        "type": "Polygon",
        "coordinates": [
          [
            [
              38020,
              39921
            ],
            [
              39921,
              39921
            ],
            [
              39921,
              41822
            ],
            [
              38020,
              41822
            ],
            [
              38020,
              39921
            ]
          ]
        ]
      },
      "properties": {
        "objectType": "annotation",
        "classification": {
          "name": "background_e",
          "color": [
            255,
            182,
            193
          ]
        },
        "isLocked": false
      }
    },
    {
      "type": "Feature",
      "id": "patch_39921_39921",
      "geometry": {
        "type": "Polygon",
        "coordinates": [
          [
            [
              39921,
              39921
            ],
            [
              41822,
              39921
            ],
            [
              41822,
              41822
            ],
            [
              39921,
              41822
            ],
            [
              39921,
              39921
            ]
          ]
        ]
      },
      "properties": {
        "objectType": "annotation",
        "classification": {
          "name": "background_e",
          "color": [
            255,
            182,
            193
          ]
        },
        "isLocked": false
      }
    },
    {
      "type": "Feature",
      "id": "patch_41822_39921",
      "geometry": {
        "type": "Polygon",
        "coordinates": [
          [
            [
              41822,
              39921
            ],
            [
              43723,
              39921
            ],
            [
              43723,
              41822
            ],
            [
              41822,
              41822
            ],
            [
              41822,
              39921
            ]
          ]
        ]
      },
      "properties": {
        "objectType": "annotation",
        "classification": {
          "name": "background_e",
          "color": [
            255,
            182,
            193
          ]
        },
        "isLocked": false
      }
    },
    {
      "type": "Feature",
      "id": "patch_43723_39921",
      "geometry": {
        "type": "Polygon",
        "coordinates": [
          [
            [
              43723,
              39921
            ],
            [
              45624,
              39921
            ],
            [
              45624,
              41822
            ],
            [
              43723,
              41822
            ],
            [
              43723,
              39921
            ]
          ]
        ]
      },
      "properties": {
        "objectType": "annotation",
        "classification": {
          "name": "vessel_e",
          "color": [
            255,
            0,
            0
          ]
        },
        "isLocked": false
      }
    },
    {
      "type": "Feature",
      "id": "patch_45624_39921",
      "geometry": {
        "type": "Polygon",
        "coordinates": [
          [
            [
              45624,
              39921
            ],
            [
              47525,
              39921
            ],
            [
              47525,
              41822
            ],
            [
              45624,
              41822
            ],
            [
              45624,
              39921
            ]
          ]
        ]
      },
      "properties": {
        "objectType": "annotation",
        "classification": {
          "name": "background_e",
          "color": [
            255,
            182,
            193
          ]
        },
        "isLocked": false
      }
    },
    {
      "type": "Feature",
      "id": "patch_47525_39921",
      "geometry": {
        "type": "Polygon",
        "coordinates": [
          [
            [
              47525,
              39921
            ],
            [
              49426,
              39921
            ],
            [
              49426,
              41822
            ],
            [
              47525,
              41822
            ],
            [
              47525,
              39921
            ]
          ]
        ]
      },
      "properties": {
        "objectType": "annotation",
        "classification": {
          "name": "background_e",
          "color": [
            255,
            182,
            193
          ]
        },
        "isLocked": false
      }
    },
    {
      "type": "Feature",
      "id": "patch_49426_39921",
      "geometry": {
        "type": "Polygon",
        "coordinates": [
          [
            [
              49426,
              39921
            ],
            [
              51327,
              39921
            ],
            [
              51327,
              41822
            ],
            [
              49426,
              41822
            ],
            [
              49426,
              39921
            ]
          ]
        ]
      },
      "properties": {
        "objectType": "annotation",
        "classification": {
          "name": "background_e",
          "color": [
            255,
            182,
            193
          ]
        },
        "isLocked": false
      }
    },
    {
      "type": "Feature",
      "id": "patch_51327_39921",
      "geometry": {
        "type": "Polygon",
        "coordinates": [
          [
            [
              51327,
              39921
            ],
            [
              53228,
              39921
            ],
            [
              53228,
              41822
            ],
            [
              51327,
              41822
            ],
            [
              51327,
              39921
            ]
          ]
        ]
      },
      "properties": {
        "objectType": "annotation",
        "classification": {
          "name": "background_e",
          "color": [
            255,
            182,
            193
          ]
        },
        "isLocked": false
      }
    },
    {
      "type": "Feature",
      "id": "patch_53228_39921",
      "geometry": {
        "type": "Polygon",
        "coordinates": [
          [
            [
              53228,
              39921
            ],
            [
              55129,
              39921
            ],
            [
              55129,
              41822
            ],
            [
              53228,
              41822
            ],
            [
              53228,
              39921
            ]
          ]
        ]
      },
      "properties": {
        "objectType": "annotation",
        "classification": {
          "name": "background_e",
          "color": [
            255,
            182,
            193
          ]
        },
        "isLocked": false
      }
    },
    {
      "type": "Feature",
      "id": "patch_58931_39921",
      "geometry": {
        "type": "Polygon",
        "coordinates": [
          [
            [
              58931,
              39921
            ],
            [
              60832,
              39921
            ],
            [
              60832,
              41822
            ],
            [
              58931,
              41822
            ],
            [
              58931,
              39921
            ]
          ]
        ]
      },
      "properties": {
        "objectType": "annotation",
        "classification": {
          "name": "white",
          "color": [
            200,
            200,
            200
          ]
        },
        "isLocked": false
      }
    },
    {
      "type": "Feature",
      "id": "patch_7604_41822",
      "geometry": {
        "type": "Polygon",
        "coordinates": [
          [
            [
              7604,
              41822
            ],
            [
              9505,
              41822
            ],
            [
              9505,
              43723
            ],
            [
              7604,
              43723
            ],
            [
              7604,
              41822
            ]
          ]
        ]
      },
      "properties": {
        "objectType": "annotation",
        "classification": {
          "name": "background_e",
          "color": [
            255,
            182,
            193
          ]
        },
        "isLocked": false
      }
    },
    {
      "type": "Feature",
      "id": "patch_9505_41822",
      "geometry": {
        "type": "Polygon",
        "coordinates": [
          [
            [
              9505,
              41822
            ],
            [
              11406,
              41822
            ],
            [
              11406,
              43723
            ],
            [
              9505,
              43723
            ],
            [
              9505,
              41822
            ]
          ]
        ]
      },
      "properties": {
        "objectType": "annotation",
        "classification": {
          "name": "background_e",
          "color": [
            255,
            182,
            193
          ]
        },
        "isLocked": false
      }
    },
    {
      "type": "Feature",
      "id": "patch_11406_41822",
      "geometry": {
        "type": "Polygon",
        "coordinates": [
          [
            [
              11406,
              41822
            ],
            [
              13307,
              41822
            ],
            [
              13307,
              43723
            ],
            [
              11406,
              43723
            ],
            [
              11406,
              41822
            ]
          ]
        ]
      },
      "properties": {
        "objectType": "annotation",
        "classification": {
          "name": "background_e",
          "color": [
            255,
            182,
            193
          ]
        },
        "isLocked": false
      }
    },
    {
      "type": "Feature",
      "id": "patch_13307_41822",
      "geometry": {
        "type": "Polygon",
        "coordinates": [
          [
            [
              13307,
              41822
            ],
            [
              15208,
              41822
            ],
            [
              15208,
              43723
            ],
            [
              13307,
              43723
            ],
            [
              13307,
              41822
            ]
          ]
        ]
      },
      "properties": {
        "objectType": "annotation",
        "classification": {
          "name": "background_h",
          "color": [
            0,
            0,
            255
          ]
        },
        "isLocked": false
      }
    },
    {
      "type": "Feature",
      "id": "patch_15208_41822",
      "geometry": {
        "type": "Polygon",
        "coordinates": [
          [
            [
              15208,
              41822
            ],
            [
              17109,
              41822
            ],
            [
              17109,
              43723
            ],
            [
              15208,
              43723
            ],
            [
              15208,
              41822
            ]
          ]
        ]
      },
      "properties": {
        "objectType": "annotation",
        "classification": {
          "name": "background_h",
          "color": [
            0,
            0,
            255
          ]
        },
        "isLocked": false
      }
    },
    {
      "type": "Feature",
      "id": "patch_17109_41822",
      "geometry": {
        "type": "Polygon",
        "coordinates": [
          [
            [
              17109,
              41822
            ],
            [
              19010,
              41822
            ],
            [
              19010,
              43723
            ],
            [
              17109,
              43723
            ],
            [
              17109,
              41822
            ]
          ]
        ]
      },
      "properties": {
        "objectType": "annotation",
        "classification": {
          "name": "background_h",
          "color": [
            0,
            0,
            255
          ]
        },
        "isLocked": false
      }
    },
    {
      "type": "Feature",
      "id": "patch_19010_41822",
      "geometry": {
        "type": "Polygon",
        "coordinates": [
          [
            [
              19010,
              41822
            ],
            [
              20911,
              41822
            ],
            [
              20911,
              43723
            ],
            [
              19010,
              43723
            ],
            [
              19010,
              41822
            ]
          ]
        ]
      },
      "properties": {
        "objectType": "annotation",
        "classification": {
          "name": "background_h",
          "color": [
            0,
            0,
            255
          ]
        },
        "isLocked": false
      }
    },
    {
      "type": "Feature",
      "id": "patch_20911_41822",
      "geometry": {
        "type": "Polygon",
        "coordinates": [
          [
            [
              20911,
              41822
            ],
            [
              22812,
              41822
            ],
            [
              22812,
              43723
            ],
            [
              20911,
              43723
            ],
            [
              20911,
              41822
            ]
          ]
        ]
      },
      "properties": {
        "objectType": "annotation",
        "classification": {
          "name": "background_h",
          "color": [
            0,
            0,
            255
          ]
        },
        "isLocked": false
      }
    },
    {
      "type": "Feature",
      "id": "patch_22812_41822",
      "geometry": {
        "type": "Polygon",
        "coordinates": [
          [
            [
              22812,
              41822
            ],
            [
              24713,
              41822
            ],
            [
              24713,
              43723
            ],
            [
              22812,
              43723
            ],
            [
              22812,
              41822
            ]
          ]
        ]
      },
      "properties": {
        "objectType": "annotation",
        "classification": {
          "name": "background_e",
          "color": [
            255,
            182,
            193
          ]
        },
        "isLocked": false
      }
    },
    {
      "type": "Feature",
      "id": "patch_24713_41822",
      "geometry": {
        "type": "Polygon",
        "coordinates": [
          [
            [
              24713,
              41822
            ],
            [
              26614,
              41822
            ],
            [
              26614,
              43723
            ],
            [
              24713,
              43723
            ],
            [
              24713,
              41822
            ]
          ]
        ]
      },
      "properties": {
        "objectType": "annotation",
        "classification": {
          "name": "background_e",
          "color": [
            255,
            182,
            193
          ]
        },
        "isLocked": false
      }
    },
    {
      "type": "Feature",
      "id": "patch_26614_41822",
      "geometry": {
        "type": "Polygon",
        "coordinates": [
          [
            [
              26614,
              41822
            ],
            [
              28515,
              41822
            ],
            [
              28515,
              43723
            ],
            [
              26614,
              43723
            ],
            [
              26614,
              41822
            ]
          ]
        ]
      },
      "properties": {
        "objectType": "annotation",
        "classification": {
          "name": "background_e",
          "color": [
            255,
            182,
            193
          ]
        },
        "isLocked": false
      }
    },
    {
      "type": "Feature",
      "id": "patch_28515_41822",
      "geometry": {
        "type": "Polygon",
        "coordinates": [
          [
            [
              28515,
              41822
            ],
            [
              30416,
              41822
            ],
            [
              30416,
              43723
            ],
            [
              28515,
              43723
            ],
            [
              28515,
              41822
            ]
          ]
        ]
      },
      "properties": {
        "objectType": "annotation",
        "classification": {
          "name": "background_e",
          "color": [
            255,
            182,
            193
          ]
        },
        "isLocked": false
      }
    },
    {
      "type": "Feature",
      "id": "patch_30416_41822",
      "geometry": {
        "type": "Polygon",
        "coordinates": [
          [
            [
              30416,
              41822
            ],
            [
              32317,
              41822
            ],
            [
              32317,
              43723
            ],
            [
              30416,
              43723
            ],
            [
              30416,
              41822
            ]
          ]
        ]
      },
      "properties": {
        "objectType": "annotation",
        "classification": {
          "name": "background_e",
          "color": [
            255,
            182,
            193
          ]
        },
        "isLocked": false
      }
    },
    {
      "type": "Feature",
      "id": "patch_32317_41822",
      "geometry": {
        "type": "Polygon",
        "coordinates": [
          [
            [
              32317,
              41822
            ],
            [
              34218,
              41822
            ],
            [
              34218,
              43723
            ],
            [
              32317,
              43723
            ],
            [
              32317,
              41822
            ]
          ]
        ]
      },
      "properties": {
        "objectType": "annotation",
        "classification": {
          "name": "background_e",
          "color": [
            255,
            182,
            193
          ]
        },
        "isLocked": false
      }
    },
    {
      "type": "Feature",
      "id": "patch_34218_41822",
      "geometry": {
        "type": "Polygon",
        "coordinates": [
          [
            [
              34218,
              41822
            ],
            [
              36119,
              41822
            ],
            [
              36119,
              43723
            ],
            [
              34218,
              43723
            ],
            [
              34218,
              41822
            ]
          ]
        ]
      },
      "properties": {
        "objectType": "annotation",
        "classification": {
          "name": "background_e",
          "color": [
            255,
            182,
            193
          ]
        },
        "isLocked": false
      }
    },
    {
      "type": "Feature",
      "id": "patch_36119_41822",
      "geometry": {
        "type": "Polygon",
        "coordinates": [
          [
            [
              36119,
              41822
            ],
            [
              38020,
              41822
            ],
            [
              38020,
              43723
            ],
            [
              36119,
              43723
            ],
            [
              36119,
              41822
            ]
          ]
        ]
      },
      "properties": {
        "objectType": "annotation",
        "classification": {
          "name": "vessel_e",
          "color": [
            255,
            0,
            0
          ]
        },
        "isLocked": false
      }
    },
    {
      "type": "Feature",
      "id": "patch_38020_41822",
      "geometry": {
        "type": "Polygon",
        "coordinates": [
          [
            [
              38020,
              41822
            ],
            [
              39921,
              41822
            ],
            [
              39921,
              43723
            ],
            [
              38020,
              43723
            ],
            [
              38020,
              41822
            ]
          ]
        ]
      },
      "properties": {
        "objectType": "annotation",
        "classification": {
          "name": "vessel_e",
          "color": [
            255,
            0,
            0
          ]
        },
        "isLocked": false
      }
    },
    {
      "type": "Feature",
      "id": "patch_39921_41822",
      "geometry": {
        "type": "Polygon",
        "coordinates": [
          [
            [
              39921,
              41822
            ],
            [
              41822,
              41822
            ],
            [
              41822,
              43723
            ],
            [
              39921,
              43723
            ],
            [
              39921,
              41822
            ]
          ]
        ]
      },
      "properties": {
        "objectType": "annotation",
        "classification": {
          "name": "background_e",
          "color": [
            255,
            182,
            193
          ]
        },
        "isLocked": false
      }
    },
    {
      "type": "Feature",
      "id": "patch_41822_41822",
      "geometry": {
        "type": "Polygon",
        "coordinates": [
          [
            [
              41822,
              41822
            ],
            [
              43723,
              41822
            ],
            [
              43723,
              43723
            ],
            [
              41822,
              43723
            ],
            [
              41822,
              41822
            ]
          ]
        ]
      },
      "properties": {
        "objectType": "annotation",
        "classification": {
          "name": "background_e",
          "color": [
            255,
            182,
            193
          ]
        },
        "isLocked": false
      }
    },
    {
      "type": "Feature",
      "id": "patch_43723_41822",
      "geometry": {
        "type": "Polygon",
        "coordinates": [
          [
            [
              43723,
              41822
            ],
            [
              45624,
              41822
            ],
            [
              45624,
              43723
            ],
            [
              43723,
              43723
            ],
            [
              43723,
              41822
            ]
          ]
        ]
      },
      "properties": {
        "objectType": "annotation",
        "classification": {
          "name": "background_e",
          "color": [
            255,
            182,
            193
          ]
        },
        "isLocked": false
      }
    },
    {
      "type": "Feature",
      "id": "patch_45624_41822",
      "geometry": {
        "type": "Polygon",
        "coordinates": [
          [
            [
              45624,
              41822
            ],
            [
              47525,
              41822
            ],
            [
              47525,
              43723
            ],
            [
              45624,
              43723
            ],
            [
              45624,
              41822
            ]
          ]
        ]
      },
      "properties": {
        "objectType": "annotation",
        "classification": {
          "name": "background_e",
          "color": [
            255,
            182,
            193
          ]
        },
        "isLocked": false
      }
    },
    {
      "type": "Feature",
      "id": "patch_47525_41822",
      "geometry": {
        "type": "Polygon",
        "coordinates": [
          [
            [
              47525,
              41822
            ],
            [
              49426,
              41822
            ],
            [
              49426,
              43723
            ],
            [
              47525,
              43723
            ],
            [
              47525,
              41822
            ]
          ]
        ]
      },
      "properties": {
        "objectType": "annotation",
        "classification": {
          "name": "background_e",
          "color": [
            255,
            182,
            193
          ]
        },
        "isLocked": false
      }
    },
    {
      "type": "Feature",
      "id": "patch_49426_41822",
      "geometry": {
        "type": "Polygon",
        "coordinates": [
          [
            [
              49426,
              41822
            ],
            [
              51327,
              41822
            ],
            [
              51327,
              43723
            ],
            [
              49426,
              43723
            ],
            [
              49426,
              41822
            ]
          ]
        ]
      },
      "properties": {
        "objectType": "annotation",
        "classification": {
          "name": "background_e",
          "color": [
            255,
            182,
            193
          ]
        },
        "isLocked": false
      }
    },
    {
      "type": "Feature",
      "id": "patch_51327_41822",
      "geometry": {
        "type": "Polygon",
        "coordinates": [
          [
            [
              51327,
              41822
            ],
            [
              53228,
              41822
            ],
            [
              53228,
              43723
            ],
            [
              51327,
              43723
            ],
            [
              51327,
              41822
            ]
          ]
        ]
      },
      "properties": {
        "objectType": "annotation",
        "classification": {
          "name": "background_e",
          "color": [
            255,
            182,
            193
          ]
        },
        "isLocked": false
      }
    },
    {
      "type": "Feature",
      "id": "patch_55129_41822",
      "geometry": {
        "type": "Polygon",
        "coordinates": [
          [
            [
              55129,
              41822
            ],
            [
              57030,
              41822
            ],
            [
              57030,
              43723
            ],
            [
              55129,
              43723
            ],
            [
              55129,
              41822
            ]
          ]
        ]
      },
      "properties": {
        "objectType": "annotation",
        "classification": {
          "name": "white",
          "color": [
            200,
            200,
            200
          ]
        },
        "isLocked": false
      }
    },
    {
      "type": "Feature",
      "id": "patch_57030_41822",
      "geometry": {
        "type": "Polygon",
        "coordinates": [
          [
            [
              57030,
              41822
            ],
            [
              58931,
              41822
            ],
            [
              58931,
              43723
            ],
            [
              57030,
              43723
            ],
            [
              57030,
              41822
            ]
          ]
        ]
      },
      "properties": {
        "objectType": "annotation",
        "classification": {
          "name": "white",
          "color": [
            200,
            200,
            200
          ]
        },
        "isLocked": false
      }
    },
    {
      "type": "Feature",
      "id": "patch_7604_43723",
      "geometry": {
        "type": "Polygon",
        "coordinates": [
          [
            [
              7604,
              43723
            ],
            [
              9505,
              43723
            ],
            [
              9505,
              45624
            ],
            [
              7604,
              45624
            ],
            [
              7604,
              43723
            ]
          ]
        ]
      },
      "properties": {
        "objectType": "annotation",
        "classification": {
          "name": "background_e",
          "color": [
            255,
            182,
            193
          ]
        },
        "isLocked": false
      }
    },
    {
      "type": "Feature",
      "id": "patch_9505_43723",
      "geometry": {
        "type": "Polygon",
        "coordinates": [
          [
            [
              9505,
              43723
            ],
            [
              11406,
              43723
            ],
            [
              11406,
              45624
            ],
            [
              9505,
              45624
            ],
            [
              9505,
              43723
            ]
          ]
        ]
      },
      "properties": {
        "objectType": "annotation",
        "classification": {
          "name": "background_e",
          "color": [
            255,
            182,
            193
          ]
        },
        "isLocked": false
      }
    },
    {
      "type": "Feature",
      "id": "patch_11406_43723",
      "geometry": {
        "type": "Polygon",
        "coordinates": [
          [
            [
              11406,
              43723
            ],
            [
              13307,
              43723
            ],
            [
              13307,
              45624
            ],
            [
              11406,
              45624
            ],
            [
              11406,
              43723
            ]
          ]
        ]
      },
      "properties": {
        "objectType": "annotation",
        "classification": {
          "name": "background_e",
          "color": [
            255,
            182,
            193
          ]
        },
        "isLocked": false
      }
    },
    {
      "type": "Feature",
      "id": "patch_13307_43723",
      "geometry": {
        "type": "Polygon",
        "coordinates": [
          [
            [
              13307,
              43723
            ],
            [
              15208,
              43723
            ],
            [
              15208,
              45624
            ],
            [
              13307,
              45624
            ],
            [
              13307,
              43723
            ]
          ]
        ]
      },
      "properties": {
        "objectType": "annotation",
        "classification": {
          "name": "background_e",
          "color": [
            255,
            182,
            193
          ]
        },
        "isLocked": false
      }
    },
    {
      "type": "Feature",
      "id": "patch_15208_43723",
      "geometry": {
        "type": "Polygon",
        "coordinates": [
          [
            [
              15208,
              43723
            ],
            [
              17109,
              43723
            ],
            [
              17109,
              45624
            ],
            [
              15208,
              45624
            ],
            [
              15208,
              43723
            ]
          ]
        ]
      },
      "properties": {
        "objectType": "annotation",
        "classification": {
          "name": "background_e",
          "color": [
            255,
            182,
            193
          ]
        },
        "isLocked": false
      }
    },
    {
      "type": "Feature",
      "id": "patch_17109_43723",
      "geometry": {
        "type": "Polygon",
        "coordinates": [
          [
            [
              17109,
              43723
            ],
            [
              19010,
              43723
            ],
            [
              19010,
              45624
            ],
            [
              17109,
              45624
            ],
            [
              17109,
              43723
            ]
          ]
        ]
      },
      "properties": {
        "objectType": "annotation",
        "classification": {
          "name": "background_h",
          "color": [
            0,
            0,
            255
          ]
        },
        "isLocked": false
      }
    },
    {
      "type": "Feature",
      "id": "patch_19010_43723",
      "geometry": {
        "type": "Polygon",
        "coordinates": [
          [
            [
              19010,
              43723
            ],
            [
              20911,
              43723
            ],
            [
              20911,
              45624
            ],
            [
              19010,
              45624
            ],
            [
              19010,
              43723
            ]
          ]
        ]
      },
      "properties": {
        "objectType": "annotation",
        "classification": {
          "name": "vessel_h",
          "color": [
            128,
            0,
            128
          ]
        },
        "isLocked": false
      }
    },
    {
      "type": "Feature",
      "id": "patch_20911_43723",
      "geometry": {
        "type": "Polygon",
        "coordinates": [
          [
            [
              20911,
              43723
            ],
            [
              22812,
              43723
            ],
            [
              22812,
              45624
            ],
            [
              20911,
              45624
            ],
            [
              20911,
              43723
            ]
          ]
        ]
      },
      "properties": {
        "objectType": "annotation",
        "classification": {
          "name": "background_h",
          "color": [
            0,
            0,
            255
          ]
        },
        "isLocked": false
      }
    },
    {
      "type": "Feature",
      "id": "patch_22812_43723",
      "geometry": {
        "type": "Polygon",
        "coordinates": [
          [
            [
              22812,
              43723
            ],
            [
              24713,
              43723
            ],
            [
              24713,
              45624
            ],
            [
              22812,
              45624
            ],
            [
              22812,
              43723
            ]
          ]
        ]
      },
      "properties": {
        "objectType": "annotation",
        "classification": {
          "name": "background_e",
          "color": [
            255,
            182,
            193
          ]
        },
        "isLocked": false
      }
    },
    {
      "type": "Feature",
      "id": "patch_24713_43723",
      "geometry": {
        "type": "Polygon",
        "coordinates": [
          [
            [
              24713,
              43723
            ],
            [
              26614,
              43723
            ],
            [
              26614,
              45624
            ],
            [
              24713,
              45624
            ],
            [
              24713,
              43723
            ]
          ]
        ]
      },
      "properties": {
        "objectType": "annotation",
        "classification": {
          "name": "background_e",
          "color": [
            255,
            182,
            193
          ]
        },
        "isLocked": false
      }
    },
    {
      "type": "Feature",
      "id": "patch_26614_43723",
      "geometry": {
        "type": "Polygon",
        "coordinates": [
          [
            [
              26614,
              43723
            ],
            [
              28515,
              43723
            ],
            [
              28515,
              45624
            ],
            [
              26614,
              45624
            ],
            [
              26614,
              43723
            ]
          ]
        ]
      },
      "properties": {
        "objectType": "annotation",
        "classification": {
          "name": "background_e",
          "color": [
            255,
            182,
            193
          ]
        },
        "isLocked": false
      }
    },
    {
      "type": "Feature",
      "id": "patch_28515_43723",
      "geometry": {
        "type": "Polygon",
        "coordinates": [
          [
            [
              28515,
              43723
            ],
            [
              30416,
              43723
            ],
            [
              30416,
              45624
            ],
            [
              28515,
              45624
            ],
            [
              28515,
              43723
            ]
          ]
        ]
      },
      "properties": {
        "objectType": "annotation",
        "classification": {
          "name": "background_e",
          "color": [
            255,
            182,
            193
          ]
        },
        "isLocked": false
      }
    },
    {
      "type": "Feature",
      "id": "patch_30416_43723",
      "geometry": {
        "type": "Polygon",
        "coordinates": [
          [
            [
              30416,
              43723
            ],
            [
              32317,
              43723
            ],
            [
              32317,
              45624
            ],
            [
              30416,
              45624
            ],
            [
              30416,
              43723
            ]
          ]
        ]
      },
      "properties": {
        "objectType": "annotation",
        "classification": {
          "name": "background_e",
          "color": [
            255,
            182,
            193
          ]
        },
        "isLocked": false
      }
    },
    {
      "type": "Feature",
      "id": "patch_32317_43723",
      "geometry": {
        "type": "Polygon",
        "coordinates": [
          [
            [
              32317,
              43723
            ],
            [
              34218,
              43723
            ],
            [
              34218,
              45624
            ],
            [
              32317,
              45624
            ],
            [
              32317,
              43723
            ]
          ]
        ]
      },
      "properties": {
        "objectType": "annotation",
        "classification": {
          "name": "background_e",
          "color": [
            255,
            182,
            193
          ]
        },
        "isLocked": false
      }
    },
    {
      "type": "Feature",
      "id": "patch_34218_43723",
      "geometry": {
        "type": "Polygon",
        "coordinates": [
          [
            [
              34218,
              43723
            ],
            [
              36119,
              43723
            ],
            [
              36119,
              45624
            ],
            [
              34218,
              45624
            ],
            [
              34218,
              43723
            ]
          ]
        ]
      },
      "properties": {
        "objectType": "annotation",
        "classification": {
          "name": "background_e",
          "color": [
            255,
            182,
            193
          ]
        },
        "isLocked": false
      }
    },
    {
      "type": "Feature",
      "id": "patch_36119_43723",
      "geometry": {
        "type": "Polygon",
        "coordinates": [
          [
            [
              36119,
              43723
            ],
            [
              38020,
              43723
            ],
            [
              38020,
              45624
            ],
            [
              36119,
              45624
            ],
            [
              36119,
              43723
            ]
          ]
        ]
      },
      "properties": {
        "objectType": "annotation",
        "classification": {
          "name": "background_e",
          "color": [
            255,
            182,
            193
          ]
        },
        "isLocked": false
      }
    },
    {
      "type": "Feature",
      "id": "patch_38020_43723",
      "geometry": {
        "type": "Polygon",
        "coordinates": [
          [
            [
              38020,
              43723
            ],
            [
              39921,
              43723
            ],
            [
              39921,
              45624
            ],
            [
              38020,
              45624
            ],
            [
              38020,
              43723
            ]
          ]
        ]
      },
      "properties": {
        "objectType": "annotation",
        "classification": {
          "name": "background_e",
          "color": [
            255,
            182,
            193
          ]
        },
        "isLocked": false
      }
    },
    {
      "type": "Feature",
      "id": "patch_39921_43723",
      "geometry": {
        "type": "Polygon",
        "coordinates": [
          [
            [
              39921,
              43723
            ],
            [
              41822,
              43723
            ],
            [
              41822,
              45624
            ],
            [
              39921,
              45624
            ],
            [
              39921,
              43723
            ]
          ]
        ]
      },
      "properties": {
        "objectType": "annotation",
        "classification": {
          "name": "background_e",
          "color": [
            255,
            182,
            193
          ]
        },
        "isLocked": false
      }
    },
    {
      "type": "Feature",
      "id": "patch_41822_43723",
      "geometry": {
        "type": "Polygon",
        "coordinates": [
          [
            [
              41822,
              43723
            ],
            [
              43723,
              43723
            ],
            [
              43723,
              45624
            ],
            [
              41822,
              45624
            ],
            [
              41822,
              43723
            ]
          ]
        ]
      },
      "properties": {
        "objectType": "annotation",
        "classification": {
          "name": "background_e",
          "color": [
            255,
            182,
            193
          ]
        },
        "isLocked": false
      }
    },
    {
      "type": "Feature",
      "id": "patch_43723_43723",
      "geometry": {
        "type": "Polygon",
        "coordinates": [
          [
            [
              43723,
              43723
            ],
            [
              45624,
              43723
            ],
            [
              45624,
              45624
            ],
            [
              43723,
              45624
            ],
            [
              43723,
              43723
            ]
          ]
        ]
      },
      "properties": {
        "objectType": "annotation",
        "classification": {
          "name": "background_e",
          "color": [
            255,
            182,
            193
          ]
        },
        "isLocked": false
      }
    },
    {
      "type": "Feature",
      "id": "patch_45624_43723",
      "geometry": {
        "type": "Polygon",
        "coordinates": [
          [
            [
              45624,
              43723
            ],
            [
              47525,
              43723
            ],
            [
              47525,
              45624
            ],
            [
              45624,
              45624
            ],
            [
              45624,
              43723
            ]
          ]
        ]
      },
      "properties": {
        "objectType": "annotation",
        "classification": {
          "name": "background_e",
          "color": [
            255,
            182,
            193
          ]
        },
        "isLocked": false
      }
    },
    {
      "type": "Feature",
      "id": "patch_47525_43723",
      "geometry": {
        "type": "Polygon",
        "coordinates": [
          [
            [
              47525,
              43723
            ],
            [
              49426,
              43723
            ],
            [
              49426,
              45624
            ],
            [
              47525,
              45624
            ],
            [
              47525,
              43723
            ]
          ]
        ]
      },
      "properties": {
        "objectType": "annotation",
        "classification": {
          "name": "background_e",
          "color": [
            255,
            182,
            193
          ]
        },
        "isLocked": false
      }
    },
    {
      "type": "Feature",
      "id": "patch_49426_43723",
      "geometry": {
        "type": "Polygon",
        "coordinates": [
          [
            [
              49426,
              43723
            ],
            [
              51327,
              43723
            ],
            [
              51327,
              45624
            ],
            [
              49426,
              45624
            ],
            [
              49426,
              43723
            ]
          ]
        ]
      },
      "properties": {
        "objectType": "annotation",
        "classification": {
          "name": "background_e",
          "color": [
            255,
            182,
            193
          ]
        },
        "isLocked": false
      }
    },
    {
      "type": "Feature",
      "id": "patch_51327_43723",
      "geometry": {
        "type": "Polygon",
        "coordinates": [
          [
            [
              51327,
              43723
            ],
            [
              53228,
              43723
            ],
            [
              53228,
              45624
            ],
            [
              51327,
              45624
            ],
            [
              51327,
              43723
            ]
          ]
        ]
      },
      "properties": {
        "objectType": "annotation",
        "classification": {
          "name": "background_e",
          "color": [
            255,
            182,
            193
          ]
        },
        "isLocked": false
      }
    },
    {
      "type": "Feature",
      "id": "patch_7604_45624",
      "geometry": {
        "type": "Polygon",
        "coordinates": [
          [
            [
              7604,
              45624
            ],
            [
              9505,
              45624
            ],
            [
              9505,
              47525
            ],
            [
              7604,
              47525
            ],
            [
              7604,
              45624
            ]
          ]
        ]
      },
      "properties": {
        "objectType": "annotation",
        "classification": {
          "name": "background_e",
          "color": [
            255,
            182,
            193
          ]
        },
        "isLocked": false
      }
    },
    {
      "type": "Feature",
      "id": "patch_9505_45624",
      "geometry": {
        "type": "Polygon",
        "coordinates": [
          [
            [
              9505,
              45624
            ],
            [
              11406,
              45624
            ],
            [
              11406,
              47525
            ],
            [
              9505,
              47525
            ],
            [
              9505,
              45624
            ]
          ]
        ]
      },
      "properties": {
        "objectType": "annotation",
        "classification": {
          "name": "background_e",
          "color": [
            255,
            182,
            193
          ]
        },
        "isLocked": false
      }
    },
    {
      "type": "Feature",
      "id": "patch_11406_45624",
      "geometry": {
        "type": "Polygon",
        "coordinates": [
          [
            [
              11406,
              45624
            ],
            [
              13307,
              45624
            ],
            [
              13307,
              47525
            ],
            [
              11406,
              47525
            ],
            [
              11406,
              45624
            ]
          ]
        ]
      },
      "properties": {
        "objectType": "annotation",
        "classification": {
          "name": "background_e",
          "color": [
            255,
            182,
            193
          ]
        },
        "isLocked": false
      }
    },
    {
      "type": "Feature",
      "id": "patch_13307_45624",
      "geometry": {
        "type": "Polygon",
        "coordinates": [
          [
            [
              13307,
              45624
            ],
            [
              15208,
              45624
            ],
            [
              15208,
              47525
            ],
            [
              13307,
              47525
            ],
            [
              13307,
              45624
            ]
          ]
        ]
      },
      "properties": {
        "objectType": "annotation",
        "classification": {
          "name": "background_e",
          "color": [
            255,
            182,
            193
          ]
        },
        "isLocked": false
      }
    },
    {
      "type": "Feature",
      "id": "patch_15208_45624",
      "geometry": {
        "type": "Polygon",
        "coordinates": [
          [
            [
              15208,
              45624
            ],
            [
              17109,
              45624
            ],
            [
              17109,
              47525
            ],
            [
              15208,
              47525
            ],
            [
              15208,
              45624
            ]
          ]
        ]
      },
      "properties": {
        "objectType": "annotation",
        "classification": {
          "name": "vessel_e",
          "color": [
            255,
            0,
            0
          ]
        },
        "isLocked": false
      }
    },
    {
      "type": "Feature",
      "id": "patch_17109_45624",
      "geometry": {
        "type": "Polygon",
        "coordinates": [
          [
            [
              17109,
              45624
            ],
            [
              19010,
              45624
            ],
            [
              19010,
              47525
            ],
            [
              17109,
              47525
            ],
            [
              17109,
              45624
            ]
          ]
        ]
      },
      "properties": {
        "objectType": "annotation",
        "classification": {
          "name": "background_e",
          "color": [
            255,
            182,
            193
          ]
        },
        "isLocked": false
      }
    },
    {
      "type": "Feature",
      "id": "patch_19010_45624",
      "geometry": {
        "type": "Polygon",
        "coordinates": [
          [
            [
              19010,
              45624
            ],
            [
              20911,
              45624
            ],
            [
              20911,
              47525
            ],
            [
              19010,
              47525
            ],
            [
              19010,
              45624
            ]
          ]
        ]
      },
      "properties": {
        "objectType": "annotation",
        "classification": {
          "name": "background_e",
          "color": [
            255,
            182,
            193
          ]
        },
        "isLocked": false
      }
    },
    {
      "type": "Feature",
      "id": "patch_20911_45624",
      "geometry": {
        "type": "Polygon",
        "coordinates": [
          [
            [
              20911,
              45624
            ],
            [
              22812,
              45624
            ],
            [
              22812,
              47525
            ],
            [
              20911,
              47525
            ],
            [
              20911,
              45624
            ]
          ]
        ]
      },
      "properties": {
        "objectType": "annotation",
        "classification": {
          "name": "background_h",
          "color": [
            0,
            0,
            255
          ]
        },
        "isLocked": false
      }
    },
    {
      "type": "Feature",
      "id": "patch_22812_45624",
      "geometry": {
        "type": "Polygon",
        "coordinates": [
          [
            [
              22812,
              45624
            ],
            [
              24713,
              45624
            ],
            [
              24713,
              47525
            ],
            [
              22812,
              47525
            ],
            [
              22812,
              45624
            ]
          ]
        ]
      },
      "properties": {
        "objectType": "annotation",
        "classification": {
          "name": "background_h",
          "color": [
            0,
            0,
            255
          ]
        },
        "isLocked": false
      }
    },
    {
      "type": "Feature",
      "id": "patch_24713_45624",
      "geometry": {
        "type": "Polygon",
        "coordinates": [
          [
            [
              24713,
              45624
            ],
            [
              26614,
              45624
            ],
            [
              26614,
              47525
            ],
            [
              24713,
              47525
            ],
            [
              24713,
              45624
            ]
          ]
        ]
      },
      "properties": {
        "objectType": "annotation",
        "classification": {
          "name": "background_e",
          "color": [
            255,
            182,
            193
          ]
        },
        "isLocked": false
      }
    },
    {
      "type": "Feature",
      "id": "patch_26614_45624",
      "geometry": {
        "type": "Polygon",
        "coordinates": [
          [
            [
              26614,
              45624
            ],
            [
              28515,
              45624
            ],
            [
              28515,
              47525
            ],
            [
              26614,
              47525
            ],
            [
              26614,
              45624
            ]
          ]
        ]
      },
      "properties": {
        "objectType": "annotation",
        "classification": {
          "name": "vessel_e",
          "color": [
            255,
            0,
            0
          ]
        },
        "isLocked": false
      }
    },
    {
      "type": "Feature",
      "id": "patch_28515_45624",
      "geometry": {
        "type": "Polygon",
        "coordinates": [
          [
            [
              28515,
              45624
            ],
            [
              30416,
              45624
            ],
            [
              30416,
              47525
            ],
            [
              28515,
              47525
            ],
            [
              28515,
              45624
            ]
          ]
        ]
      },
      "properties": {
        "objectType": "annotation",
        "classification": {
          "name": "background_e",
          "color": [
            255,
            182,
            193
          ]
        },
        "isLocked": false
      }
    },
    {
      "type": "Feature",
      "id": "patch_30416_45624",
      "geometry": {
        "type": "Polygon",
        "coordinates": [
          [
            [
              30416,
              45624
            ],
            [
              32317,
              45624
            ],
            [
              32317,
              47525
            ],
            [
              30416,
              47525
            ],
            [
              30416,
              45624
            ]
          ]
        ]
      },
      "properties": {
        "objectType": "annotation",
        "classification": {
          "name": "vessel_e",
          "color": [
            255,
            0,
            0
          ]
        },
        "isLocked": false
      }
    },
    {
      "type": "Feature",
      "id": "patch_32317_45624",
      "geometry": {
        "type": "Polygon",
        "coordinates": [
          [
            [
              32317,
              45624
            ],
            [
              34218,
              45624
            ],
            [
              34218,
              47525
            ],
            [
              32317,
              47525
            ],
            [
              32317,
              45624
            ]
          ]
        ]
      },
      "properties": {
        "objectType": "annotation",
        "classification": {
          "name": "background_e",
          "color": [
            255,
            182,
            193
          ]
        },
        "isLocked": false
      }
    },
    {
      "type": "Feature",
      "id": "patch_34218_45624",
      "geometry": {
        "type": "Polygon",
        "coordinates": [
          [
            [
              34218,
              45624
            ],
            [
              36119,
              45624
            ],
            [
              36119,
              47525
            ],
            [
              34218,
              47525
            ],
            [
              34218,
              45624
            ]
          ]
        ]
      },
      "properties": {
        "objectType": "annotation",
        "classification": {
          "name": "background_e",
          "color": [
            255,
            182,
            193
          ]
        },
        "isLocked": false
      }
    },
    {
      "type": "Feature",
      "id": "patch_36119_45624",
      "geometry": {
        "type": "Polygon",
        "coordinates": [
          [
            [
              36119,
              45624
            ],
            [
              38020,
              45624
            ],
            [
              38020,
              47525
            ],
            [
              36119,
              47525
            ],
            [
              36119,
              45624
            ]
          ]
        ]
      },
      "properties": {
        "objectType": "annotation",
        "classification": {
          "name": "background_e",
          "color": [
            255,
            182,
            193
          ]
        },
        "isLocked": false
      }
    },
    {
      "type": "Feature",
      "id": "patch_38020_45624",
      "geometry": {
        "type": "Polygon",
        "coordinates": [
          [
            [
              38020,
              45624
            ],
            [
              39921,
              45624
            ],
            [
              39921,
              47525
            ],
            [
              38020,
              47525
            ],
            [
              38020,
              45624
            ]
          ]
        ]
      },
      "properties": {
        "objectType": "annotation",
        "classification": {
          "name": "background_e",
          "color": [
            255,
            182,
            193
          ]
        },
        "isLocked": false
      }
    },
    {
      "type": "Feature",
      "id": "patch_39921_45624",
      "geometry": {
        "type": "Polygon",
        "coordinates": [
          [
            [
              39921,
              45624
            ],
            [
              41822,
              45624
            ],
            [
              41822,
              47525
            ],
            [
              39921,
              47525
            ],
            [
              39921,
              45624
            ]
          ]
        ]
      },
      "properties": {
        "objectType": "annotation",
        "classification": {
          "name": "background_e",
          "color": [
            255,
            182,
            193
          ]
        },
        "isLocked": false
      }
    },
    {
      "type": "Feature",
      "id": "patch_41822_45624",
      "geometry": {
        "type": "Polygon",
        "coordinates": [
          [
            [
              41822,
              45624
            ],
            [
              43723,
              45624
            ],
            [
              43723,
              47525
            ],
            [
              41822,
              47525
            ],
            [
              41822,
              45624
            ]
          ]
        ]
      },
      "properties": {
        "objectType": "annotation",
        "classification": {
          "name": "background_e",
          "color": [
            255,
            182,
            193
          ]
        },
        "isLocked": false
      }
    },
    {
      "type": "Feature",
      "id": "patch_43723_45624",
      "geometry": {
        "type": "Polygon",
        "coordinates": [
          [
            [
              43723,
              45624
            ],
            [
              45624,
              45624
            ],
            [
              45624,
              47525
            ],
            [
              43723,
              47525
            ],
            [
              43723,
              45624
            ]
          ]
        ]
      },
      "properties": {
        "objectType": "annotation",
        "classification": {
          "name": "white",
          "color": [
            200,
            200,
            200
          ]
        },
        "isLocked": false
      }
    },
    {
      "type": "Feature",
      "id": "patch_45624_45624",
      "geometry": {
        "type": "Polygon",
        "coordinates": [
          [
            [
              45624,
              45624
            ],
            [
              47525,
              45624
            ],
            [
              47525,
              47525
            ],
            [
              45624,
              47525
            ],
            [
              45624,
              45624
            ]
          ]
        ]
      },
      "properties": {
        "objectType": "annotation",
        "classification": {
          "name": "white",
          "color": [
            200,
            200,
            200
          ]
        },
        "isLocked": false
      }
    },
    {
      "type": "Feature",
      "id": "patch_47525_45624",
      "geometry": {
        "type": "Polygon",
        "coordinates": [
          [
            [
              47525,
              45624
            ],
            [
              49426,
              45624
            ],
            [
              49426,
              47525
            ],
            [
              47525,
              47525
            ],
            [
              47525,
              45624
            ]
          ]
        ]
      },
      "properties": {
        "objectType": "annotation",
        "classification": {
          "name": "white",
          "color": [
            200,
            200,
            200
          ]
        },
        "isLocked": false
      }
    },
    {
      "type": "Feature",
      "id": "patch_49426_45624",
      "geometry": {
        "type": "Polygon",
        "coordinates": [
          [
            [
              49426,
              45624
            ],
            [
              51327,
              45624
            ],
            [
              51327,
              47525
            ],
            [
              49426,
              47525
            ],
            [
              49426,
              45624
            ]
          ]
        ]
      },
      "properties": {
        "objectType": "annotation",
        "classification": {
          "name": "vessel_e",
          "color": [
            255,
            0,
            0
          ]
        },
        "isLocked": false
      }
    },
    {
      "type": "Feature",
      "id": "patch_51327_45624",
      "geometry": {
        "type": "Polygon",
        "coordinates": [
          [
            [
              51327,
              45624
            ],
            [
              53228,
              45624
            ],
            [
              53228,
              47525
            ],
            [
              51327,
              47525
            ],
            [
              51327,
              45624
            ]
          ]
        ]
      },
      "properties": {
        "objectType": "annotation",
        "classification": {
          "name": "white",
          "color": [
            200,
            200,
            200
          ]
        },
        "isLocked": false
      }
    },
    {
      "type": "Feature",
      "id": "patch_55129_45624",
      "geometry": {
        "type": "Polygon",
        "coordinates": [
          [
            [
              55129,
              45624
            ],
            [
              57030,
              45624
            ],
            [
              57030,
              47525
            ],
            [
              55129,
              47525
            ],
            [
              55129,
              45624
            ]
          ]
        ]
      },
      "properties": {
        "objectType": "annotation",
        "classification": {
          "name": "background_e",
          "color": [
            255,
            182,
            193
          ]
        },
        "isLocked": false
      }
    },
    {
      "type": "Feature",
      "id": "patch_57030_45624",
      "geometry": {
        "type": "Polygon",
        "coordinates": [
          [
            [
              57030,
              45624
            ],
            [
              58931,
              45624
            ],
            [
              58931,
              47525
            ],
            [
              57030,
              47525
            ],
            [
              57030,
              45624
            ]
          ]
        ]
      },
      "properties": {
        "objectType": "annotation",
        "classification": {
          "name": "white",
          "color": [
            200,
            200,
            200
          ]
        },
        "isLocked": false
      }
    },
    {
      "type": "Feature",
      "id": "patch_5703_47525",
      "geometry": {
        "type": "Polygon",
        "coordinates": [
          [
            [
              5703,
              47525
            ],
            [
              7604,
              47525
            ],
            [
              7604,
              49426
            ],
            [
              5703,
              49426
            ],
            [
              5703,
              47525
            ]
          ]
        ]
      },
      "properties": {
        "objectType": "annotation",
        "classification": {
          "name": "background_e",
          "color": [
            255,
            182,
            193
          ]
        },
        "isLocked": false
      }
    },
    {
      "type": "Feature",
      "id": "patch_7604_47525",
      "geometry": {
        "type": "Polygon",
        "coordinates": [
          [
            [
              7604,
              47525
            ],
            [
              9505,
              47525
            ],
            [
              9505,
              49426
            ],
            [
              7604,
              49426
            ],
            [
              7604,
              47525
            ]
          ]
        ]
      },
      "properties": {
        "objectType": "annotation",
        "classification": {
          "name": "background_e",
          "color": [
            255,
            182,
            193
          ]
        },
        "isLocked": false
      }
    },
    {
      "type": "Feature",
      "id": "patch_9505_47525",
      "geometry": {
        "type": "Polygon",
        "coordinates": [
          [
            [
              9505,
              47525
            ],
            [
              11406,
              47525
            ],
            [
              11406,
              49426
            ],
            [
              9505,
              49426
            ],
            [
              9505,
              47525
            ]
          ]
        ]
      },
      "properties": {
        "objectType": "annotation",
        "classification": {
          "name": "background_e",
          "color": [
            255,
            182,
            193
          ]
        },
        "isLocked": false
      }
    },
    {
      "type": "Feature",
      "id": "patch_11406_47525",
      "geometry": {
        "type": "Polygon",
        "coordinates": [
          [
            [
              11406,
              47525
            ],
            [
              13307,
              47525
            ],
            [
              13307,
              49426
            ],
            [
              11406,
              49426
            ],
            [
              11406,
              47525
            ]
          ]
        ]
      },
      "properties": {
        "objectType": "annotation",
        "classification": {
          "name": "vessel_e",
          "color": [
            255,
            0,
            0
          ]
        },
        "isLocked": false
      }
    },
    {
      "type": "Feature",
      "id": "patch_13307_47525",
      "geometry": {
        "type": "Polygon",
        "coordinates": [
          [
            [
              13307,
              47525
            ],
            [
              15208,
              47525
            ],
            [
              15208,
              49426
            ],
            [
              13307,
              49426
            ],
            [
              13307,
              47525
            ]
          ]
        ]
      },
      "properties": {
        "objectType": "annotation",
        "classification": {
          "name": "background_e",
          "color": [
            255,
            182,
            193
          ]
        },
        "isLocked": false
      }
    },
    {
      "type": "Feature",
      "id": "patch_15208_47525",
      "geometry": {
        "type": "Polygon",
        "coordinates": [
          [
            [
              15208,
              47525
            ],
            [
              17109,
              47525
            ],
            [
              17109,
              49426
            ],
            [
              15208,
              49426
            ],
            [
              15208,
              47525
            ]
          ]
        ]
      },
      "properties": {
        "objectType": "annotation",
        "classification": {
          "name": "background_e",
          "color": [
            255,
            182,
            193
          ]
        },
        "isLocked": false
      }
    },
    {
      "type": "Feature",
      "id": "patch_17109_47525",
      "geometry": {
        "type": "Polygon",
        "coordinates": [
          [
            [
              17109,
              47525
            ],
            [
              19010,
              47525
            ],
            [
              19010,
              49426
            ],
            [
              17109,
              49426
            ],
            [
              17109,
              47525
            ]
          ]
        ]
      },
      "properties": {
        "objectType": "annotation",
        "classification": {
          "name": "background_e",
          "color": [
            255,
            182,
            193
          ]
        },
        "isLocked": false
      }
    },
    {
      "type": "Feature",
      "id": "patch_19010_47525",
      "geometry": {
        "type": "Polygon",
        "coordinates": [
          [
            [
              19010,
              47525
            ],
            [
              20911,
              47525
            ],
            [
              20911,
              49426
            ],
            [
              19010,
              49426
            ],
            [
              19010,
              47525
            ]
          ]
        ]
      },
      "properties": {
        "objectType": "annotation",
        "classification": {
          "name": "background_e",
          "color": [
            255,
            182,
            193
          ]
        },
        "isLocked": false
      }
    },
    {
      "type": "Feature",
      "id": "patch_20911_47525",
      "geometry": {
        "type": "Polygon",
        "coordinates": [
          [
            [
              20911,
              47525
            ],
            [
              22812,
              47525
            ],
            [
              22812,
              49426
            ],
            [
              20911,
              49426
            ],
            [
              20911,
              47525
            ]
          ]
        ]
      },
      "properties": {
        "objectType": "annotation",
        "classification": {
          "name": "background_e",
          "color": [
            255,
            182,
            193
          ]
        },
        "isLocked": false
      }
    },
    {
      "type": "Feature",
      "id": "patch_22812_47525",
      "geometry": {
        "type": "Polygon",
        "coordinates": [
          [
            [
              22812,
              47525
            ],
            [
              24713,
              47525
            ],
            [
              24713,
              49426
            ],
            [
              22812,
              49426
            ],
            [
              22812,
              47525
            ]
          ]
        ]
      },
      "properties": {
        "objectType": "annotation",
        "classification": {
          "name": "vessel_h",
          "color": [
            128,
            0,
            128
          ]
        },
        "isLocked": false
      }
    },
    {
      "type": "Feature",
      "id": "patch_24713_47525",
      "geometry": {
        "type": "Polygon",
        "coordinates": [
          [
            [
              24713,
              47525
            ],
            [
              26614,
              47525
            ],
            [
              26614,
              49426
            ],
            [
              24713,
              49426
            ],
            [
              24713,
              47525
            ]
          ]
        ]
      },
      "properties": {
        "objectType": "annotation",
        "classification": {
          "name": "background_h",
          "color": [
            0,
            0,
            255
          ]
        },
        "isLocked": false
      }
    },
    {
      "type": "Feature",
      "id": "patch_26614_47525",
      "geometry": {
        "type": "Polygon",
        "coordinates": [
          [
            [
              26614,
              47525
            ],
            [
              28515,
              47525
            ],
            [
              28515,
              49426
            ],
            [
              26614,
              49426
            ],
            [
              26614,
              47525
            ]
          ]
        ]
      },
      "properties": {
        "objectType": "annotation",
        "classification": {
          "name": "background_e",
          "color": [
            255,
            182,
            193
          ]
        },
        "isLocked": false
      }
    },
    {
      "type": "Feature",
      "id": "patch_28515_47525",
      "geometry": {
        "type": "Polygon",
        "coordinates": [
          [
            [
              28515,
              47525
            ],
            [
              30416,
              47525
            ],
            [
              30416,
              49426
            ],
            [
              28515,
              49426
            ],
            [
              28515,
              47525
            ]
          ]
        ]
      },
      "properties": {
        "objectType": "annotation",
        "classification": {
          "name": "vessel_e",
          "color": [
            255,
            0,
            0
          ]
        },
        "isLocked": false
      }
    },
    {
      "type": "Feature",
      "id": "patch_30416_47525",
      "geometry": {
        "type": "Polygon",
        "coordinates": [
          [
            [
              30416,
              47525
            ],
            [
              32317,
              47525
            ],
            [
              32317,
              49426
            ],
            [
              30416,
              49426
            ],
            [
              30416,
              47525
            ]
          ]
        ]
      },
      "properties": {
        "objectType": "annotation",
        "classification": {
          "name": "background_e",
          "color": [
            255,
            182,
            193
          ]
        },
        "isLocked": false
      }
    },
    {
      "type": "Feature",
      "id": "patch_32317_47525",
      "geometry": {
        "type": "Polygon",
        "coordinates": [
          [
            [
              32317,
              47525
            ],
            [
              34218,
              47525
            ],
            [
              34218,
              49426
            ],
            [
              32317,
              49426
            ],
            [
              32317,
              47525
            ]
          ]
        ]
      },
      "properties": {
        "objectType": "annotation",
        "classification": {
          "name": "background_e",
          "color": [
            255,
            182,
            193
          ]
        },
        "isLocked": false
      }
    },
    {
      "type": "Feature",
      "id": "patch_34218_47525",
      "geometry": {
        "type": "Polygon",
        "coordinates": [
          [
            [
              34218,
              47525
            ],
            [
              36119,
              47525
            ],
            [
              36119,
              49426
            ],
            [
              34218,
              49426
            ],
            [
              34218,
              47525
            ]
          ]
        ]
      },
      "properties": {
        "objectType": "annotation",
        "classification": {
          "name": "vessel_e",
          "color": [
            255,
            0,
            0
          ]
        },
        "isLocked": false
      }
    },
    {
      "type": "Feature",
      "id": "patch_36119_47525",
      "geometry": {
        "type": "Polygon",
        "coordinates": [
          [
            [
              36119,
              47525
            ],
            [
              38020,
              47525
            ],
            [
              38020,
              49426
            ],
            [
              36119,
              49426
            ],
            [
              36119,
              47525
            ]
          ]
        ]
      },
      "properties": {
        "objectType": "annotation",
        "classification": {
          "name": "background_e",
          "color": [
            255,
            182,
            193
          ]
        },
        "isLocked": false
      }
    },
    {
      "type": "Feature",
      "id": "patch_38020_47525",
      "geometry": {
        "type": "Polygon",
        "coordinates": [
          [
            [
              38020,
              47525
            ],
            [
              39921,
              47525
            ],
            [
              39921,
              49426
            ],
            [
              38020,
              49426
            ],
            [
              38020,
              47525
            ]
          ]
        ]
      },
      "properties": {
        "objectType": "annotation",
        "classification": {
          "name": "background_e",
          "color": [
            255,
            182,
            193
          ]
        },
        "isLocked": false
      }
    },
    {
      "type": "Feature",
      "id": "patch_39921_47525",
      "geometry": {
        "type": "Polygon",
        "coordinates": [
          [
            [
              39921,
              47525
            ],
            [
              41822,
              47525
            ],
            [
              41822,
              49426
            ],
            [
              39921,
              49426
            ],
            [
              39921,
              47525
            ]
          ]
        ]
      },
      "properties": {
        "objectType": "annotation",
        "classification": {
          "name": "background_e",
          "color": [
            255,
            182,
            193
          ]
        },
        "isLocked": false
      }
    },
    {
      "type": "Feature",
      "id": "patch_41822_47525",
      "geometry": {
        "type": "Polygon",
        "coordinates": [
          [
            [
              41822,
              47525
            ],
            [
              43723,
              47525
            ],
            [
              43723,
              49426
            ],
            [
              41822,
              49426
            ],
            [
              41822,
              47525
            ]
          ]
        ]
      },
      "properties": {
        "objectType": "annotation",
        "classification": {
          "name": "background_e",
          "color": [
            255,
            182,
            193
          ]
        },
        "isLocked": false
      }
    },
    {
      "type": "Feature",
      "id": "patch_43723_47525",
      "geometry": {
        "type": "Polygon",
        "coordinates": [
          [
            [
              43723,
              47525
            ],
            [
              45624,
              47525
            ],
            [
              45624,
              49426
            ],
            [
              43723,
              49426
            ],
            [
              43723,
              47525
            ]
          ]
        ]
      },
      "properties": {
        "objectType": "annotation",
        "classification": {
          "name": "background_e",
          "color": [
            255,
            182,
            193
          ]
        },
        "isLocked": false
      }
    },
    {
      "type": "Feature",
      "id": "patch_45624_47525",
      "geometry": {
        "type": "Polygon",
        "coordinates": [
          [
            [
              45624,
              47525
            ],
            [
              47525,
              47525
            ],
            [
              47525,
              49426
            ],
            [
              45624,
              49426
            ],
            [
              45624,
              47525
            ]
          ]
        ]
      },
      "properties": {
        "objectType": "annotation",
        "classification": {
          "name": "background_e",
          "color": [
            255,
            182,
            193
          ]
        },
        "isLocked": false
      }
    },
    {
      "type": "Feature",
      "id": "patch_47525_47525",
      "geometry": {
        "type": "Polygon",
        "coordinates": [
          [
            [
              47525,
              47525
            ],
            [
              49426,
              47525
            ],
            [
              49426,
              49426
            ],
            [
              47525,
              49426
            ],
            [
              47525,
              47525
            ]
          ]
        ]
      },
      "properties": {
        "objectType": "annotation",
        "classification": {
          "name": "white",
          "color": [
            200,
            200,
            200
          ]
        },
        "isLocked": false
      }
    },
    {
      "type": "Feature",
      "id": "patch_49426_47525",
      "geometry": {
        "type": "Polygon",
        "coordinates": [
          [
            [
              49426,
              47525
            ],
            [
              51327,
              47525
            ],
            [
              51327,
              49426
            ],
            [
              49426,
              49426
            ],
            [
              49426,
              47525
            ]
          ]
        ]
      },
      "properties": {
        "objectType": "annotation",
        "classification": {
          "name": "white",
          "color": [
            200,
            200,
            200
          ]
        },
        "isLocked": false
      }
    },
    {
      "type": "Feature",
      "id": "patch_51327_47525",
      "geometry": {
        "type": "Polygon",
        "coordinates": [
          [
            [
              51327,
              47525
            ],
            [
              53228,
              47525
            ],
            [
              53228,
              49426
            ],
            [
              51327,
              49426
            ],
            [
              51327,
              47525
            ]
          ]
        ]
      },
      "properties": {
        "objectType": "annotation",
        "classification": {
          "name": "background_e",
          "color": [
            255,
            182,
            193
          ]
        },
        "isLocked": false
      }
    },
    {
      "type": "Feature",
      "id": "patch_53228_47525",
      "geometry": {
        "type": "Polygon",
        "coordinates": [
          [
            [
              53228,
              47525
            ],
            [
              55129,
              47525
            ],
            [
              55129,
              49426
            ],
            [
              53228,
              49426
            ],
            [
              53228,
              47525
            ]
          ]
        ]
      },
      "properties": {
        "objectType": "annotation",
        "classification": {
          "name": "background_e",
          "color": [
            255,
            182,
            193
          ]
        },
        "isLocked": false
      }
    },
    {
      "type": "Feature",
      "id": "patch_7604_49426",
      "geometry": {
        "type": "Polygon",
        "coordinates": [
          [
            [
              7604,
              49426
            ],
            [
              9505,
              49426
            ],
            [
              9505,
              51327
            ],
            [
              7604,
              51327
            ],
            [
              7604,
              49426
            ]
          ]
        ]
      },
      "properties": {
        "objectType": "annotation",
        "classification": {
          "name": "background_e",
          "color": [
            255,
            182,
            193
          ]
        },
        "isLocked": false
      }
    },
    {
      "type": "Feature",
      "id": "patch_9505_49426",
      "geometry": {
        "type": "Polygon",
        "coordinates": [
          [
            [
              9505,
              49426
            ],
            [
              11406,
              49426
            ],
            [
              11406,
              51327
            ],
            [
              9505,
              51327
            ],
            [
              9505,
              49426
            ]
          ]
        ]
      },
      "properties": {
        "objectType": "annotation",
        "classification": {
          "name": "background_e",
          "color": [
            255,
            182,
            193
          ]
        },
        "isLocked": false
      }
    },
    {
      "type": "Feature",
      "id": "patch_11406_49426",
      "geometry": {
        "type": "Polygon",
        "coordinates": [
          [
            [
              11406,
              49426
            ],
            [
              13307,
              49426
            ],
            [
              13307,
              51327
            ],
            [
              11406,
              51327
            ],
            [
              11406,
              49426
            ]
          ]
        ]
      },
      "properties": {
        "objectType": "annotation",
        "classification": {
          "name": "background_e",
          "color": [
            255,
            182,
            193
          ]
        },
        "isLocked": false
      }
    },
    {
      "type": "Feature",
      "id": "patch_13307_49426",
      "geometry": {
        "type": "Polygon",
        "coordinates": [
          [
            [
              13307,
              49426
            ],
            [
              15208,
              49426
            ],
            [
              15208,
              51327
            ],
            [
              13307,
              51327
            ],
            [
              13307,
              49426
            ]
          ]
        ]
      },
      "properties": {
        "objectType": "annotation",
        "classification": {
          "name": "background_e",
          "color": [
            255,
            182,
            193
          ]
        },
        "isLocked": false
      }
    },
    {
      "type": "Feature",
      "id": "patch_15208_49426",
      "geometry": {
        "type": "Polygon",
        "coordinates": [
          [
            [
              15208,
              49426
            ],
            [
              17109,
              49426
            ],
            [
              17109,
              51327
            ],
            [
              15208,
              51327
            ],
            [
              15208,
              49426
            ]
          ]
        ]
      },
      "properties": {
        "objectType": "annotation",
        "classification": {
          "name": "background_e",
          "color": [
            255,
            182,
            193
          ]
        },
        "isLocked": false
      }
    },
    {
      "type": "Feature",
      "id": "patch_17109_49426",
      "geometry": {
        "type": "Polygon",
        "coordinates": [
          [
            [
              17109,
              49426
            ],
            [
              19010,
              49426
            ],
            [
              19010,
              51327
            ],
            [
              17109,
              51327
            ],
            [
              17109,
              49426
            ]
          ]
        ]
      },
      "properties": {
        "objectType": "annotation",
        "classification": {
          "name": "background_e",
          "color": [
            255,
            182,
            193
          ]
        },
        "isLocked": false
      }
    },
    {
      "type": "Feature",
      "id": "patch_19010_49426",
      "geometry": {
        "type": "Polygon",
        "coordinates": [
          [
            [
              19010,
              49426
            ],
            [
              20911,
              49426
            ],
            [
              20911,
              51327
            ],
            [
              19010,
              51327
            ],
            [
              19010,
              49426
            ]
          ]
        ]
      },
      "properties": {
        "objectType": "annotation",
        "classification": {
          "name": "background_e",
          "color": [
            255,
            182,
            193
          ]
        },
        "isLocked": false
      }
    },
    {
      "type": "Feature",
      "id": "patch_20911_49426",
      "geometry": {
        "type": "Polygon",
        "coordinates": [
          [
            [
              20911,
              49426
            ],
            [
              22812,
              49426
            ],
            [
              22812,
              51327
            ],
            [
              20911,
              51327
            ],
            [
              20911,
              49426
            ]
          ]
        ]
      },
      "properties": {
        "objectType": "annotation",
        "classification": {
          "name": "background_e",
          "color": [
            255,
            182,
            193
          ]
        },
        "isLocked": false
      }
    },
    {
      "type": "Feature",
      "id": "patch_22812_49426",
      "geometry": {
        "type": "Polygon",
        "coordinates": [
          [
            [
              22812,
              49426
            ],
            [
              24713,
              49426
            ],
            [
              24713,
              51327
            ],
            [
              22812,
              51327
            ],
            [
              22812,
              49426
            ]
          ]
        ]
      },
      "properties": {
        "objectType": "annotation",
        "classification": {
          "name": "background_e",
          "color": [
            255,
            182,
            193
          ]
        },
        "isLocked": false
      }
    },
    {
      "type": "Feature",
      "id": "patch_24713_49426",
      "geometry": {
        "type": "Polygon",
        "coordinates": [
          [
            [
              24713,
              49426
            ],
            [
              26614,
              49426
            ],
            [
              26614,
              51327
            ],
            [
              24713,
              51327
            ],
            [
              24713,
              49426
            ]
          ]
        ]
      },
      "properties": {
        "objectType": "annotation",
        "classification": {
          "name": "background_h",
          "color": [
            0,
            0,
            255
          ]
        },
        "isLocked": false
      }
    },
    {
      "type": "Feature",
      "id": "patch_26614_49426",
      "geometry": {
        "type": "Polygon",
        "coordinates": [
          [
            [
              26614,
              49426
            ],
            [
              28515,
              49426
            ],
            [
              28515,
              51327
            ],
            [
              26614,
              51327
            ],
            [
              26614,
              49426
            ]
          ]
        ]
      },
      "properties": {
        "objectType": "annotation",
        "classification": {
          "name": "vessel_h",
          "color": [
            128,
            0,
            128
          ]
        },
        "isLocked": false
      }
    },
    {
      "type": "Feature",
      "id": "patch_28515_49426",
      "geometry": {
        "type": "Polygon",
        "coordinates": [
          [
            [
              28515,
              49426
            ],
            [
              30416,
              49426
            ],
            [
              30416,
              51327
            ],
            [
              28515,
              51327
            ],
            [
              28515,
              49426
            ]
          ]
        ]
      },
      "properties": {
        "objectType": "annotation",
        "classification": {
          "name": "background_e",
          "color": [
            255,
            182,
            193
          ]
        },
        "isLocked": false
      }
    },
    {
      "type": "Feature",
      "id": "patch_30416_49426",
      "geometry": {
        "type": "Polygon",
        "coordinates": [
          [
            [
              30416,
              49426
            ],
            [
              32317,
              49426
            ],
            [
              32317,
              51327
            ],
            [
              30416,
              51327
            ],
            [
              30416,
              49426
            ]
          ]
        ]
      },
      "properties": {
        "objectType": "annotation",
        "classification": {
          "name": "background_e",
          "color": [
            255,
            182,
            193
          ]
        },
        "isLocked": false
      }
    },
    {
      "type": "Feature",
      "id": "patch_32317_49426",
      "geometry": {
        "type": "Polygon",
        "coordinates": [
          [
            [
              32317,
              49426
            ],
            [
              34218,
              49426
            ],
            [
              34218,
              51327
            ],
            [
              32317,
              51327
            ],
            [
              32317,
              49426
            ]
          ]
        ]
      },
      "properties": {
        "objectType": "annotation",
        "classification": {
          "name": "background_e",
          "color": [
            255,
            182,
            193
          ]
        },
        "isLocked": false
      }
    },
    {
      "type": "Feature",
      "id": "patch_34218_49426",
      "geometry": {
        "type": "Polygon",
        "coordinates": [
          [
            [
              34218,
              49426
            ],
            [
              36119,
              49426
            ],
            [
              36119,
              51327
            ],
            [
              34218,
              51327
            ],
            [
              34218,
              49426
            ]
          ]
        ]
      },
      "properties": {
        "objectType": "annotation",
        "classification": {
          "name": "background_e",
          "color": [
            255,
            182,
            193
          ]
        },
        "isLocked": false
      }
    },
    {
      "type": "Feature",
      "id": "patch_36119_49426",
      "geometry": {
        "type": "Polygon",
        "coordinates": [
          [
            [
              36119,
              49426
            ],
            [
              38020,
              49426
            ],
            [
              38020,
              51327
            ],
            [
              36119,
              51327
            ],
            [
              36119,
              49426
            ]
          ]
        ]
      },
      "properties": {
        "objectType": "annotation",
        "classification": {
          "name": "background_e",
          "color": [
            255,
            182,
            193
          ]
        },
        "isLocked": false
      }
    },
    {
      "type": "Feature",
      "id": "patch_38020_49426",
      "geometry": {
        "type": "Polygon",
        "coordinates": [
          [
            [
              38020,
              49426
            ],
            [
              39921,
              49426
            ],
            [
              39921,
              51327
            ],
            [
              38020,
              51327
            ],
            [
              38020,
              49426
            ]
          ]
        ]
      },
      "properties": {
        "objectType": "annotation",
        "classification": {
          "name": "background_e",
          "color": [
            255,
            182,
            193
          ]
        },
        "isLocked": false
      }
    },
    {
      "type": "Feature",
      "id": "patch_39921_49426",
      "geometry": {
        "type": "Polygon",
        "coordinates": [
          [
            [
              39921,
              49426
            ],
            [
              41822,
              49426
            ],
            [
              41822,
              51327
            ],
            [
              39921,
              51327
            ],
            [
              39921,
              49426
            ]
          ]
        ]
      },
      "properties": {
        "objectType": "annotation",
        "classification": {
          "name": "background_e",
          "color": [
            255,
            182,
            193
          ]
        },
        "isLocked": false
      }
    },
    {
      "type": "Feature",
      "id": "patch_41822_49426",
      "geometry": {
        "type": "Polygon",
        "coordinates": [
          [
            [
              41822,
              49426
            ],
            [
              43723,
              49426
            ],
            [
              43723,
              51327
            ],
            [
              41822,
              51327
            ],
            [
              41822,
              49426
            ]
          ]
        ]
      },
      "properties": {
        "objectType": "annotation",
        "classification": {
          "name": "background_e",
          "color": [
            255,
            182,
            193
          ]
        },
        "isLocked": false
      }
    },
    {
      "type": "Feature",
      "id": "patch_43723_49426",
      "geometry": {
        "type": "Polygon",
        "coordinates": [
          [
            [
              43723,
              49426
            ],
            [
              45624,
              49426
            ],
            [
              45624,
              51327
            ],
            [
              43723,
              51327
            ],
            [
              43723,
              49426
            ]
          ]
        ]
      },
      "properties": {
        "objectType": "annotation",
        "classification": {
          "name": "background_e",
          "color": [
            255,
            182,
            193
          ]
        },
        "isLocked": false
      }
    },
    {
      "type": "Feature",
      "id": "patch_45624_49426",
      "geometry": {
        "type": "Polygon",
        "coordinates": [
          [
            [
              45624,
              49426
            ],
            [
              47525,
              49426
            ],
            [
              47525,
              51327
            ],
            [
              45624,
              51327
            ],
            [
              45624,
              49426
            ]
          ]
        ]
      },
      "properties": {
        "objectType": "annotation",
        "classification": {
          "name": "background_e",
          "color": [
            255,
            182,
            193
          ]
        },
        "isLocked": false
      }
    },
    {
      "type": "Feature",
      "id": "patch_47525_49426",
      "geometry": {
        "type": "Polygon",
        "coordinates": [
          [
            [
              47525,
              49426
            ],
            [
              49426,
              49426
            ],
            [
              49426,
              51327
            ],
            [
              47525,
              51327
            ],
            [
              47525,
              49426
            ]
          ]
        ]
      },
      "properties": {
        "objectType": "annotation",
        "classification": {
          "name": "white",
          "color": [
            200,
            200,
            200
          ]
        },
        "isLocked": false
      }
    },
    {
      "type": "Feature",
      "id": "patch_49426_49426",
      "geometry": {
        "type": "Polygon",
        "coordinates": [
          [
            [
              49426,
              49426
            ],
            [
              51327,
              49426
            ],
            [
              51327,
              51327
            ],
            [
              49426,
              51327
            ],
            [
              49426,
              49426
            ]
          ]
        ]
      },
      "properties": {
        "objectType": "annotation",
        "classification": {
          "name": "vessel_e",
          "color": [
            255,
            0,
            0
          ]
        },
        "isLocked": false
      }
    },
    {
      "type": "Feature",
      "id": "patch_51327_49426",
      "geometry": {
        "type": "Polygon",
        "coordinates": [
          [
            [
              51327,
              49426
            ],
            [
              53228,
              49426
            ],
            [
              53228,
              51327
            ],
            [
              51327,
              51327
            ],
            [
              51327,
              49426
            ]
          ]
        ]
      },
      "properties": {
        "objectType": "annotation",
        "classification": {
          "name": "background_e",
          "color": [
            255,
            182,
            193
          ]
        },
        "isLocked": false
      }
    },
    {
      "type": "Feature",
      "id": "patch_53228_49426",
      "geometry": {
        "type": "Polygon",
        "coordinates": [
          [
            [
              53228,
              49426
            ],
            [
              55129,
              49426
            ],
            [
              55129,
              51327
            ],
            [
              53228,
              51327
            ],
            [
              53228,
              49426
            ]
          ]
        ]
      },
      "properties": {
        "objectType": "annotation",
        "classification": {
          "name": "background_e",
          "color": [
            255,
            182,
            193
          ]
        },
        "isLocked": false
      }
    },
    {
      "type": "Feature",
      "id": "patch_7604_51327",
      "geometry": {
        "type": "Polygon",
        "coordinates": [
          [
            [
              7604,
              51327
            ],
            [
              9505,
              51327
            ],
            [
              9505,
              53228
            ],
            [
              7604,
              53228
            ],
            [
              7604,
              51327
            ]
          ]
        ]
      },
      "properties": {
        "objectType": "annotation",
        "classification": {
          "name": "background_e",
          "color": [
            255,
            182,
            193
          ]
        },
        "isLocked": false
      }
    },
    {
      "type": "Feature",
      "id": "patch_9505_51327",
      "geometry": {
        "type": "Polygon",
        "coordinates": [
          [
            [
              9505,
              51327
            ],
            [
              11406,
              51327
            ],
            [
              11406,
              53228
            ],
            [
              9505,
              53228
            ],
            [
              9505,
              51327
            ]
          ]
        ]
      },
      "properties": {
        "objectType": "annotation",
        "classification": {
          "name": "background_e",
          "color": [
            255,
            182,
            193
          ]
        },
        "isLocked": false
      }
    },
    {
      "type": "Feature",
      "id": "patch_11406_51327",
      "geometry": {
        "type": "Polygon",
        "coordinates": [
          [
            [
              11406,
              51327
            ],
            [
              13307,
              51327
            ],
            [
              13307,
              53228
            ],
            [
              11406,
              53228
            ],
            [
              11406,
              51327
            ]
          ]
        ]
      },
      "properties": {
        "objectType": "annotation",
        "classification": {
          "name": "background_e",
          "color": [
            255,
            182,
            193
          ]
        },
        "isLocked": false
      }
    },
    {
      "type": "Feature",
      "id": "patch_13307_51327",
      "geometry": {
        "type": "Polygon",
        "coordinates": [
          [
            [
              13307,
              51327
            ],
            [
              15208,
              51327
            ],
            [
              15208,
              53228
            ],
            [
              13307,
              53228
            ],
            [
              13307,
              51327
            ]
          ]
        ]
      },
      "properties": {
        "objectType": "annotation",
        "classification": {
          "name": "background_e",
          "color": [
            255,
            182,
            193
          ]
        },
        "isLocked": false
      }
    },
    {
      "type": "Feature",
      "id": "patch_15208_51327",
      "geometry": {
        "type": "Polygon",
        "coordinates": [
          [
            [
              15208,
              51327
            ],
            [
              17109,
              51327
            ],
            [
              17109,
              53228
            ],
            [
              15208,
              53228
            ],
            [
              15208,
              51327
            ]
          ]
        ]
      },
      "properties": {
        "objectType": "annotation",
        "classification": {
          "name": "background_e",
          "color": [
            255,
            182,
            193
          ]
        },
        "isLocked": false
      }
    },
    {
      "type": "Feature",
      "id": "patch_17109_51327",
      "geometry": {
        "type": "Polygon",
        "coordinates": [
          [
            [
              17109,
              51327
            ],
            [
              19010,
              51327
            ],
            [
              19010,
              53228
            ],
            [
              17109,
              53228
            ],
            [
              17109,
              51327
            ]
          ]
        ]
      },
      "properties": {
        "objectType": "annotation",
        "classification": {
          "name": "background_e",
          "color": [
            255,
            182,
            193
          ]
        },
        "isLocked": false
      }
    },
    {
      "type": "Feature",
      "id": "patch_19010_51327",
      "geometry": {
        "type": "Polygon",
        "coordinates": [
          [
            [
              19010,
              51327
            ],
            [
              20911,
              51327
            ],
            [
              20911,
              53228
            ],
            [
              19010,
              53228
            ],
            [
              19010,
              51327
            ]
          ]
        ]
      },
      "properties": {
        "objectType": "annotation",
        "classification": {
          "name": "background_e",
          "color": [
            255,
            182,
            193
          ]
        },
        "isLocked": false
      }
    },
    {
      "type": "Feature",
      "id": "patch_20911_51327",
      "geometry": {
        "type": "Polygon",
        "coordinates": [
          [
            [
              20911,
              51327
            ],
            [
              22812,
              51327
            ],
            [
              22812,
              53228
            ],
            [
              20911,
              53228
            ],
            [
              20911,
              51327
            ]
          ]
        ]
      },
      "properties": {
        "objectType": "annotation",
        "classification": {
          "name": "background_e",
          "color": [
            255,
            182,
            193
          ]
        },
        "isLocked": false
      }
    },
    {
      "type": "Feature",
      "id": "patch_22812_51327",
      "geometry": {
        "type": "Polygon",
        "coordinates": [
          [
            [
              22812,
              51327
            ],
            [
              24713,
              51327
            ],
            [
              24713,
              53228
            ],
            [
              22812,
              53228
            ],
            [
              22812,
              51327
            ]
          ]
        ]
      },
      "properties": {
        "objectType": "annotation",
        "classification": {
          "name": "background_e",
          "color": [
            255,
            182,
            193
          ]
        },
        "isLocked": false
      }
    },
    {
      "type": "Feature",
      "id": "patch_24713_51327",
      "geometry": {
        "type": "Polygon",
        "coordinates": [
          [
            [
              24713,
              51327
            ],
            [
              26614,
              51327
            ],
            [
              26614,
              53228
            ],
            [
              24713,
              53228
            ],
            [
              24713,
              51327
            ]
          ]
        ]
      },
      "properties": {
        "objectType": "annotation",
        "classification": {
          "name": "vessel_h",
          "color": [
            128,
            0,
            128
          ]
        },
        "isLocked": false
      }
    },
    {
      "type": "Feature",
      "id": "patch_26614_51327",
      "geometry": {
        "type": "Polygon",
        "coordinates": [
          [
            [
              26614,
              51327
            ],
            [
              28515,
              51327
            ],
            [
              28515,
              53228
            ],
            [
              26614,
              53228
            ],
            [
              26614,
              51327
            ]
          ]
        ]
      },
      "properties": {
        "objectType": "annotation",
        "classification": {
          "name": "background_h",
          "color": [
            0,
            0,
            255
          ]
        },
        "isLocked": false
      }
    },
    {
      "type": "Feature",
      "id": "patch_28515_51327",
      "geometry": {
        "type": "Polygon",
        "coordinates": [
          [
            [
              28515,
              51327
            ],
            [
              30416,
              51327
            ],
            [
              30416,
              53228
            ],
            [
              28515,
              53228
            ],
            [
              28515,
              51327
            ]
          ]
        ]
      },
      "properties": {
        "objectType": "annotation",
        "classification": {
          "name": "background_h",
          "color": [
            0,
            0,
            255
          ]
        },
        "isLocked": false
      }
    },
    {
      "type": "Feature",
      "id": "patch_30416_51327",
      "geometry": {
        "type": "Polygon",
        "coordinates": [
          [
            [
              30416,
              51327
            ],
            [
              32317,
              51327
            ],
            [
              32317,
              53228
            ],
            [
              30416,
              53228
            ],
            [
              30416,
              51327
            ]
          ]
        ]
      },
      "properties": {
        "objectType": "annotation",
        "classification": {
          "name": "background_e",
          "color": [
            255,
            182,
            193
          ]
        },
        "isLocked": false
      }
    },
    {
      "type": "Feature",
      "id": "patch_32317_51327",
      "geometry": {
        "type": "Polygon",
        "coordinates": [
          [
            [
              32317,
              51327
            ],
            [
              34218,
              51327
            ],
            [
              34218,
              53228
            ],
            [
              32317,
              53228
            ],
            [
              32317,
              51327
            ]
          ]
        ]
      },
      "properties": {
        "objectType": "annotation",
        "classification": {
          "name": "background_e",
          "color": [
            255,
            182,
            193
          ]
        },
        "isLocked": false
      }
    },
    {
      "type": "Feature",
      "id": "patch_34218_51327",
      "geometry": {
        "type": "Polygon",
        "coordinates": [
          [
            [
              34218,
              51327
            ],
            [
              36119,
              51327
            ],
            [
              36119,
              53228
            ],
            [
              34218,
              53228
            ],
            [
              34218,
              51327
            ]
          ]
        ]
      },
      "properties": {
        "objectType": "annotation",
        "classification": {
          "name": "background_e",
          "color": [
            255,
            182,
            193
          ]
        },
        "isLocked": false
      }
    },
    {
      "type": "Feature",
      "id": "patch_36119_51327",
      "geometry": {
        "type": "Polygon",
        "coordinates": [
          [
            [
              36119,
              51327
            ],
            [
              38020,
              51327
            ],
            [
              38020,
              53228
            ],
            [
              36119,
              53228
            ],
            [
              36119,
              51327
            ]
          ]
        ]
      },
      "properties": {
        "objectType": "annotation",
        "classification": {
          "name": "background_e",
          "color": [
            255,
            182,
            193
          ]
        },
        "isLocked": false
      }
    },
    {
      "type": "Feature",
      "id": "patch_38020_51327",
      "geometry": {
        "type": "Polygon",
        "coordinates": [
          [
            [
              38020,
              51327
            ],
            [
              39921,
              51327
            ],
            [
              39921,
              53228
            ],
            [
              38020,
              53228
            ],
            [
              38020,
              51327
            ]
          ]
        ]
      },
      "properties": {
        "objectType": "annotation",
        "classification": {
          "name": "background_e",
          "color": [
            255,
            182,
            193
          ]
        },
        "isLocked": false
      }
    },
    {
      "type": "Feature",
      "id": "patch_39921_51327",
      "geometry": {
        "type": "Polygon",
        "coordinates": [
          [
            [
              39921,
              51327
            ],
            [
              41822,
              51327
            ],
            [
              41822,
              53228
            ],
            [
              39921,
              53228
            ],
            [
              39921,
              51327
            ]
          ]
        ]
      },
      "properties": {
        "objectType": "annotation",
        "classification": {
          "name": "background_e",
          "color": [
            255,
            182,
            193
          ]
        },
        "isLocked": false
      }
    },
    {
      "type": "Feature",
      "id": "patch_41822_51327",
      "geometry": {
        "type": "Polygon",
        "coordinates": [
          [
            [
              41822,
              51327
            ],
            [
              43723,
              51327
            ],
            [
              43723,
              53228
            ],
            [
              41822,
              53228
            ],
            [
              41822,
              51327
            ]
          ]
        ]
      },
      "properties": {
        "objectType": "annotation",
        "classification": {
          "name": "background_e",
          "color": [
            255,
            182,
            193
          ]
        },
        "isLocked": false
      }
    },
    {
      "type": "Feature",
      "id": "patch_43723_51327",
      "geometry": {
        "type": "Polygon",
        "coordinates": [
          [
            [
              43723,
              51327
            ],
            [
              45624,
              51327
            ],
            [
              45624,
              53228
            ],
            [
              43723,
              53228
            ],
            [
              43723,
              51327
            ]
          ]
        ]
      },
      "properties": {
        "objectType": "annotation",
        "classification": {
          "name": "background_e",
          "color": [
            255,
            182,
            193
          ]
        },
        "isLocked": false
      }
    },
    {
      "type": "Feature",
      "id": "patch_45624_51327",
      "geometry": {
        "type": "Polygon",
        "coordinates": [
          [
            [
              45624,
              51327
            ],
            [
              47525,
              51327
            ],
            [
              47525,
              53228
            ],
            [
              45624,
              53228
            ],
            [
              45624,
              51327
            ]
          ]
        ]
      },
      "properties": {
        "objectType": "annotation",
        "classification": {
          "name": "background_e",
          "color": [
            255,
            182,
            193
          ]
        },
        "isLocked": false
      }
    },
    {
      "type": "Feature",
      "id": "patch_47525_51327",
      "geometry": {
        "type": "Polygon",
        "coordinates": [
          [
            [
              47525,
              51327
            ],
            [
              49426,
              51327
            ],
            [
              49426,
              53228
            ],
            [
              47525,
              53228
            ],
            [
              47525,
              51327
            ]
          ]
        ]
      },
      "properties": {
        "objectType": "annotation",
        "classification": {
          "name": "background_e",
          "color": [
            255,
            182,
            193
          ]
        },
        "isLocked": false
      }
    },
    {
      "type": "Feature",
      "id": "patch_49426_51327",
      "geometry": {
        "type": "Polygon",
        "coordinates": [
          [
            [
              49426,
              51327
            ],
            [
              51327,
              51327
            ],
            [
              51327,
              53228
            ],
            [
              49426,
              53228
            ],
            [
              49426,
              51327
            ]
          ]
        ]
      },
      "properties": {
        "objectType": "annotation",
        "classification": {
          "name": "vessel_e",
          "color": [
            255,
            0,
            0
          ]
        },
        "isLocked": false
      }
    },
    {
      "type": "Feature",
      "id": "patch_51327_51327",
      "geometry": {
        "type": "Polygon",
        "coordinates": [
          [
            [
              51327,
              51327
            ],
            [
              53228,
              51327
            ],
            [
              53228,
              53228
            ],
            [
              51327,
              53228
            ],
            [
              51327,
              51327
            ]
          ]
        ]
      },
      "properties": {
        "objectType": "annotation",
        "classification": {
          "name": "white",
          "color": [
            200,
            200,
            200
          ]
        },
        "isLocked": false
      }
    },
    {
      "type": "Feature",
      "id": "patch_53228_51327",
      "geometry": {
        "type": "Polygon",
        "coordinates": [
          [
            [
              53228,
              51327
            ],
            [
              55129,
              51327
            ],
            [
              55129,
              53228
            ],
            [
              53228,
              53228
            ],
            [
              53228,
              51327
            ]
          ]
        ]
      },
      "properties": {
        "objectType": "annotation",
        "classification": {
          "name": "white",
          "color": [
            200,
            200,
            200
          ]
        },
        "isLocked": false
      }
    },
    {
      "type": "Feature",
      "id": "patch_9505_53228",
      "geometry": {
        "type": "Polygon",
        "coordinates": [
          [
            [
              9505,
              53228
            ],
            [
              11406,
              53228
            ],
            [
              11406,
              55129
            ],
            [
              9505,
              55129
            ],
            [
              9505,
              53228
            ]
          ]
        ]
      },
      "properties": {
        "objectType": "annotation",
        "classification": {
          "name": "white",
          "color": [
            200,
            200,
            200
          ]
        },
        "isLocked": false
      }
    },
    {
      "type": "Feature",
      "id": "patch_11406_53228",
      "geometry": {
        "type": "Polygon",
        "coordinates": [
          [
            [
              11406,
              53228
            ],
            [
              13307,
              53228
            ],
            [
              13307,
              55129
            ],
            [
              11406,
              55129
            ],
            [
              11406,
              53228
            ]
          ]
        ]
      },
      "properties": {
        "objectType": "annotation",
        "classification": {
          "name": "white",
          "color": [
            200,
            200,
            200
          ]
        },
        "isLocked": false
      }
    },
    {
      "type": "Feature",
      "id": "patch_17109_53228",
      "geometry": {
        "type": "Polygon",
        "coordinates": [
          [
            [
              17109,
              53228
            ],
            [
              19010,
              53228
            ],
            [
              19010,
              55129
            ],
            [
              17109,
              55129
            ],
            [
              17109,
              53228
            ]
          ]
        ]
      },
      "properties": {
        "objectType": "annotation",
        "classification": {
          "name": "background_e",
          "color": [
            255,
            182,
            193
          ]
        },
        "isLocked": false
      }
    },
    {
      "type": "Feature",
      "id": "patch_19010_53228",
      "geometry": {
        "type": "Polygon",
        "coordinates": [
          [
            [
              19010,
              53228
            ],
            [
              20911,
              53228
            ],
            [
              20911,
              55129
            ],
            [
              19010,
              55129
            ],
            [
              19010,
              53228
            ]
          ]
        ]
      },
      "properties": {
        "objectType": "annotation",
        "classification": {
          "name": "background_e",
          "color": [
            255,
            182,
            193
          ]
        },
        "isLocked": false
      }
    },
    {
      "type": "Feature",
      "id": "patch_20911_53228",
      "geometry": {
        "type": "Polygon",
        "coordinates": [
          [
            [
              20911,
              53228
            ],
            [
              22812,
              53228
            ],
            [
              22812,
              55129
            ],
            [
              20911,
              55129
            ],
            [
              20911,
              53228
            ]
          ]
        ]
      },
      "properties": {
        "objectType": "annotation",
        "classification": {
          "name": "background_e",
          "color": [
            255,
            182,
            193
          ]
        },
        "isLocked": false
      }
    },
    {
      "type": "Feature",
      "id": "patch_22812_53228",
      "geometry": {
        "type": "Polygon",
        "coordinates": [
          [
            [
              22812,
              53228
            ],
            [
              24713,
              53228
            ],
            [
              24713,
              55129
            ],
            [
              22812,
              55129
            ],
            [
              22812,
              53228
            ]
          ]
        ]
      },
      "properties": {
        "objectType": "annotation",
        "classification": {
          "name": "background_e",
          "color": [
            255,
            182,
            193
          ]
        },
        "isLocked": false
      }
    },
    {
      "type": "Feature",
      "id": "patch_24713_53228",
      "geometry": {
        "type": "Polygon",
        "coordinates": [
          [
            [
              24713,
              53228
            ],
            [
              26614,
              53228
            ],
            [
              26614,
              55129
            ],
            [
              24713,
              55129
            ],
            [
              24713,
              53228
            ]
          ]
        ]
      },
      "properties": {
        "objectType": "annotation",
        "classification": {
          "name": "background_e",
          "color": [
            255,
            182,
            193
          ]
        },
        "isLocked": false
      }
    },
    {
      "type": "Feature",
      "id": "patch_26614_53228",
      "geometry": {
        "type": "Polygon",
        "coordinates": [
          [
            [
              26614,
              53228
            ],
            [
              28515,
              53228
            ],
            [
              28515,
              55129
            ],
            [
              26614,
              55129
            ],
            [
              26614,
              53228
            ]
          ]
        ]
      },
      "properties": {
        "objectType": "annotation",
        "classification": {
          "name": "background_e",
          "color": [
            255,
            182,
            193
          ]
        },
        "isLocked": false
      }
    },
    {
      "type": "Feature",
      "id": "patch_28515_53228",
      "geometry": {
        "type": "Polygon",
        "coordinates": [
          [
            [
              28515,
              53228
            ],
            [
              30416,
              53228
            ],
            [
              30416,
              55129
            ],
            [
              28515,
              55129
            ],
            [
              28515,
              53228
            ]
          ]
        ]
      },
      "properties": {
        "objectType": "annotation",
        "classification": {
          "name": "background_h",
          "color": [
            0,
            0,
            255
          ]
        },
        "isLocked": false
      }
    },
    {
      "type": "Feature",
      "id": "patch_30416_53228",
      "geometry": {
        "type": "Polygon",
        "coordinates": [
          [
            [
              30416,
              53228
            ],
            [
              32317,
              53228
            ],
            [
              32317,
              55129
            ],
            [
              30416,
              55129
            ],
            [
              30416,
              53228
            ]
          ]
        ]
      },
      "properties": {
        "objectType": "annotation",
        "classification": {
          "name": "background_h",
          "color": [
            0,
            0,
            255
          ]
        },
        "isLocked": false
      }
    },
    {
      "type": "Feature",
      "id": "patch_32317_53228",
      "geometry": {
        "type": "Polygon",
        "coordinates": [
          [
            [
              32317,
              53228
            ],
            [
              34218,
              53228
            ],
            [
              34218,
              55129
            ],
            [
              32317,
              55129
            ],
            [
              32317,
              53228
            ]
          ]
        ]
      },
      "properties": {
        "objectType": "annotation",
        "classification": {
          "name": "background_e",
          "color": [
            255,
            182,
            193
          ]
        },
        "isLocked": false
      }
    },
    {
      "type": "Feature",
      "id": "patch_34218_53228",
      "geometry": {
        "type": "Polygon",
        "coordinates": [
          [
            [
              34218,
              53228
            ],
            [
              36119,
              53228
            ],
            [
              36119,
              55129
            ],
            [
              34218,
              55129
            ],
            [
              34218,
              53228
            ]
          ]
        ]
      },
      "properties": {
        "objectType": "annotation",
        "classification": {
          "name": "background_e",
          "color": [
            255,
            182,
            193
          ]
        },
        "isLocked": false
      }
    },
    {
      "type": "Feature",
      "id": "patch_36119_53228",
      "geometry": {
        "type": "Polygon",
        "coordinates": [
          [
            [
              36119,
              53228
            ],
            [
              38020,
              53228
            ],
            [
              38020,
              55129
            ],
            [
              36119,
              55129
            ],
            [
              36119,
              53228
            ]
          ]
        ]
      },
      "properties": {
        "objectType": "annotation",
        "classification": {
          "name": "background_e",
          "color": [
            255,
            182,
            193
          ]
        },
        "isLocked": false
      }
    },
    {
      "type": "Feature",
      "id": "patch_38020_53228",
      "geometry": {
        "type": "Polygon",
        "coordinates": [
          [
            [
              38020,
              53228
            ],
            [
              39921,
              53228
            ],
            [
              39921,
              55129
            ],
            [
              38020,
              55129
            ],
            [
              38020,
              53228
            ]
          ]
        ]
      },
      "properties": {
        "objectType": "annotation",
        "classification": {
          "name": "background_e",
          "color": [
            255,
            182,
            193
          ]
        },
        "isLocked": false
      }
    },
    {
      "type": "Feature",
      "id": "patch_39921_53228",
      "geometry": {
        "type": "Polygon",
        "coordinates": [
          [
            [
              39921,
              53228
            ],
            [
              41822,
              53228
            ],
            [
              41822,
              55129
            ],
            [
              39921,
              55129
            ],
            [
              39921,
              53228
            ]
          ]
        ]
      },
      "properties": {
        "objectType": "annotation",
        "classification": {
          "name": "background_e",
          "color": [
            255,
            182,
            193
          ]
        },
        "isLocked": false
      }
    },
    {
      "type": "Feature",
      "id": "patch_41822_53228",
      "geometry": {
        "type": "Polygon",
        "coordinates": [
          [
            [
              41822,
              53228
            ],
            [
              43723,
              53228
            ],
            [
              43723,
              55129
            ],
            [
              41822,
              55129
            ],
            [
              41822,
              53228
            ]
          ]
        ]
      },
      "properties": {
        "objectType": "annotation",
        "classification": {
          "name": "background_e",
          "color": [
            255,
            182,
            193
          ]
        },
        "isLocked": false
      }
    },
    {
      "type": "Feature",
      "id": "patch_43723_53228",
      "geometry": {
        "type": "Polygon",
        "coordinates": [
          [
            [
              43723,
              53228
            ],
            [
              45624,
              53228
            ],
            [
              45624,
              55129
            ],
            [
              43723,
              55129
            ],
            [
              43723,
              53228
            ]
          ]
        ]
      },
      "properties": {
        "objectType": "annotation",
        "classification": {
          "name": "background_e",
          "color": [
            255,
            182,
            193
          ]
        },
        "isLocked": false
      }
    },
    {
      "type": "Feature",
      "id": "patch_45624_53228",
      "geometry": {
        "type": "Polygon",
        "coordinates": [
          [
            [
              45624,
              53228
            ],
            [
              47525,
              53228
            ],
            [
              47525,
              55129
            ],
            [
              45624,
              55129
            ],
            [
              45624,
              53228
            ]
          ]
        ]
      },
      "properties": {
        "objectType": "annotation",
        "classification": {
          "name": "background_e",
          "color": [
            255,
            182,
            193
          ]
        },
        "isLocked": false
      }
    },
    {
      "type": "Feature",
      "id": "patch_47525_53228",
      "geometry": {
        "type": "Polygon",
        "coordinates": [
          [
            [
              47525,
              53228
            ],
            [
              49426,
              53228
            ],
            [
              49426,
              55129
            ],
            [
              47525,
              55129
            ],
            [
              47525,
              53228
            ]
          ]
        ]
      },
      "properties": {
        "objectType": "annotation",
        "classification": {
          "name": "background_e",
          "color": [
            255,
            182,
            193
          ]
        },
        "isLocked": false
      }
    },
    {
      "type": "Feature",
      "id": "patch_49426_53228",
      "geometry": {
        "type": "Polygon",
        "coordinates": [
          [
            [
              49426,
              53228
            ],
            [
              51327,
              53228
            ],
            [
              51327,
              55129
            ],
            [
              49426,
              55129
            ],
            [
              49426,
              53228
            ]
          ]
        ]
      },
      "properties": {
        "objectType": "annotation",
        "classification": {
          "name": "vessel_e",
          "color": [
            255,
            0,
            0
          ]
        },
        "isLocked": false
      }
    },
    {
      "type": "Feature",
      "id": "patch_55129_53228",
      "geometry": {
        "type": "Polygon",
        "coordinates": [
          [
            [
              55129,
              53228
            ],
            [
              57030,
              53228
            ],
            [
              57030,
              55129
            ],
            [
              55129,
              55129
            ],
            [
              55129,
              53228
            ]
          ]
        ]
      },
      "properties": {
        "objectType": "annotation",
        "classification": {
          "name": "white",
          "color": [
            200,
            200,
            200
          ]
        },
        "isLocked": false
      }
    },
    {
      "type": "Feature",
      "id": "patch_17109_55129",
      "geometry": {
        "type": "Polygon",
        "coordinates": [
          [
            [
              17109,
              55129
            ],
            [
              19010,
              55129
            ],
            [
              19010,
              57030
            ],
            [
              17109,
              57030
            ],
            [
              17109,
              55129
            ]
          ]
        ]
      },
      "properties": {
        "objectType": "annotation",
        "classification": {
          "name": "background_e",
          "color": [
            255,
            182,
            193
          ]
        },
        "isLocked": false
      }
    },
    {
      "type": "Feature",
      "id": "patch_19010_55129",
      "geometry": {
        "type": "Polygon",
        "coordinates": [
          [
            [
              19010,
              55129
            ],
            [
              20911,
              55129
            ],
            [
              20911,
              57030
            ],
            [
              19010,
              57030
            ],
            [
              19010,
              55129
            ]
          ]
        ]
      },
      "properties": {
        "objectType": "annotation",
        "classification": {
          "name": "background_e",
          "color": [
            255,
            182,
            193
          ]
        },
        "isLocked": false
      }
    },
    {
      "type": "Feature",
      "id": "patch_20911_55129",
      "geometry": {
        "type": "Polygon",
        "coordinates": [
          [
            [
              20911,
              55129
            ],
            [
              22812,
              55129
            ],
            [
              22812,
              57030
            ],
            [
              20911,
              57030
            ],
            [
              20911,
              55129
            ]
          ]
        ]
      },
      "properties": {
        "objectType": "annotation",
        "classification": {
          "name": "background_e",
          "color": [
            255,
            182,
            193
          ]
        },
        "isLocked": false
      }
    },
    {
      "type": "Feature",
      "id": "patch_22812_55129",
      "geometry": {
        "type": "Polygon",
        "coordinates": [
          [
            [
              22812,
              55129
            ],
            [
              24713,
              55129
            ],
            [
              24713,
              57030
            ],
            [
              22812,
              57030
            ],
            [
              22812,
              55129
            ]
          ]
        ]
      },
      "properties": {
        "objectType": "annotation",
        "classification": {
          "name": "background_e",
          "color": [
            255,
            182,
            193
          ]
        },
        "isLocked": false
      }
    },
    {
      "type": "Feature",
      "id": "patch_24713_55129",
      "geometry": {
        "type": "Polygon",
        "coordinates": [
          [
            [
              24713,
              55129
            ],
            [
              26614,
              55129
            ],
            [
              26614,
              57030
            ],
            [
              24713,
              57030
            ],
            [
              24713,
              55129
            ]
          ]
        ]
      },
      "properties": {
        "objectType": "annotation",
        "classification": {
          "name": "background_e",
          "color": [
            255,
            182,
            193
          ]
        },
        "isLocked": false
      }
    },
    {
      "type": "Feature",
      "id": "patch_26614_55129",
      "geometry": {
        "type": "Polygon",
        "coordinates": [
          [
            [
              26614,
              55129
            ],
            [
              28515,
              55129
            ],
            [
              28515,
              57030
            ],
            [
              26614,
              57030
            ],
            [
              26614,
              55129
            ]
          ]
        ]
      },
      "properties": {
        "objectType": "annotation",
        "classification": {
          "name": "background_e",
          "color": [
            255,
            182,
            193
          ]
        },
        "isLocked": false
      }
    },
    {
      "type": "Feature",
      "id": "patch_28515_55129",
      "geometry": {
        "type": "Polygon",
        "coordinates": [
          [
            [
              28515,
              55129
            ],
            [
              30416,
              55129
            ],
            [
              30416,
              57030
            ],
            [
              28515,
              57030
            ],
            [
              28515,
              55129
            ]
          ]
        ]
      },
      "properties": {
        "objectType": "annotation",
        "classification": {
          "name": "background_e",
          "color": [
            255,
            182,
            193
          ]
        },
        "isLocked": false
      }
    },
    {
      "type": "Feature",
      "id": "patch_30416_55129",
      "geometry": {
        "type": "Polygon",
        "coordinates": [
          [
            [
              30416,
              55129
            ],
            [
              32317,
              55129
            ],
            [
              32317,
              57030
            ],
            [
              30416,
              57030
            ],
            [
              30416,
              55129
            ]
          ]
        ]
      },
      "properties": {
        "objectType": "annotation",
        "classification": {
          "name": "background_e",
          "color": [
            255,
            182,
            193
          ]
        },
        "isLocked": false
      }
    },
    {
      "type": "Feature",
      "id": "patch_32317_55129",
      "geometry": {
        "type": "Polygon",
        "coordinates": [
          [
            [
              32317,
              55129
            ],
            [
              34218,
              55129
            ],
            [
              34218,
              57030
            ],
            [
              32317,
              57030
            ],
            [
              32317,
              55129
            ]
          ]
        ]
      },
      "properties": {
        "objectType": "annotation",
        "classification": {
          "name": "background_e",
          "color": [
            255,
            182,
            193
          ]
        },
        "isLocked": false
      }
    },
    {
      "type": "Feature",
      "id": "patch_34218_55129",
      "geometry": {
        "type": "Polygon",
        "coordinates": [
          [
            [
              34218,
              55129
            ],
            [
              36119,
              55129
            ],
            [
              36119,
              57030
            ],
            [
              34218,
              57030
            ],
            [
              34218,
              55129
            ]
          ]
        ]
      },
      "properties": {
        "objectType": "annotation",
        "classification": {
          "name": "background_e",
          "color": [
            255,
            182,
            193
          ]
        },
        "isLocked": false
      }
    },
    {
      "type": "Feature",
      "id": "patch_36119_55129",
      "geometry": {
        "type": "Polygon",
        "coordinates": [
          [
            [
              36119,
              55129
            ],
            [
              38020,
              55129
            ],
            [
              38020,
              57030
            ],
            [
              36119,
              57030
            ],
            [
              36119,
              55129
            ]
          ]
        ]
      },
      "properties": {
        "objectType": "annotation",
        "classification": {
          "name": "vessel_e",
          "color": [
            255,
            0,
            0
          ]
        },
        "isLocked": false
      }
    },
    {
      "type": "Feature",
      "id": "patch_38020_55129",
      "geometry": {
        "type": "Polygon",
        "coordinates": [
          [
            [
              38020,
              55129
            ],
            [
              39921,
              55129
            ],
            [
              39921,
              57030
            ],
            [
              38020,
              57030
            ],
            [
              38020,
              55129
            ]
          ]
        ]
      },
      "properties": {
        "objectType": "annotation",
        "classification": {
          "name": "background_e",
          "color": [
            255,
            182,
            193
          ]
        },
        "isLocked": false
      }
    },
    {
      "type": "Feature",
      "id": "patch_39921_55129",
      "geometry": {
        "type": "Polygon",
        "coordinates": [
          [
            [
              39921,
              55129
            ],
            [
              41822,
              55129
            ],
            [
              41822,
              57030
            ],
            [
              39921,
              57030
            ],
            [
              39921,
              55129
            ]
          ]
        ]
      },
      "properties": {
        "objectType": "annotation",
        "classification": {
          "name": "background_e",
          "color": [
            255,
            182,
            193
          ]
        },
        "isLocked": false
      }
    },
    {
      "type": "Feature",
      "id": "patch_41822_55129",
      "geometry": {
        "type": "Polygon",
        "coordinates": [
          [
            [
              41822,
              55129
            ],
            [
              43723,
              55129
            ],
            [
              43723,
              57030
            ],
            [
              41822,
              57030
            ],
            [
              41822,
              55129
            ]
          ]
        ]
      },
      "properties": {
        "objectType": "annotation",
        "classification": {
          "name": "background_e",
          "color": [
            255,
            182,
            193
          ]
        },
        "isLocked": false
      }
    },
    {
      "type": "Feature",
      "id": "patch_43723_55129",
      "geometry": {
        "type": "Polygon",
        "coordinates": [
          [
            [
              43723,
              55129
            ],
            [
              45624,
              55129
            ],
            [
              45624,
              57030
            ],
            [
              43723,
              57030
            ],
            [
              43723,
              55129
            ]
          ]
        ]
      },
      "properties": {
        "objectType": "annotation",
        "classification": {
          "name": "background_e",
          "color": [
            255,
            182,
            193
          ]
        },
        "isLocked": false
      }
    },
    {
      "type": "Feature",
      "id": "patch_45624_55129",
      "geometry": {
        "type": "Polygon",
        "coordinates": [
          [
            [
              45624,
              55129
            ],
            [
              47525,
              55129
            ],
            [
              47525,
              57030
            ],
            [
              45624,
              57030
            ],
            [
              45624,
              55129
            ]
          ]
        ]
      },
      "properties": {
        "objectType": "annotation",
        "classification": {
          "name": "background_e",
          "color": [
            255,
            182,
            193
          ]
        },
        "isLocked": false
      }
    },
    {
      "type": "Feature",
      "id": "patch_47525_55129",
      "geometry": {
        "type": "Polygon",
        "coordinates": [
          [
            [
              47525,
              55129
            ],
            [
              49426,
              55129
            ],
            [
              49426,
              57030
            ],
            [
              47525,
              57030
            ],
            [
              47525,
              55129
            ]
          ]
        ]
      },
      "properties": {
        "objectType": "annotation",
        "classification": {
          "name": "background_e",
          "color": [
            255,
            182,
            193
          ]
        },
        "isLocked": false
      }
    },
    {
      "type": "Feature",
      "id": "patch_49426_55129",
      "geometry": {
        "type": "Polygon",
        "coordinates": [
          [
            [
              49426,
              55129
            ],
            [
              51327,
              55129
            ],
            [
              51327,
              57030
            ],
            [
              49426,
              57030
            ],
            [
              49426,
              55129
            ]
          ]
        ]
      },
      "properties": {
        "objectType": "annotation",
        "classification": {
          "name": "background_e",
          "color": [
            255,
            182,
            193
          ]
        },
        "isLocked": false
      }
    },
    {
      "type": "Feature",
      "id": "patch_51327_55129",
      "geometry": {
        "type": "Polygon",
        "coordinates": [
          [
            [
              51327,
              55129
            ],
            [
              53228,
              55129
            ],
            [
              53228,
              57030
            ],
            [
              51327,
              57030
            ],
            [
              51327,
              55129
            ]
          ]
        ]
      },
      "properties": {
        "objectType": "annotation",
        "classification": {
          "name": "white",
          "color": [
            200,
            200,
            200
          ]
        },
        "isLocked": false
      }
    },
    {
      "type": "Feature",
      "id": "patch_55129_55129",
      "geometry": {
        "type": "Polygon",
        "coordinates": [
          [
            [
              55129,
              55129
            ],
            [
              57030,
              55129
            ],
            [
              57030,
              57030
            ],
            [
              55129,
              57030
            ],
            [
              55129,
              55129
            ]
          ]
        ]
      },
      "properties": {
        "objectType": "annotation",
        "classification": {
          "name": "white",
          "color": [
            200,
            200,
            200
          ]
        },
        "isLocked": false
      }
    },
    {
      "type": "Feature",
      "id": "patch_19010_57030",
      "geometry": {
        "type": "Polygon",
        "coordinates": [
          [
            [
              19010,
              57030
            ],
            [
              20911,
              57030
            ],
            [
              20911,
              58931
            ],
            [
              19010,
              58931
            ],
            [
              19010,
              57030
            ]
          ]
        ]
      },
      "properties": {
        "objectType": "annotation",
        "classification": {
          "name": "background_e",
          "color": [
            255,
            182,
            193
          ]
        },
        "isLocked": false
      }
    },
    {
      "type": "Feature",
      "id": "patch_20911_57030",
      "geometry": {
        "type": "Polygon",
        "coordinates": [
          [
            [
              20911,
              57030
            ],
            [
              22812,
              57030
            ],
            [
              22812,
              58931
            ],
            [
              20911,
              58931
            ],
            [
              20911,
              57030
            ]
          ]
        ]
      },
      "properties": {
        "objectType": "annotation",
        "classification": {
          "name": "background_e",
          "color": [
            255,
            182,
            193
          ]
        },
        "isLocked": false
      }
    },
    {
      "type": "Feature",
      "id": "patch_22812_57030",
      "geometry": {
        "type": "Polygon",
        "coordinates": [
          [
            [
              22812,
              57030
            ],
            [
              24713,
              57030
            ],
            [
              24713,
              58931
            ],
            [
              22812,
              58931
            ],
            [
              22812,
              57030
            ]
          ]
        ]
      },
      "properties": {
        "objectType": "annotation",
        "classification": {
          "name": "background_e",
          "color": [
            255,
            182,
            193
          ]
        },
        "isLocked": false
      }
    },
    {
      "type": "Feature",
      "id": "patch_24713_57030",
      "geometry": {
        "type": "Polygon",
        "coordinates": [
          [
            [
              24713,
              57030
            ],
            [
              26614,
              57030
            ],
            [
              26614,
              58931
            ],
            [
              24713,
              58931
            ],
            [
              24713,
              57030
            ]
          ]
        ]
      },
      "properties": {
        "objectType": "annotation",
        "classification": {
          "name": "background_e",
          "color": [
            255,
            182,
            193
          ]
        },
        "isLocked": false
      }
    },
    {
      "type": "Feature",
      "id": "patch_26614_57030",
      "geometry": {
        "type": "Polygon",
        "coordinates": [
          [
            [
              26614,
              57030
            ],
            [
              28515,
              57030
            ],
            [
              28515,
              58931
            ],
            [
              26614,
              58931
            ],
            [
              26614,
              57030
            ]
          ]
        ]
      },
      "properties": {
        "objectType": "annotation",
        "classification": {
          "name": "background_e",
          "color": [
            255,
            182,
            193
          ]
        },
        "isLocked": false
      }
    },
    {
      "type": "Feature",
      "id": "patch_28515_57030",
      "geometry": {
        "type": "Polygon",
        "coordinates": [
          [
            [
              28515,
              57030
            ],
            [
              30416,
              57030
            ],
            [
              30416,
              58931
            ],
            [
              28515,
              58931
            ],
            [
              28515,
              57030
            ]
          ]
        ]
      },
      "properties": {
        "objectType": "annotation",
        "classification": {
          "name": "background_e",
          "color": [
            255,
            182,
            193
          ]
        },
        "isLocked": false
      }
    },
    {
      "type": "Feature",
      "id": "patch_30416_57030",
      "geometry": {
        "type": "Polygon",
        "coordinates": [
          [
            [
              30416,
              57030
            ],
            [
              32317,
              57030
            ],
            [
              32317,
              58931
            ],
            [
              30416,
              58931
            ],
            [
              30416,
              57030
            ]
          ]
        ]
      },
      "properties": {
        "objectType": "annotation",
        "classification": {
          "name": "background_e",
          "color": [
            255,
            182,
            193
          ]
        },
        "isLocked": false
      }
    },
    {
      "type": "Feature",
      "id": "patch_32317_57030",
      "geometry": {
        "type": "Polygon",
        "coordinates": [
          [
            [
              32317,
              57030
            ],
            [
              34218,
              57030
            ],
            [
              34218,
              58931
            ],
            [
              32317,
              58931
            ],
            [
              32317,
              57030
            ]
          ]
        ]
      },
      "properties": {
        "objectType": "annotation",
        "classification": {
          "name": "background_e",
          "color": [
            255,
            182,
            193
          ]
        },
        "isLocked": false
      }
    },
    {
      "type": "Feature",
      "id": "patch_34218_57030",
      "geometry": {
        "type": "Polygon",
        "coordinates": [
          [
            [
              34218,
              57030
            ],
            [
              36119,
              57030
            ],
            [
              36119,
              58931
            ],
            [
              34218,
              58931
            ],
            [
              34218,
              57030
            ]
          ]
        ]
      },
      "properties": {
        "objectType": "annotation",
        "classification": {
          "name": "background_e",
          "color": [
            255,
            182,
            193
          ]
        },
        "isLocked": false
      }
    },
    {
      "type": "Feature",
      "id": "patch_36119_57030",
      "geometry": {
        "type": "Polygon",
        "coordinates": [
          [
            [
              36119,
              57030
            ],
            [
              38020,
              57030
            ],
            [
              38020,
              58931
            ],
            [
              36119,
              58931
            ],
            [
              36119,
              57030
            ]
          ]
        ]
      },
      "properties": {
        "objectType": "annotation",
        "classification": {
          "name": "background_e",
          "color": [
            255,
            182,
            193
          ]
        },
        "isLocked": false
      }
    },
    {
      "type": "Feature",
      "id": "patch_38020_57030",
      "geometry": {
        "type": "Polygon",
        "coordinates": [
          [
            [
              38020,
              57030
            ],
            [
              39921,
              57030
            ],
            [
              39921,
              58931
            ],
            [
              38020,
              58931
            ],
            [
              38020,
              57030
            ]
          ]
        ]
      },
      "properties": {
        "objectType": "annotation",
        "classification": {
          "name": "background_e",
          "color": [
            255,
            182,
            193
          ]
        },
        "isLocked": false
      }
    },
    {
      "type": "Feature",
      "id": "patch_39921_57030",
      "geometry": {
        "type": "Polygon",
        "coordinates": [
          [
            [
              39921,
              57030
            ],
            [
              41822,
              57030
            ],
            [
              41822,
              58931
            ],
            [
              39921,
              58931
            ],
            [
              39921,
              57030
            ]
          ]
        ]
      },
      "properties": {
        "objectType": "annotation",
        "classification": {
          "name": "background_e",
          "color": [
            255,
            182,
            193
          ]
        },
        "isLocked": false
      }
    },
    {
      "type": "Feature",
      "id": "patch_41822_57030",
      "geometry": {
        "type": "Polygon",
        "coordinates": [
          [
            [
              41822,
              57030
            ],
            [
              43723,
              57030
            ],
            [
              43723,
              58931
            ],
            [
              41822,
              58931
            ],
            [
              41822,
              57030
            ]
          ]
        ]
      },
      "properties": {
        "objectType": "annotation",
        "classification": {
          "name": "background_e",
          "color": [
            255,
            182,
            193
          ]
        },
        "isLocked": false
      }
    },
    {
      "type": "Feature",
      "id": "patch_43723_57030",
      "geometry": {
        "type": "Polygon",
        "coordinates": [
          [
            [
              43723,
              57030
            ],
            [
              45624,
              57030
            ],
            [
              45624,
              58931
            ],
            [
              43723,
              58931
            ],
            [
              43723,
              57030
            ]
          ]
        ]
      },
      "properties": {
        "objectType": "annotation",
        "classification": {
          "name": "background_e",
          "color": [
            255,
            182,
            193
          ]
        },
        "isLocked": false
      }
    },
    {
      "type": "Feature",
      "id": "patch_45624_57030",
      "geometry": {
        "type": "Polygon",
        "coordinates": [
          [
            [
              45624,
              57030
            ],
            [
              47525,
              57030
            ],
            [
              47525,
              58931
            ],
            [
              45624,
              58931
            ],
            [
              45624,
              57030
            ]
          ]
        ]
      },
      "properties": {
        "objectType": "annotation",
        "classification": {
          "name": "background_e",
          "color": [
            255,
            182,
            193
          ]
        },
        "isLocked": false
      }
    },
    {
      "type": "Feature",
      "id": "patch_47525_57030",
      "geometry": {
        "type": "Polygon",
        "coordinates": [
          [
            [
              47525,
              57030
            ],
            [
              49426,
              57030
            ],
            [
              49426,
              58931
            ],
            [
              47525,
              58931
            ],
            [
              47525,
              57030
            ]
          ]
        ]
      },
      "properties": {
        "objectType": "annotation",
        "classification": {
          "name": "background_e",
          "color": [
            255,
            182,
            193
          ]
        },
        "isLocked": false
      }
    },
    {
      "type": "Feature",
      "id": "patch_49426_57030",
      "geometry": {
        "type": "Polygon",
        "coordinates": [
          [
            [
              49426,
              57030
            ],
            [
              51327,
              57030
            ],
            [
              51327,
              58931
            ],
            [
              49426,
              58931
            ],
            [
              49426,
              57030
            ]
          ]
        ]
      },
      "properties": {
        "objectType": "annotation",
        "classification": {
          "name": "background_e",
          "color": [
            255,
            182,
            193
          ]
        },
        "isLocked": false
      }
    },
    {
      "type": "Feature",
      "id": "patch_51327_57030",
      "geometry": {
        "type": "Polygon",
        "coordinates": [
          [
            [
              51327,
              57030
            ],
            [
              53228,
              57030
            ],
            [
              53228,
              58931
            ],
            [
              51327,
              58931
            ],
            [
              51327,
              57030
            ]
          ]
        ]
      },
      "properties": {
        "objectType": "annotation",
        "classification": {
          "name": "white",
          "color": [
            200,
            200,
            200
          ]
        },
        "isLocked": false
      }
    },
    {
      "type": "Feature",
      "id": "patch_20911_58931",
      "geometry": {
        "type": "Polygon",
        "coordinates": [
          [
            [
              20911,
              58931
            ],
            [
              22812,
              58931
            ],
            [
              22812,
              60832
            ],
            [
              20911,
              60832
            ],
            [
              20911,
              58931
            ]
          ]
        ]
      },
      "properties": {
        "objectType": "annotation",
        "classification": {
          "name": "background_e",
          "color": [
            255,
            182,
            193
          ]
        },
        "isLocked": false
      }
    },
    {
      "type": "Feature",
      "id": "patch_22812_58931",
      "geometry": {
        "type": "Polygon",
        "coordinates": [
          [
            [
              22812,
              58931
            ],
            [
              24713,
              58931
            ],
            [
              24713,
              60832
            ],
            [
              22812,
              60832
            ],
            [
              22812,
              58931
            ]
          ]
        ]
      },
      "properties": {
        "objectType": "annotation",
        "classification": {
          "name": "background_e",
          "color": [
            255,
            182,
            193
          ]
        },
        "isLocked": false
      }
    },
    {
      "type": "Feature",
      "id": "patch_24713_58931",
      "geometry": {
        "type": "Polygon",
        "coordinates": [
          [
            [
              24713,
              58931
            ],
            [
              26614,
              58931
            ],
            [
              26614,
              60832
            ],
            [
              24713,
              60832
            ],
            [
              24713,
              58931
            ]
          ]
        ]
      },
      "properties": {
        "objectType": "annotation",
        "classification": {
          "name": "background_e",
          "color": [
            255,
            182,
            193
          ]
        },
        "isLocked": false
      }
    },
    {
      "type": "Feature",
      "id": "patch_26614_58931",
      "geometry": {
        "type": "Polygon",
        "coordinates": [
          [
            [
              26614,
              58931
            ],
            [
              28515,
              58931
            ],
            [
              28515,
              60832
            ],
            [
              26614,
              60832
            ],
            [
              26614,
              58931
            ]
          ]
        ]
      },
      "properties": {
        "objectType": "annotation",
        "classification": {
          "name": "background_e",
          "color": [
            255,
            182,
            193
          ]
        },
        "isLocked": false
      }
    },
    {
      "type": "Feature",
      "id": "patch_28515_58931",
      "geometry": {
        "type": "Polygon",
        "coordinates": [
          [
            [
              28515,
              58931
            ],
            [
              30416,
              58931
            ],
            [
              30416,
              60832
            ],
            [
              28515,
              60832
            ],
            [
              28515,
              58931
            ]
          ]
        ]
      },
      "properties": {
        "objectType": "annotation",
        "classification": {
          "name": "background_e",
          "color": [
            255,
            182,
            193
          ]
        },
        "isLocked": false
      }
    },
    {
      "type": "Feature",
      "id": "patch_30416_58931",
      "geometry": {
        "type": "Polygon",
        "coordinates": [
          [
            [
              30416,
              58931
            ],
            [
              32317,
              58931
            ],
            [
              32317,
              60832
            ],
            [
              30416,
              60832
            ],
            [
              30416,
              58931
            ]
          ]
        ]
      },
      "properties": {
        "objectType": "annotation",
        "classification": {
          "name": "background_e",
          "color": [
            255,
            182,
            193
          ]
        },
        "isLocked": false
      }
    },
    {
      "type": "Feature",
      "id": "patch_32317_58931",
      "geometry": {
        "type": "Polygon",
        "coordinates": [
          [
            [
              32317,
              58931
            ],
            [
              34218,
              58931
            ],
            [
              34218,
              60832
            ],
            [
              32317,
              60832
            ],
            [
              32317,
              58931
            ]
          ]
        ]
      },
      "properties": {
        "objectType": "annotation",
        "classification": {
          "name": "background_e",
          "color": [
            255,
            182,
            193
          ]
        },
        "isLocked": false
      }
    },
    {
      "type": "Feature",
      "id": "patch_34218_58931",
      "geometry": {
        "type": "Polygon",
        "coordinates": [
          [
            [
              34218,
              58931
            ],
            [
              36119,
              58931
            ],
            [
              36119,
              60832
            ],
            [
              34218,
              60832
            ],
            [
              34218,
              58931
            ]
          ]
        ]
      },
      "properties": {
        "objectType": "annotation",
        "classification": {
          "name": "background_e",
          "color": [
            255,
            182,
            193
          ]
        },
        "isLocked": false
      }
    },
    {
      "type": "Feature",
      "id": "patch_36119_58931",
      "geometry": {
        "type": "Polygon",
        "coordinates": [
          [
            [
              36119,
              58931
            ],
            [
              38020,
              58931
            ],
            [
              38020,
              60832
            ],
            [
              36119,
              60832
            ],
            [
              36119,
              58931
            ]
          ]
        ]
      },
      "properties": {
        "objectType": "annotation",
        "classification": {
          "name": "background_e",
          "color": [
            255,
            182,
            193
          ]
        },
        "isLocked": false
      }
    },
    {
      "type": "Feature",
      "id": "patch_38020_58931",
      "geometry": {
        "type": "Polygon",
        "coordinates": [
          [
            [
              38020,
              58931
            ],
            [
              39921,
              58931
            ],
            [
              39921,
              60832
            ],
            [
              38020,
              60832
            ],
            [
              38020,
              58931
            ]
          ]
        ]
      },
      "properties": {
        "objectType": "annotation",
        "classification": {
          "name": "vessel_e",
          "color": [
            255,
            0,
            0
          ]
        },
        "isLocked": false
      }
    },
    {
      "type": "Feature",
      "id": "patch_39921_58931",
      "geometry": {
        "type": "Polygon",
        "coordinates": [
          [
            [
              39921,
              58931
            ],
            [
              41822,
              58931
            ],
            [
              41822,
              60832
            ],
            [
              39921,
              60832
            ],
            [
              39921,
              58931
            ]
          ]
        ]
      },
      "properties": {
        "objectType": "annotation",
        "classification": {
          "name": "background_e",
          "color": [
            255,
            182,
            193
          ]
        },
        "isLocked": false
      }
    },
    {
      "type": "Feature",
      "id": "patch_41822_58931",
      "geometry": {
        "type": "Polygon",
        "coordinates": [
          [
            [
              41822,
              58931
            ],
            [
              43723,
              58931
            ],
            [
              43723,
              60832
            ],
            [
              41822,
              60832
            ],
            [
              41822,
              58931
            ]
          ]
        ]
      },
      "properties": {
        "objectType": "annotation",
        "classification": {
          "name": "background_e",
          "color": [
            255,
            182,
            193
          ]
        },
        "isLocked": false
      }
    },
    {
      "type": "Feature",
      "id": "patch_43723_58931",
      "geometry": {
        "type": "Polygon",
        "coordinates": [
          [
            [
              43723,
              58931
            ],
            [
              45624,
              58931
            ],
            [
              45624,
              60832
            ],
            [
              43723,
              60832
            ],
            [
              43723,
              58931
            ]
          ]
        ]
      },
      "properties": {
        "objectType": "annotation",
        "classification": {
          "name": "background_e",
          "color": [
            255,
            182,
            193
          ]
        },
        "isLocked": false
      }
    },
    {
      "type": "Feature",
      "id": "patch_45624_58931",
      "geometry": {
        "type": "Polygon",
        "coordinates": [
          [
            [
              45624,
              58931
            ],
            [
              47525,
              58931
            ],
            [
              47525,
              60832
            ],
            [
              45624,
              60832
            ],
            [
              45624,
              58931
            ]
          ]
        ]
      },
      "properties": {
        "objectType": "annotation",
        "classification": {
          "name": "vessel_e",
          "color": [
            255,
            0,
            0
          ]
        },
        "isLocked": false
      }
    },
    {
      "type": "Feature",
      "id": "patch_47525_58931",
      "geometry": {
        "type": "Polygon",
        "coordinates": [
          [
            [
              47525,
              58931
            ],
            [
              49426,
              58931
            ],
            [
              49426,
              60832
            ],
            [
              47525,
              60832
            ],
            [
              47525,
              58931
            ]
          ]
        ]
      },
      "properties": {
        "objectType": "annotation",
        "classification": {
          "name": "background_e",
          "color": [
            255,
            182,
            193
          ]
        },
        "isLocked": false
      }
    },
    {
      "type": "Feature",
      "id": "patch_49426_58931",
      "geometry": {
        "type": "Polygon",
        "coordinates": [
          [
            [
              49426,
              58931
            ],
            [
              51327,
              58931
            ],
            [
              51327,
              60832
            ],
            [
              49426,
              60832
            ],
            [
              49426,
              58931
            ]
          ]
        ]
      },
      "properties": {
        "objectType": "annotation",
        "classification": {
          "name": "background_e",
          "color": [
            255,
            182,
            193
          ]
        },
        "isLocked": false
      }
    },
    {
      "type": "Feature",
      "id": "patch_51327_58931",
      "geometry": {
        "type": "Polygon",
        "coordinates": [
          [
            [
              51327,
              58931
            ],
            [
              53228,
              58931
            ],
            [
              53228,
              60832
            ],
            [
              51327,
              60832
            ],
            [
              51327,
              58931
            ]
          ]
        ]
      },
      "properties": {
        "objectType": "annotation",
        "classification": {
          "name": "white",
          "color": [
            200,
            200,
            200
          ]
        },
        "isLocked": false
      }
    },
    {
      "type": "Feature",
      "id": "patch_53228_58931",
      "geometry": {
        "type": "Polygon",
        "coordinates": [
          [
            [
              53228,
              58931
            ],
            [
              55129,
              58931
            ],
            [
              55129,
              60832
            ],
            [
              53228,
              60832
            ],
            [
              53228,
              58931
            ]
          ]
        ]
      },
      "properties": {
        "objectType": "annotation",
        "classification": {
          "name": "white",
          "color": [
            200,
            200,
            200
          ]
        },
        "isLocked": false
      }
    },
    {
      "type": "Feature",
      "id": "patch_22812_60832",
      "geometry": {
        "type": "Polygon",
        "coordinates": [
          [
            [
              22812,
              60832
            ],
            [
              24713,
              60832
            ],
            [
              24713,
              62733
            ],
            [
              22812,
              62733
            ],
            [
              22812,
              60832
            ]
          ]
        ]
      },
      "properties": {
        "objectType": "annotation",
        "classification": {
          "name": "background_e",
          "color": [
            255,
            182,
            193
          ]
        },
        "isLocked": false
      }
    },
    {
      "type": "Feature",
      "id": "patch_24713_60832",
      "geometry": {
        "type": "Polygon",
        "coordinates": [
          [
            [
              24713,
              60832
            ],
            [
              26614,
              60832
            ],
            [
              26614,
              62733
            ],
            [
              24713,
              62733
            ],
            [
              24713,
              60832
            ]
          ]
        ]
      },
      "properties": {
        "objectType": "annotation",
        "classification": {
          "name": "background_e",
          "color": [
            255,
            182,
            193
          ]
        },
        "isLocked": false
      }
    },
    {
      "type": "Feature",
      "id": "patch_26614_60832",
      "geometry": {
        "type": "Polygon",
        "coordinates": [
          [
            [
              26614,
              60832
            ],
            [
              28515,
              60832
            ],
            [
              28515,
              62733
            ],
            [
              26614,
              62733
            ],
            [
              26614,
              60832
            ]
          ]
        ]
      },
      "properties": {
        "objectType": "annotation",
        "classification": {
          "name": "background_e",
          "color": [
            255,
            182,
            193
          ]
        },
        "isLocked": false
      }
    },
    {
      "type": "Feature",
      "id": "patch_28515_60832",
      "geometry": {
        "type": "Polygon",
        "coordinates": [
          [
            [
              28515,
              60832
            ],
            [
              30416,
              60832
            ],
            [
              30416,
              62733
            ],
            [
              28515,
              62733
            ],
            [
              28515,
              60832
            ]
          ]
        ]
      },
      "properties": {
        "objectType": "annotation",
        "classification": {
          "name": "background_e",
          "color": [
            255,
            182,
            193
          ]
        },
        "isLocked": false
      }
    },
    {
      "type": "Feature",
      "id": "patch_30416_60832",
      "geometry": {
        "type": "Polygon",
        "coordinates": [
          [
            [
              30416,
              60832
            ],
            [
              32317,
              60832
            ],
            [
              32317,
              62733
            ],
            [
              30416,
              62733
            ],
            [
              30416,
              60832
            ]
          ]
        ]
      },
      "properties": {
        "objectType": "annotation",
        "classification": {
          "name": "background_e",
          "color": [
            255,
            182,
            193
          ]
        },
        "isLocked": false
      }
    },
    {
      "type": "Feature",
      "id": "patch_32317_60832",
      "geometry": {
        "type": "Polygon",
        "coordinates": [
          [
            [
              32317,
              60832
            ],
            [
              34218,
              60832
            ],
            [
              34218,
              62733
            ],
            [
              32317,
              62733
            ],
            [
              32317,
              60832
            ]
          ]
        ]
      },
      "properties": {
        "objectType": "annotation",
        "classification": {
          "name": "background_e",
          "color": [
            255,
            182,
            193
          ]
        },
        "isLocked": false
      }
    },
    {
      "type": "Feature",
      "id": "patch_34218_60832",
      "geometry": {
        "type": "Polygon",
        "coordinates": [
          [
            [
              34218,
              60832
            ],
            [
              36119,
              60832
            ],
            [
              36119,
              62733
            ],
            [
              34218,
              62733
            ],
            [
              34218,
              60832
            ]
          ]
        ]
      },
      "properties": {
        "objectType": "annotation",
        "classification": {
          "name": "background_e",
          "color": [
            255,
            182,
            193
          ]
        },
        "isLocked": false
      }
    },
    {
      "type": "Feature",
      "id": "patch_36119_60832",
      "geometry": {
        "type": "Polygon",
        "coordinates": [
          [
            [
              36119,
              60832
            ],
            [
              38020,
              60832
            ],
            [
              38020,
              62733
            ],
            [
              36119,
              62733
            ],
            [
              36119,
              60832
            ]
          ]
        ]
      },
      "properties": {
        "objectType": "annotation",
        "classification": {
          "name": "background_e",
          "color": [
            255,
            182,
            193
          ]
        },
        "isLocked": false
      }
    },
    {
      "type": "Feature",
      "id": "patch_38020_60832",
      "geometry": {
        "type": "Polygon",
        "coordinates": [
          [
            [
              38020,
              60832
            ],
            [
              39921,
              60832
            ],
            [
              39921,
              62733
            ],
            [
              38020,
              62733
            ],
            [
              38020,
              60832
            ]
          ]
        ]
      },
      "properties": {
        "objectType": "annotation",
        "classification": {
          "name": "background_e",
          "color": [
            255,
            182,
            193
          ]
        },
        "isLocked": false
      }
    },
    {
      "type": "Feature",
      "id": "patch_39921_60832",
      "geometry": {
        "type": "Polygon",
        "coordinates": [
          [
            [
              39921,
              60832
            ],
            [
              41822,
              60832
            ],
            [
              41822,
              62733
            ],
            [
              39921,
              62733
            ],
            [
              39921,
              60832
            ]
          ]
        ]
      },
      "properties": {
        "objectType": "annotation",
        "classification": {
          "name": "background_e",
          "color": [
            255,
            182,
            193
          ]
        },
        "isLocked": false
      }
    },
    {
      "type": "Feature",
      "id": "patch_41822_60832",
      "geometry": {
        "type": "Polygon",
        "coordinates": [
          [
            [
              41822,
              60832
            ],
            [
              43723,
              60832
            ],
            [
              43723,
              62733
            ],
            [
              41822,
              62733
            ],
            [
              41822,
              60832
            ]
          ]
        ]
      },
      "properties": {
        "objectType": "annotation",
        "classification": {
          "name": "background_e",
          "color": [
            255,
            182,
            193
          ]
        },
        "isLocked": false
      }
    },
    {
      "type": "Feature",
      "id": "patch_43723_60832",
      "geometry": {
        "type": "Polygon",
        "coordinates": [
          [
            [
              43723,
              60832
            ],
            [
              45624,
              60832
            ],
            [
              45624,
              62733
            ],
            [
              43723,
              62733
            ],
            [
              43723,
              60832
            ]
          ]
        ]
      },
      "properties": {
        "objectType": "annotation",
        "classification": {
          "name": "background_e",
          "color": [
            255,
            182,
            193
          ]
        },
        "isLocked": false
      }
    },
    {
      "type": "Feature",
      "id": "patch_45624_60832",
      "geometry": {
        "type": "Polygon",
        "coordinates": [
          [
            [
              45624,
              60832
            ],
            [
              47525,
              60832
            ],
            [
              47525,
              62733
            ],
            [
              45624,
              62733
            ],
            [
              45624,
              60832
            ]
          ]
        ]
      },
      "properties": {
        "objectType": "annotation",
        "classification": {
          "name": "background_e",
          "color": [
            255,
            182,
            193
          ]
        },
        "isLocked": false
      }
    },
    {
      "type": "Feature",
      "id": "patch_47525_60832",
      "geometry": {
        "type": "Polygon",
        "coordinates": [
          [
            [
              47525,
              60832
            ],
            [
              49426,
              60832
            ],
            [
              49426,
              62733
            ],
            [
              47525,
              62733
            ],
            [
              47525,
              60832
            ]
          ]
        ]
      },
      "properties": {
        "objectType": "annotation",
        "classification": {
          "name": "background_e",
          "color": [
            255,
            182,
            193
          ]
        },
        "isLocked": false
      }
    },
    {
      "type": "Feature",
      "id": "patch_49426_60832",
      "geometry": {
        "type": "Polygon",
        "coordinates": [
          [
            [
              49426,
              60832
            ],
            [
              51327,
              60832
            ],
            [
              51327,
              62733
            ],
            [
              49426,
              62733
            ],
            [
              49426,
              60832
            ]
          ]
        ]
      },
      "properties": {
        "objectType": "annotation",
        "classification": {
          "name": "background_e",
          "color": [
            255,
            182,
            193
          ]
        },
        "isLocked": false
      }
    },
    {
      "type": "Feature",
      "id": "patch_53228_60832",
      "geometry": {
        "type": "Polygon",
        "coordinates": [
          [
            [
              53228,
              60832
            ],
            [
              55129,
              60832
            ],
            [
              55129,
              62733
            ],
            [
              53228,
              62733
            ],
            [
              53228,
              60832
            ]
          ]
        ]
      },
      "properties": {
        "objectType": "annotation",
        "classification": {
          "name": "background_e",
          "color": [
            255,
            182,
            193
          ]
        },
        "isLocked": false
      }
    },
    {
      "type": "Feature",
      "id": "patch_24713_62733",
      "geometry": {
        "type": "Polygon",
        "coordinates": [
          [
            [
              24713,
              62733
            ],
            [
              26614,
              62733
            ],
            [
              26614,
              64634
            ],
            [
              24713,
              64634
            ],
            [
              24713,
              62733
            ]
          ]
        ]
      },
      "properties": {
        "objectType": "annotation",
        "classification": {
          "name": "white",
          "color": [
            200,
            200,
            200
          ]
        },
        "isLocked": false
      }
    },
    {
      "type": "Feature",
      "id": "patch_26614_62733",
      "geometry": {
        "type": "Polygon",
        "coordinates": [
          [
            [
              26614,
              62733
            ],
            [
              28515,
              62733
            ],
            [
              28515,
              64634
            ],
            [
              26614,
              64634
            ],
            [
              26614,
              62733
            ]
          ]
        ]
      },
      "properties": {
        "objectType": "annotation",
        "classification": {
          "name": "background_e",
          "color": [
            255,
            182,
            193
          ]
        },
        "isLocked": false
      }
    },
    {
      "type": "Feature",
      "id": "patch_28515_62733",
      "geometry": {
        "type": "Polygon",
        "coordinates": [
          [
            [
              28515,
              62733
            ],
            [
              30416,
              62733
            ],
            [
              30416,
              64634
            ],
            [
              28515,
              64634
            ],
            [
              28515,
              62733
            ]
          ]
        ]
      },
      "properties": {
        "objectType": "annotation",
        "classification": {
          "name": "background_e",
          "color": [
            255,
            182,
            193
          ]
        },
        "isLocked": false
      }
    },
    {
      "type": "Feature",
      "id": "patch_30416_62733",
      "geometry": {
        "type": "Polygon",
        "coordinates": [
          [
            [
              30416,
              62733
            ],
            [
              32317,
              62733
            ],
            [
              32317,
              64634
            ],
            [
              30416,
              64634
            ],
            [
              30416,
              62733
            ]
          ]
        ]
      },
      "properties": {
        "objectType": "annotation",
        "classification": {
          "name": "background_e",
          "color": [
            255,
            182,
            193
          ]
        },
        "isLocked": false
      }
    },
    {
      "type": "Feature",
      "id": "patch_32317_62733",
      "geometry": {
        "type": "Polygon",
        "coordinates": [
          [
            [
              32317,
              62733
            ],
            [
              34218,
              62733
            ],
            [
              34218,
              64634
            ],
            [
              32317,
              64634
            ],
            [
              32317,
              62733
            ]
          ]
        ]
      },
      "properties": {
        "objectType": "annotation",
        "classification": {
          "name": "background_e",
          "color": [
            255,
            182,
            193
          ]
        },
        "isLocked": false
      }
    },
    {
      "type": "Feature",
      "id": "patch_34218_62733",
      "geometry": {
        "type": "Polygon",
        "coordinates": [
          [
            [
              34218,
              62733
            ],
            [
              36119,
              62733
            ],
            [
              36119,
              64634
            ],
            [
              34218,
              64634
            ],
            [
              34218,
              62733
            ]
          ]
        ]
      },
      "properties": {
        "objectType": "annotation",
        "classification": {
          "name": "background_e",
          "color": [
            255,
            182,
            193
          ]
        },
        "isLocked": false
      }
    },
    {
      "type": "Feature",
      "id": "patch_36119_62733",
      "geometry": {
        "type": "Polygon",
        "coordinates": [
          [
            [
              36119,
              62733
            ],
            [
              38020,
              62733
            ],
            [
              38020,
              64634
            ],
            [
              36119,
              64634
            ],
            [
              36119,
              62733
            ]
          ]
        ]
      },
      "properties": {
        "objectType": "annotation",
        "classification": {
          "name": "background_e",
          "color": [
            255,
            182,
            193
          ]
        },
        "isLocked": false
      }
    },
    {
      "type": "Feature",
      "id": "patch_38020_62733",
      "geometry": {
        "type": "Polygon",
        "coordinates": [
          [
            [
              38020,
              62733
            ],
            [
              39921,
              62733
            ],
            [
              39921,
              64634
            ],
            [
              38020,
              64634
            ],
            [
              38020,
              62733
            ]
          ]
        ]
      },
      "properties": {
        "objectType": "annotation",
        "classification": {
          "name": "background_e",
          "color": [
            255,
            182,
            193
          ]
        },
        "isLocked": false
      }
    },
    {
      "type": "Feature",
      "id": "patch_39921_62733",
      "geometry": {
        "type": "Polygon",
        "coordinates": [
          [
            [
              39921,
              62733
            ],
            [
              41822,
              62733
            ],
            [
              41822,
              64634
            ],
            [
              39921,
              64634
            ],
            [
              39921,
              62733
            ]
          ]
        ]
      },
      "properties": {
        "objectType": "annotation",
        "classification": {
          "name": "background_e",
          "color": [
            255,
            182,
            193
          ]
        },
        "isLocked": false
      }
    },
    {
      "type": "Feature",
      "id": "patch_41822_62733",
      "geometry": {
        "type": "Polygon",
        "coordinates": [
          [
            [
              41822,
              62733
            ],
            [
              43723,
              62733
            ],
            [
              43723,
              64634
            ],
            [
              41822,
              64634
            ],
            [
              41822,
              62733
            ]
          ]
        ]
      },
      "properties": {
        "objectType": "annotation",
        "classification": {
          "name": "background_e",
          "color": [
            255,
            182,
            193
          ]
        },
        "isLocked": false
      }
    },
    {
      "type": "Feature",
      "id": "patch_43723_62733",
      "geometry": {
        "type": "Polygon",
        "coordinates": [
          [
            [
              43723,
              62733
            ],
            [
              45624,
              62733
            ],
            [
              45624,
              64634
            ],
            [
              43723,
              64634
            ],
            [
              43723,
              62733
            ]
          ]
        ]
      },
      "properties": {
        "objectType": "annotation",
        "classification": {
          "name": "background_e",
          "color": [
            255,
            182,
            193
          ]
        },
        "isLocked": false
      }
    },
    {
      "type": "Feature",
      "id": "patch_45624_62733",
      "geometry": {
        "type": "Polygon",
        "coordinates": [
          [
            [
              45624,
              62733
            ],
            [
              47525,
              62733
            ],
            [
              47525,
              64634
            ],
            [
              45624,
              64634
            ],
            [
              45624,
              62733
            ]
          ]
        ]
      },
      "properties": {
        "objectType": "annotation",
        "classification": {
          "name": "background_e",
          "color": [
            255,
            182,
            193
          ]
        },
        "isLocked": false
      }
    },
    {
      "type": "Feature",
      "id": "patch_47525_62733",
      "geometry": {
        "type": "Polygon",
        "coordinates": [
          [
            [
              47525,
              62733
            ],
            [
              49426,
              62733
            ],
            [
              49426,
              64634
            ],
            [
              47525,
              64634
            ],
            [
              47525,
              62733
            ]
          ]
        ]
      },
      "properties": {
        "objectType": "annotation",
        "classification": {
          "name": "background_e",
          "color": [
            255,
            182,
            193
          ]
        },
        "isLocked": false
      }
    },
    {
      "type": "Feature",
      "id": "patch_51327_62733",
      "geometry": {
        "type": "Polygon",
        "coordinates": [
          [
            [
              51327,
              62733
            ],
            [
              53228,
              62733
            ],
            [
              53228,
              64634
            ],
            [
              51327,
              64634
            ],
            [
              51327,
              62733
            ]
          ]
        ]
      },
      "properties": {
        "objectType": "annotation",
        "classification": {
          "name": "background_e",
          "color": [
            255,
            182,
            193
          ]
        },
        "isLocked": false
      }
    },
    {
      "type": "Feature",
      "id": "patch_26614_64634",
      "geometry": {
        "type": "Polygon",
        "coordinates": [
          [
            [
              26614,
              64634
            ],
            [
              28515,
              64634
            ],
            [
              28515,
              66535
            ],
            [
              26614,
              66535
            ],
            [
              26614,
              64634
            ]
          ]
        ]
      },
      "properties": {
        "objectType": "annotation",
        "classification": {
          "name": "white",
          "color": [
            200,
            200,
            200
          ]
        },
        "isLocked": false
      }
    },
    {
      "type": "Feature",
      "id": "patch_28515_64634",
      "geometry": {
        "type": "Polygon",
        "coordinates": [
          [
            [
              28515,
              64634
            ],
            [
              30416,
              64634
            ],
            [
              30416,
              66535
            ],
            [
              28515,
              66535
            ],
            [
              28515,
              64634
            ]
          ]
        ]
      },
      "properties": {
        "objectType": "annotation",
        "classification": {
          "name": "background_e",
          "color": [
            255,
            182,
            193
          ]
        },
        "isLocked": false
      }
    },
    {
      "type": "Feature",
      "id": "patch_30416_64634",
      "geometry": {
        "type": "Polygon",
        "coordinates": [
          [
            [
              30416,
              64634
            ],
            [
              32317,
              64634
            ],
            [
              32317,
              66535
            ],
            [
              30416,
              66535
            ],
            [
              30416,
              64634
            ]
          ]
        ]
      },
      "properties": {
        "objectType": "annotation",
        "classification": {
          "name": "white",
          "color": [
            200,
            200,
            200
          ]
        },
        "isLocked": false
      }
    },
    {
      "type": "Feature",
      "id": "patch_34218_64634",
      "geometry": {
        "type": "Polygon",
        "coordinates": [
          [
            [
              34218,
              64634
            ],
            [
              36119,
              64634
            ],
            [
              36119,
              66535
            ],
            [
              34218,
              66535
            ],
            [
              34218,
              64634
            ]
          ]
        ]
      },
      "properties": {
        "objectType": "annotation",
        "classification": {
          "name": "vessel_e",
          "color": [
            255,
            0,
            0
          ]
        },
        "isLocked": false
      }
    },
    {
      "type": "Feature",
      "id": "patch_36119_64634",
      "geometry": {
        "type": "Polygon",
        "coordinates": [
          [
            [
              36119,
              64634
            ],
            [
              38020,
              64634
            ],
            [
              38020,
              66535
            ],
            [
              36119,
              66535
            ],
            [
              36119,
              64634
            ]
          ]
        ]
      },
      "properties": {
        "objectType": "annotation",
        "classification": {
          "name": "background_e",
          "color": [
            255,
            182,
            193
          ]
        },
        "isLocked": false
      }
    },
    {
      "type": "Feature",
      "id": "patch_38020_64634",
      "geometry": {
        "type": "Polygon",
        "coordinates": [
          [
            [
              38020,
              64634
            ],
            [
              39921,
              64634
            ],
            [
              39921,
              66535
            ],
            [
              38020,
              66535
            ],
            [
              38020,
              64634
            ]
          ]
        ]
      },
      "properties": {
        "objectType": "annotation",
        "classification": {
          "name": "vessel_e",
          "color": [
            255,
            0,
            0
          ]
        },
        "isLocked": false
      }
    },
    {
      "type": "Feature",
      "id": "patch_39921_64634",
      "geometry": {
        "type": "Polygon",
        "coordinates": [
          [
            [
              39921,
              64634
            ],
            [
              41822,
              64634
            ],
            [
              41822,
              66535
            ],
            [
              39921,
              66535
            ],
            [
              39921,
              64634
            ]
          ]
        ]
      },
      "properties": {
        "objectType": "annotation",
        "classification": {
          "name": "background_e",
          "color": [
            255,
            182,
            193
          ]
        },
        "isLocked": false
      }
    },
    {
      "type": "Feature",
      "id": "patch_41822_64634",
      "geometry": {
        "type": "Polygon",
        "coordinates": [
          [
            [
              41822,
              64634
            ],
            [
              43723,
              64634
            ],
            [
              43723,
              66535
            ],
            [
              41822,
              66535
            ],
            [
              41822,
              64634
            ]
          ]
        ]
      },
      "properties": {
        "objectType": "annotation",
        "classification": {
          "name": "background_e",
          "color": [
            255,
            182,
            193
          ]
        },
        "isLocked": false
      }
    },
    {
      "type": "Feature",
      "id": "patch_43723_64634",
      "geometry": {
        "type": "Polygon",
        "coordinates": [
          [
            [
              43723,
              64634
            ],
            [
              45624,
              64634
            ],
            [
              45624,
              66535
            ],
            [
              43723,
              66535
            ],
            [
              43723,
              64634
            ]
          ]
        ]
      },
      "properties": {
        "objectType": "annotation",
        "classification": {
          "name": "background_e",
          "color": [
            255,
            182,
            193
          ]
        },
        "isLocked": false
      }
    },
    {
      "type": "Feature",
      "id": "patch_45624_64634",
      "geometry": {
        "type": "Polygon",
        "coordinates": [
          [
            [
              45624,
              64634
            ],
            [
              47525,
              64634
            ],
            [
              47525,
              66535
            ],
            [
              45624,
              66535
            ],
            [
              45624,
              64634
            ]
          ]
        ]
      },
      "properties": {
        "objectType": "annotation",
        "classification": {
          "name": "background_e",
          "color": [
            255,
            182,
            193
          ]
        },
        "isLocked": false
      }
    },
    {
      "type": "Feature",
      "id": "patch_47525_64634",
      "geometry": {
        "type": "Polygon",
        "coordinates": [
          [
            [
              47525,
              64634
            ],
            [
              49426,
              64634
            ],
            [
              49426,
              66535
            ],
            [
              47525,
              66535
            ],
            [
              47525,
              64634
            ]
          ]
        ]
      },
      "properties": {
        "objectType": "annotation",
        "classification": {
          "name": "background_e",
          "color": [
            255,
            182,
            193
          ]
        },
        "isLocked": false
      }
    },
    {
      "type": "Feature",
      "id": "patch_49426_64634",
      "geometry": {
        "type": "Polygon",
        "coordinates": [
          [
            [
              49426,
              64634
            ],
            [
              51327,
              64634
            ],
            [
              51327,
              66535
            ],
            [
              49426,
              66535
            ],
            [
              49426,
              64634
            ]
          ]
        ]
      },
      "properties": {
        "objectType": "annotation",
        "classification": {
          "name": "white",
          "color": [
            200,
            200,
            200
          ]
        },
        "isLocked": false
      }
    },
    {
      "type": "Feature",
      "id": "patch_51327_64634",
      "geometry": {
        "type": "Polygon",
        "coordinates": [
          [
            [
              51327,
              64634
            ],
            [
              53228,
              64634
            ],
            [
              53228,
              66535
            ],
            [
              51327,
              66535
            ],
            [
              51327,
              64634
            ]
          ]
        ]
      },
      "properties": {
        "objectType": "annotation",
        "classification": {
          "name": "white",
          "color": [
            200,
            200,
            200
          ]
        },
        "isLocked": false
      }
    },
    {
      "type": "Feature",
      "id": "patch_32317_66535",
      "geometry": {
        "type": "Polygon",
        "coordinates": [
          [
            [
              32317,
              66535
            ],
            [
              34218,
              66535
            ],
            [
              34218,
              68436
            ],
            [
              32317,
              68436
            ],
            [
              32317,
              66535
            ]
          ]
        ]
      },
      "properties": {
        "objectType": "annotation",
        "classification": {
          "name": "white",
          "color": [
            200,
            200,
            200
          ]
        },
        "isLocked": false
      }
    },
    {
      "type": "Feature",
      "id": "patch_34218_66535",
      "geometry": {
        "type": "Polygon",
        "coordinates": [
          [
            [
              34218,
              66535
            ],
            [
              36119,
              66535
            ],
            [
              36119,
              68436
            ],
            [
              34218,
              68436
            ],
            [
              34218,
              66535
            ]
          ]
        ]
      },
      "properties": {
        "objectType": "annotation",
        "classification": {
          "name": "background_e",
          "color": [
            255,
            182,
            193
          ]
        },
        "isLocked": false
      }
    },
    {
      "type": "Feature",
      "id": "patch_36119_66535",
      "geometry": {
        "type": "Polygon",
        "coordinates": [
          [
            [
              36119,
              66535
            ],
            [
              38020,
              66535
            ],
            [
              38020,
              68436
            ],
            [
              36119,
              68436
            ],
            [
              36119,
              66535
            ]
          ]
        ]
      },
      "properties": {
        "objectType": "annotation",
        "classification": {
          "name": "white",
          "color": [
            200,
            200,
            200
          ]
        },
        "isLocked": false
      }
    },
    {
      "type": "Feature",
      "id": "patch_38020_66535",
      "geometry": {
        "type": "Polygon",
        "coordinates": [
          [
            [
              38020,
              66535
            ],
            [
              39921,
              66535
            ],
            [
              39921,
              68436
            ],
            [
              38020,
              68436
            ],
            [
              38020,
              66535
            ]
          ]
        ]
      },
      "properties": {
        "objectType": "annotation",
        "classification": {
          "name": "background_e",
          "color": [
            255,
            182,
            193
          ]
        },
        "isLocked": false
      }
    },
    {
      "type": "Feature",
      "id": "patch_39921_66535",
      "geometry": {
        "type": "Polygon",
        "coordinates": [
          [
            [
              39921,
              66535
            ],
            [
              41822,
              66535
            ],
            [
              41822,
              68436
            ],
            [
              39921,
              68436
            ],
            [
              39921,
              66535
            ]
          ]
        ]
      },
      "properties": {
        "objectType": "annotation",
        "classification": {
          "name": "background_e",
          "color": [
            255,
            182,
            193
          ]
        },
        "isLocked": false
      }
    },
    {
      "type": "Feature",
      "id": "patch_41822_66535",
      "geometry": {
        "type": "Polygon",
        "coordinates": [
          [
            [
              41822,
              66535
            ],
            [
              43723,
              66535
            ],
            [
              43723,
              68436
            ],
            [
              41822,
              68436
            ],
            [
              41822,
              66535
            ]
          ]
        ]
      },
      "properties": {
        "objectType": "annotation",
        "classification": {
          "name": "background_e",
          "color": [
            255,
            182,
            193
          ]
        },
        "isLocked": false
      }
    },
    {
      "type": "Feature",
      "id": "patch_43723_66535",
      "geometry": {
        "type": "Polygon",
        "coordinates": [
          [
            [
              43723,
              66535
            ],
            [
              45624,
              66535
            ],
            [
              45624,
              68436
            ],
            [
              43723,
              68436
            ],
            [
              43723,
              66535
            ]
          ]
        ]
      },
      "properties": {
        "objectType": "annotation",
        "classification": {
          "name": "background_e",
          "color": [
            255,
            182,
            193
          ]
        },
        "isLocked": false
      }
    },
    {
      "type": "Feature",
      "id": "patch_45624_66535",
      "geometry": {
        "type": "Polygon",
        "coordinates": [
          [
            [
              45624,
              66535
            ],
            [
              47525,
              66535
            ],
            [
              47525,
              68436
            ],
            [
              45624,
              68436
            ],
            [
              45624,
              66535
            ]
          ]
        ]
      },
      "properties": {
        "objectType": "annotation",
        "classification": {
          "name": "background_e",
          "color": [
            255,
            182,
            193
          ]
        },
        "isLocked": false
      }
    },
    {
      "type": "Feature",
      "id": "patch_47525_66535",
      "geometry": {
        "type": "Polygon",
        "coordinates": [
          [
            [
              47525,
              66535
            ],
            [
              49426,
              66535
            ],
            [
              49426,
              68436
            ],
            [
              47525,
              68436
            ],
            [
              47525,
              66535
            ]
          ]
        ]
      },
      "properties": {
        "objectType": "annotation",
        "classification": {
          "name": "white",
          "color": [
            200,
            200,
            200
          ]
        },
        "isLocked": false
      }
    },
    {
      "type": "Feature",
      "id": "patch_49426_66535",
      "geometry": {
        "type": "Polygon",
        "coordinates": [
          [
            [
              49426,
              66535
            ],
            [
              51327,
              66535
            ],
            [
              51327,
              68436
            ],
            [
              49426,
              68436
            ],
            [
              49426,
              66535
            ]
          ]
        ]
      },
      "properties": {
        "objectType": "annotation",
        "classification": {
          "name": "vessel_e",
          "color": [
            255,
            0,
            0
          ]
        },
        "isLocked": false
      }
    },
    {
      "type": "Feature",
      "id": "patch_34218_68436",
      "geometry": {
        "type": "Polygon",
        "coordinates": [
          [
            [
              34218,
              68436
            ],
            [
              36119,
              68436
            ],
            [
              36119,
              70337
            ],
            [
              34218,
              70337
            ],
            [
              34218,
              68436
            ]
          ]
        ]
      },
      "properties": {
        "objectType": "annotation",
        "classification": {
          "name": "background_e",
          "color": [
            255,
            182,
            193
          ]
        },
        "isLocked": false
      }
    },
    {
      "type": "Feature",
      "id": "patch_36119_68436",
      "geometry": {
        "type": "Polygon",
        "coordinates": [
          [
            [
              36119,
              68436
            ],
            [
              38020,
              68436
            ],
            [
              38020,
              70337
            ],
            [
              36119,
              70337
            ],
            [
              36119,
              68436
            ]
          ]
        ]
      },
      "properties": {
        "objectType": "annotation",
        "classification": {
          "name": "background_e",
          "color": [
            255,
            182,
            193
          ]
        },
        "isLocked": false
      }
    },
    {
      "type": "Feature",
      "id": "patch_41822_68436",
      "geometry": {
        "type": "Polygon",
        "coordinates": [
          [
            [
              41822,
              68436
            ],
            [
              43723,
              68436
            ],
            [
              43723,
              70337
            ],
            [
              41822,
              70337
            ],
            [
              41822,
              68436
            ]
          ]
        ]
      },
      "properties": {
        "objectType": "annotation",
        "classification": {
          "name": "white",
          "color": [
            200,
            200,
            200
          ]
        },
        "isLocked": false
      }
    },
    {
      "type": "Feature",
      "id": "patch_43723_68436",
      "geometry": {
        "type": "Polygon",
        "coordinates": [
          [
            [
              43723,
              68436
            ],
            [
              45624,
              68436
            ],
            [
              45624,
              70337
            ],
            [
              43723,
              70337
            ],
            [
              43723,
              68436
            ]
          ]
        ]
      },
      "properties": {
        "objectType": "annotation",
        "classification": {
          "name": "vessel_e",
          "color": [
            255,
            0,
            0
          ]
        },
        "isLocked": false
      }
    },
    {
      "type": "Feature",
      "id": "patch_45624_68436",
      "geometry": {
        "type": "Polygon",
        "coordinates": [
          [
            [
              45624,
              68436
            ],
            [
              47525,
              68436
            ],
            [
              47525,
              70337
            ],
            [
              45624,
              70337
            ],
            [
              45624,
              68436
            ]
          ]
        ]
      },
      "properties": {
        "objectType": "annotation",
        "classification": {
          "name": "white",
          "color": [
            200,
            200,
            200
          ]
        },
        "isLocked": false
      }
    },
    {
      "type": "Feature",
      "id": "patch_47525_68436",
      "geometry": {
        "type": "Polygon",
        "coordinates": [
          [
            [
              47525,
              68436
            ],
            [
              49426,
              68436
            ],
            [
              49426,
              70337
            ],
            [
              47525,
              70337
            ],
            [
              47525,
              68436
            ]
          ]
        ]
      },
      "properties": {
        "objectType": "annotation",
        "classification": {
          "name": "white",
          "color": [
            200,
            200,
            200
          ]
        },
        "isLocked": false
      }
    },
    {
      "type": "Feature",
      "id": "patch_20911_70337",
      "geometry": {
        "type": "Polygon",
        "coordinates": [
          [
            [
              20911,
              70337
            ],
            [
              22812,
              70337
            ],
            [
              22812,
              72238
            ],
            [
              20911,
              72238
            ],
            [
              20911,
              70337
            ]
          ]
        ]
      },
      "properties": {
        "objectType": "annotation",
        "classification": {
          "name": "background_e",
          "color": [
            255,
            182,
            193
          ]
        },
        "isLocked": false
      }
    },
    {
      "type": "Feature",
      "id": "patch_22812_70337",
      "geometry": {
        "type": "Polygon",
        "coordinates": [
          [
            [
              22812,
              70337
            ],
            [
              24713,
              70337
            ],
            [
              24713,
              72238
            ],
            [
              22812,
              72238
            ],
            [
              22812,
              70337
            ]
          ]
        ]
      },
      "properties": {
        "objectType": "annotation",
        "classification": {
          "name": "white",
          "color": [
            200,
            200,
            200
          ]
        },
        "isLocked": false
      }
    },
    {
      "type": "Feature",
      "id": "patch_30416_70337",
      "geometry": {
        "type": "Polygon",
        "coordinates": [
          [
            [
              30416,
              70337
            ],
            [
              32317,
              70337
            ],
            [
              32317,
              72238
            ],
            [
              30416,
              72238
            ],
            [
              30416,
              70337
            ]
          ]
        ]
      },
      "properties": {
        "objectType": "annotation",
        "classification": {
          "name": "white",
          "color": [
            200,
            200,
            200
          ]
        },
        "isLocked": false
      }
    },
    {
      "type": "Feature",
      "id": "patch_32317_70337",
      "geometry": {
        "type": "Polygon",
        "coordinates": [
          [
            [
              32317,
              70337
            ],
            [
              34218,
              70337
            ],
            [
              34218,
              72238
            ],
            [
              32317,
              72238
            ],
            [
              32317,
              70337
            ]
          ]
        ]
      },
      "properties": {
        "objectType": "annotation",
        "classification": {
          "name": "white",
          "color": [
            200,
            200,
            200
          ]
        },
        "isLocked": false
      }
    },
    {
      "type": "Feature",
      "id": "patch_34218_70337",
      "geometry": {
        "type": "Polygon",
        "coordinates": [
          [
            [
              34218,
              70337
            ],
            [
              36119,
              70337
            ],
            [
              36119,
              72238
            ],
            [
              34218,
              72238
            ],
            [
              34218,
              70337
            ]
          ]
        ]
      },
      "properties": {
        "objectType": "annotation",
        "classification": {
          "name": "white",
          "color": [
            200,
            200,
            200
          ]
        },
        "isLocked": false
      }
    },
    {
      "type": "Feature",
      "id": "patch_36119_70337",
      "geometry": {
        "type": "Polygon",
        "coordinates": [
          [
            [
              36119,
              70337
            ],
            [
              38020,
              70337
            ],
            [
              38020,
              72238
            ],
            [
              36119,
              72238
            ],
            [
              36119,
              70337
            ]
          ]
        ]
      },
      "properties": {
        "objectType": "annotation",
        "classification": {
          "name": "background_e",
          "color": [
            255,
            182,
            193
          ]
        },
        "isLocked": false
      }
    },
    {
      "type": "Feature",
      "id": "patch_38020_70337",
      "geometry": {
        "type": "Polygon",
        "coordinates": [
          [
            [
              38020,
              70337
            ],
            [
              39921,
              70337
            ],
            [
              39921,
              72238
            ],
            [
              38020,
              72238
            ],
            [
              38020,
              70337
            ]
          ]
        ]
      },
      "properties": {
        "objectType": "annotation",
        "classification": {
          "name": "white",
          "color": [
            200,
            200,
            200
          ]
        },
        "isLocked": false
      }
    },
    {
      "type": "Feature",
      "id": "patch_39921_70337",
      "geometry": {
        "type": "Polygon",
        "coordinates": [
          [
            [
              39921,
              70337
            ],
            [
              41822,
              70337
            ],
            [
              41822,
              72238
            ],
            [
              39921,
              72238
            ],
            [
              39921,
              70337
            ]
          ]
        ]
      },
      "properties": {
        "objectType": "annotation",
        "classification": {
          "name": "white",
          "color": [
            200,
            200,
            200
          ]
        },
        "isLocked": false
      }
    },
    {
      "type": "Feature",
      "id": "patch_41822_70337",
      "geometry": {
        "type": "Polygon",
        "coordinates": [
          [
            [
              41822,
              70337
            ],
            [
              43723,
              70337
            ],
            [
              43723,
              72238
            ],
            [
              41822,
              72238
            ],
            [
              41822,
              70337
            ]
          ]
        ]
      },
      "properties": {
        "objectType": "annotation",
        "classification": {
          "name": "background_e",
          "color": [
            255,
            182,
            193
          ]
        },
        "isLocked": false
      }
    },
    {
      "type": "Feature",
      "id": "patch_43723_70337",
      "geometry": {
        "type": "Polygon",
        "coordinates": [
          [
            [
              43723,
              70337
            ],
            [
              45624,
              70337
            ],
            [
              45624,
              72238
            ],
            [
              43723,
              72238
            ],
            [
              43723,
              70337
            ]
          ]
        ]
      },
      "properties": {
        "objectType": "annotation",
        "classification": {
          "name": "background_e",
          "color": [
            255,
            182,
            193
          ]
        },
        "isLocked": false
      }
    },
    {
      "type": "Feature",
      "id": "patch_24713_72238",
      "geometry": {
        "type": "Polygon",
        "coordinates": [
          [
            [
              24713,
              72238
            ],
            [
              26614,
              72238
            ],
            [
              26614,
              74139
            ],
            [
              24713,
              74139
            ],
            [
              24713,
              72238
            ]
          ]
        ]
      },
      "properties": {
        "objectType": "annotation",
        "classification": {
          "name": "white",
          "color": [
            200,
            200,
            200
          ]
        },
        "isLocked": false
      }
    },
    {
      "type": "Feature",
      "id": "patch_26614_72238",
      "geometry": {
        "type": "Polygon",
        "coordinates": [
          [
            [
              26614,
              72238
            ],
            [
              28515,
              72238
            ],
            [
              28515,
              74139
            ],
            [
              26614,
              74139
            ],
            [
              26614,
              72238
            ]
          ]
        ]
      },
      "properties": {
        "objectType": "annotation",
        "classification": {
          "name": "white",
          "color": [
            200,
            200,
            200
          ]
        },
        "isLocked": false
      }
    },
    {
      "type": "Feature",
      "id": "patch_28515_72238",
      "geometry": {
        "type": "Polygon",
        "coordinates": [
          [
            [
              28515,
              72238
            ],
            [
              30416,
              72238
            ],
            [
              30416,
              74139
            ],
            [
              28515,
              74139
            ],
            [
              28515,
              72238
            ]
          ]
        ]
      },
      "properties": {
        "objectType": "annotation",
        "classification": {
          "name": "white",
          "color": [
            200,
            200,
            200
          ]
        },
        "isLocked": false
      }
    },
    {
      "type": "Feature",
      "id": "patch_30416_72238",
      "geometry": {
        "type": "Polygon",
        "coordinates": [
          [
            [
              30416,
              72238
            ],
            [
              32317,
              72238
            ],
            [
              32317,
              74139
            ],
            [
              30416,
              74139
            ],
            [
              30416,
              72238
            ]
          ]
        ]
      },
      "properties": {
        "objectType": "annotation",
        "classification": {
          "name": "background_e",
          "color": [
            255,
            182,
            193
          ]
        },
        "isLocked": false
      }
    },
    {
      "type": "Feature",
      "id": "patch_32317_72238",
      "geometry": {
        "type": "Polygon",
        "coordinates": [
          [
            [
              32317,
              72238
            ],
            [
              34218,
              72238
            ],
            [
              34218,
              74139
            ],
            [
              32317,
              74139
            ],
            [
              32317,
              72238
            ]
          ]
        ]
      },
      "properties": {
        "objectType": "annotation",
        "classification": {
          "name": "white",
          "color": [
            200,
            200,
            200
          ]
        },
        "isLocked": false
      }
    },
    {
      "type": "Feature",
      "id": "patch_34218_72238",
      "geometry": {
        "type": "Polygon",
        "coordinates": [
          [
            [
              34218,
              72238
            ],
            [
              36119,
              72238
            ],
            [
              36119,
              74139
            ],
            [
              34218,
              74139
            ],
            [
              34218,
              72238
            ]
          ]
        ]
      },
      "properties": {
        "objectType": "annotation",
        "classification": {
          "name": "white",
          "color": [
            200,
            200,
            200
          ]
        },
        "isLocked": false
      }
    },
    {
      "type": "Feature",
      "id": "patch_36119_72238",
      "geometry": {
        "type": "Polygon",
        "coordinates": [
          [
            [
              36119,
              72238
            ],
            [
              38020,
              72238
            ],
            [
              38020,
              74139
            ],
            [
              36119,
              74139
            ],
            [
              36119,
              72238
            ]
          ]
        ]
      },
      "properties": {
        "objectType": "annotation",
        "classification": {
          "name": "background_e",
          "color": [
            255,
            182,
            193
          ]
        },
        "isLocked": false
      }
    },
    {
      "type": "Feature",
      "id": "patch_38020_72238",
      "geometry": {
        "type": "Polygon",
        "coordinates": [
          [
            [
              38020,
              72238
            ],
            [
              39921,
              72238
            ],
            [
              39921,
              74139
            ],
            [
              38020,
              74139
            ],
            [
              38020,
              72238
            ]
          ]
        ]
      },
      "properties": {
        "objectType": "annotation",
        "classification": {
          "name": "background_e",
          "color": [
            255,
            182,
            193
          ]
        },
        "isLocked": false
      }
    },
    {
      "type": "Feature",
      "id": "patch_39921_72238",
      "geometry": {
        "type": "Polygon",
        "coordinates": [
          [
            [
              39921,
              72238
            ],
            [
              41822,
              72238
            ],
            [
              41822,
              74139
            ],
            [
              39921,
              74139
            ],
            [
              39921,
              72238
            ]
          ]
        ]
      },
      "properties": {
        "objectType": "annotation",
        "classification": {
          "name": "vessel_e",
          "color": [
            255,
            0,
            0
          ]
        },
        "isLocked": false
      }
    },
    {
      "type": "Feature",
      "id": "patch_41822_72238",
      "geometry": {
        "type": "Polygon",
        "coordinates": [
          [
            [
              41822,
              72238
            ],
            [
              43723,
              72238
            ],
            [
              43723,
              74139
            ],
            [
              41822,
              74139
            ],
            [
              41822,
              72238
            ]
          ]
        ]
      },
      "properties": {
        "objectType": "annotation",
        "classification": {
          "name": "background_e",
          "color": [
            255,
            182,
            193
          ]
        },
        "isLocked": false
      }
    },
    {
      "type": "Feature",
      "id": "patch_24713_74139",
      "geometry": {
        "type": "Polygon",
        "coordinates": [
          [
            [
              24713,
              74139
            ],
            [
              26614,
              74139
            ],
            [
              26614,
              76040
            ],
            [
              24713,
              76040
            ],
            [
              24713,
              74139
            ]
          ]
        ]
      },
      "properties": {
        "objectType": "annotation",
        "classification": {
          "name": "background_e",
          "color": [
            255,
            182,
            193
          ]
        },
        "isLocked": false
      }
    },
    {
      "type": "Feature",
      "id": "patch_26614_74139",
      "geometry": {
        "type": "Polygon",
        "coordinates": [
          [
            [
              26614,
              74139
            ],
            [
              28515,
              74139
            ],
            [
              28515,
              76040
            ],
            [
              26614,
              76040
            ],
            [
              26614,
              74139
            ]
          ]
        ]
      },
      "properties": {
        "objectType": "annotation",
        "classification": {
          "name": "white",
          "color": [
            200,
            200,
            200
          ]
        },
        "isLocked": false
      }
    },
    {
      "type": "Feature",
      "id": "patch_28515_74139",
      "geometry": {
        "type": "Polygon",
        "coordinates": [
          [
            [
              28515,
              74139
            ],
            [
              30416,
              74139
            ],
            [
              30416,
              76040
            ],
            [
              28515,
              76040
            ],
            [
              28515,
              74139
            ]
          ]
        ]
      },
      "properties": {
        "objectType": "annotation",
        "classification": {
          "name": "white",
          "color": [
            200,
            200,
            200
          ]
        },
        "isLocked": false
      }
    },
    {
      "type": "Feature",
      "id": "patch_30416_74139",
      "geometry": {
        "type": "Polygon",
        "coordinates": [
          [
            [
              30416,
              74139
            ],
            [
              32317,
              74139
            ],
            [
              32317,
              76040
            ],
            [
              30416,
              76040
            ],
            [
              30416,
              74139
            ]
          ]
        ]
      },
      "properties": {
        "objectType": "annotation",
        "classification": {
          "name": "background_e",
          "color": [
            255,
            182,
            193
          ]
        },
        "isLocked": false
      }
    },
    {
      "type": "Feature",
      "id": "patch_32317_74139",
      "geometry": {
        "type": "Polygon",
        "coordinates": [
          [
            [
              32317,
              74139
            ],
            [
              34218,
              74139
            ],
            [
              34218,
              76040
            ],
            [
              32317,
              76040
            ],
            [
              32317,
              74139
            ]
          ]
        ]
      },
      "properties": {
        "objectType": "annotation",
        "classification": {
          "name": "background_e",
          "color": [
            255,
            182,
            193
          ]
        },
        "isLocked": false
      }
    },
    {
      "type": "Feature",
      "id": "patch_34218_74139",
      "geometry": {
        "type": "Polygon",
        "coordinates": [
          [
            [
              34218,
              74139
            ],
            [
              36119,
              74139
            ],
            [
              36119,
              76040
            ],
            [
              34218,
              76040
            ],
            [
              34218,
              74139
            ]
          ]
        ]
      },
      "properties": {
        "objectType": "annotation",
        "classification": {
          "name": "white",
          "color": [
            200,
            200,
            200
          ]
        },
        "isLocked": false
      }
    },
    {
      "type": "Feature",
      "id": "patch_26614_76040",
      "geometry": {
        "type": "Polygon",
        "coordinates": [
          [
            [
              26614,
              76040
            ],
            [
              28515,
              76040
            ],
            [
              28515,
              77941
            ],
            [
              26614,
              77941
            ],
            [
              26614,
              76040
            ]
          ]
        ]
      },
      "properties": {
        "objectType": "annotation",
        "classification": {
          "name": "white",
          "color": [
            200,
            200,
            200
          ]
        },
        "isLocked": false
      }
    },
    {
      "type": "Feature",
      "id": "patch_28515_76040",
      "geometry": {
        "type": "Polygon",
        "coordinates": [
          [
            [
              28515,
              76040
            ],
            [
              30416,
              76040
            ],
            [
              30416,
              77941
            ],
            [
              28515,
              77941
            ],
            [
              28515,
              76040
            ]
          ]
        ]
      },
      "properties": {
        "objectType": "annotation",
        "classification": {
          "name": "white",
          "color": [
            200,
            200,
            200
          ]
        },
        "isLocked": false
      }
    }
  ]
}